{
    "lowlevel.mfcc.mean.0": [
        -1154.6816672300681
    ],
    "lowlevel.mfcc.mean.1": [
        52.21104788168883
    ],
    "lowlevel.mfcc.mean.2": [
        -4.650031505486904
    ],
    "lowlevel.mfcc.mean.3": [
        -5.806359511155349
    ],
    "lowlevel.mfcc.mean.4": [
        4.899557847243089
    ],
    "lowlevel.mfcc.mean.5": [
        2.8029913290953026
    ],
    "lowlevel.mfcc.mean.6": [
        -6.359764123574282
    ],
    "lowlevel.mfcc.mean.7": [
        -4.7659239157652245
    ],
    "lowlevel.mfcc.mean.8": [
        -3.382509647271572
    ],
    "lowlevel.mfcc.mean.9": [
        -3.450349367581881
    ],
    "lowlevel.mfcc.mean.10": [
        -7.444229443868001
    ],
    "lowlevel.mfcc.mean.11": [
        -4.955330237364158
    ],
    "lowlevel.mfcc.mean.12": [
        -0.55048035352658
    ],
    "sfx.logattacktime.mean": [
        -2.709940195083618
    ],
    "lowlevel.inharmonicity.mean": [
        0.14242665696805581
    ],
    "lowlevel.zerocrossingrate.mean": [
        0.3127191005608974
    ],
    "lowlevel.spectralcentroid": [
        841.7905883789062
    ]
}