{
    "lowlevel.hfc.mean": [
        1.072487711906433
    ],
    "lowlevel.mfcc.mean": [
        [
            -1093.6566162109375,
            57.578224182128906,
            -62.561153411865234,
            -31.25218963623047,
            -10.633668899536133,
            -17.04151725769043,
            -20.27787971496582,
            0.027464279904961586,
            8.420989990234375,
            -7.44597864151001,
            -15.918293952941895,
            -1.2511982917785645,
            10.010908126831055
        ]
    ],
    "lowlevel.zerocrossingrate.mean": [
        0.2437676340341568
    ],
    "lowlevel.spectral_energyband_low.mean": [
        2.871842141871639e-08
    ],
    "lowlevel.spectral_energyband_middle_low.mean": [
        0.0008994234376586974
    ],
    "lowlevel.spectral_energyband_middle_high.mean": [
        0.00047228208859451115
    ],
    "lowlevel.spectral_energyband_high.mean": [
        2.548078725794767e-07
    ],
    "lowlevel.pitch_salience_mean": [
        0.6789829730987549
    ],
    "lowlevel.inharmonicity.mean": [
        0.07725176215171814
    ],
    "sfx.logattacktime.mean": [
        -1.2872662544250488
    ],
    "lowlevel.lpc": [
        [
            1.0,
            -2.9671974182128906,
            3.6790952682495117,
            -3.023550271987915,
            1.9175999164581299,
            -0.5081528425216675,
            -0.06834593415260315,
            -0.17080092430114746,
            0.36601752042770386,
            -0.40919041633605957,
            0.19117796421051025
        ]
    ],
    "lowlevel.spectralcentroid": [
        1060.8570556640625
    ]
}