{
    "lowlevel.hfc.mean": [
        3.3834923669928685e-05
    ],
    "lowlevel.mfcc.mean": [
        [
            -1263.1048583984375,
            0.24228180944919586,
            -0.1496771275997162,
            0.08285315334796906,
            -0.059849511831998825,
            0.03617168590426445,
            -0.00591997429728508,
            0.0384884774684906,
            -0.001445661298930645,
            0.025669388473033905,
            0.0050864811055362225,
            0.0103145781904459,
            -0.0010022118221968412
        ]
    ],
    "lowlevel.zerocrossingrate.mean": [
        0.47820404171943665
    ],
    "lowlevel.spectral_energyband_low.mean": [
        8.277572377535236e-11
    ],
    "lowlevel.spectral_energyband_middle_low.mean": [
        3.434736384200221e-10
    ],
    "lowlevel.spectral_energyband_middle_high.mean": [
        1.6133911984184124e-09
    ],
    "lowlevel.spectral_energyband_high.mean": [
        3.3089504469785425e-09
    ],
    "lowlevel.pitch_salience_mean": [
        0.800491988658905
    ],
    "lowlevel.inharmonicity.mean": [
        0.15195053815841675
    ],
    "sfx.logattacktime.mean": [
        -5.0
    ],
    "lowlevel.lpc": [
        [
            1.0,
            -0.8550801277160645,
            0.6700316071510315,
            -0.5441576242446899,
            0.44556334614753723,
            -0.3624879717826843,
            0.2857111096382141,
            -0.20746497809886932,
            0.13506369292736053,
            -0.07581614702939987,
            0.02884049154818058
        ]
    ],
    "lowlevel.spectralcentroid": [
        4366.8759765625
    ]
}