{
    "lowlevel.hfc.mean": [
        32.41535186767578
    ],
    "lowlevel.mfcc.mean": [
        [
            -1176.3548583984375,
            5.672148704528809,
            0.004242687951773405,
            5.0665411949157715,
            -0.4252309501171112,
            -0.7345567941665649,
            -3.536879777908325,
            -3.6305367946624756,
            -3.1276726722717285,
            -2.154071569442749,
            -2.4042952060699463,
            -2.386517286300659,
            -0.1718326061964035
        ]
    ],
    "lowlevel.zerocrossingrate.mean": [
        0.4227771461009979
    ],
    "lowlevel.spectral_energyband_low.mean": [
        9.077163849724457e-05
    ],
    "lowlevel.spectral_energyband_middle_low.mean": [
        0.02984894998371601
    ],
    "lowlevel.spectral_energyband_middle_high.mean": [
        0.003250919748097658
    ],
    "lowlevel.spectral_energyband_high.mean": [
        0.0024428090546280146
    ],
    "lowlevel.pitch_salience_mean": [
        0.7840193510055542
    ],
    "lowlevel.inharmonicity.mean": [
        0.17125840485095978
    ],
    "sfx.logattacktime.mean": [
        -3.1820406913757324
    ],
    "lowlevel.lpc": [
        [
            1.0,
            -2.288566827774048,
            2.8265326023101807,
            -2.8037843704223633,
            2.5539467334747314,
            -2.376438856124878,
            2.1082119941711426,
            -1.7085027694702148,
            1.1089317798614502,
            -0.5618582963943481,
            0.15829241275787354
        ]
    ],
    "lowlevel.spectralcentroid": [
        1846.7537841796875
    ]
}