{
    "lowlevel.hfc.mean": [
        3.3975565433502197
    ],
    "lowlevel.mfcc.mean": [
        [
            -1104.290771484375,
            55.69426345825195,
            -48.071956634521484,
            4.960710525512695,
            -0.06319934129714966,
            2.620051622390747,
            -2.2820308208465576,
            -8.128921508789062,
            -11.970986366271973,
            -1.79692804813385,
            -1.3260465860366821,
            -2.871256113052368,
            5.295165061950684
        ]
    ],
    "lowlevel.zerocrossingrate.mean": [
        0.3208106756210327
    ],
    "lowlevel.spectral_energyband_low.mean": [
        1.4160775208438281e-05
    ],
    "lowlevel.spectral_energyband_middle_low.mean": [
        0.001066077733412385
    ],
    "lowlevel.spectral_energyband_middle_high.mean": [
        0.001759483595378697
    ],
    "lowlevel.spectral_energyband_high.mean": [
        8.699463251105044e-06
    ],
    "lowlevel.pitch_salience_mean": [
        0.6677625775337219
    ],
    "lowlevel.inharmonicity.mean": [
        0.1264900267124176
    ],
    "sfx.logattacktime.mean": [
        -1.1130874156951904
    ],
    "lowlevel.lpc": [
        [
            1.0,
            -3.3230161666870117,
            3.8741350173950195,
            -1.1676552295684814,
            -0.9336943626403809,
            0.21910062432289124,
            0.6360319256782532,
            -0.053249940276145935,
            -0.5628695487976074,
            0.4143645763397217,
            -0.09840953350067139
        ]
    ],
    "lowlevel.spectralcentroid": [
        1427.2713623046875
    ]
}