{
    "lowlevel.hfc.mean": [
        7.630639515809889e-07
    ],
    "lowlevel.mfcc.mean": [
        [
            -1264.660888671875,
            0.23001714050769806,
            0.009054582566022873,
            -0.02603570930659771,
            0.05805910751223564,
            0.04012545943260193,
            -0.06448522955179214,
            -0.0715123638510704,
            0.03052637353539467,
            0.07709556818008423,
            0.011063898913562298,
            -0.05152684822678566,
            -0.0301760733127594
        ]
    ],
    "lowlevel.zerocrossingrate.mean": [
        0.49618905782699585
    ],
    "lowlevel.spectral_energyband_low.mean": [
        4.4410433663877313e-11
    ],
    "lowlevel.spectral_energyband_middle_low.mean": [
        1.6342623088139163e-10
    ],
    "lowlevel.spectral_energyband_middle_high.mean": [
        3.6977873540955386e-10
    ],
    "lowlevel.spectral_energyband_high.mean": [
        4.982353939142481e-12
    ],
    "lowlevel.pitch_salience_mean": [
        0.7919290065765381
    ],
    "lowlevel.inharmonicity.mean": [
        0.16646797955036163
    ],
    "sfx.logattacktime.mean": [
        -5.0
    ],
    "lowlevel.lpc": [
        [
            1.0,
            -1.3569073677062988,
            0.1334332674741745,
            0.13865016400814056,
            0.10834945738315582,
            -0.04222123697400093,
            0.10974664241075516,
            0.020013730973005295,
            0.00321132130920887,
            0.0041683390736579895,
            -0.07336265593767166
        ]
    ],
    "lowlevel.spectralcentroid": [
        1628.8543701171875
    ]
}