{
    "lowlevel.hfc.mean": [
        26.624202728271484
    ],
    "lowlevel.mfcc.mean": [
        [
            -888.923583984375,
            103.24795532226562,
            -150.3319854736328,
            -37.972442626953125,
            -30.686920166015625,
            -23.949758529663086,
            -31.524770736694336,
            -26.495676040649414,
            -29.05842399597168,
            -21.929365158081055,
            -2.9418158531188965,
            -2.833031177520752,
            1.0322149991989136
        ]
    ],
    "lowlevel.zerocrossingrate.mean": [
        0.14491412043571472
    ],
    "lowlevel.spectral_energyband_low.mean": [
        1.343442335155487e-07
    ],
    "lowlevel.spectral_energyband_middle_low.mean": [
        0.0082002654671669
    ],
    "lowlevel.spectral_energyband_middle_high.mean": [
        0.015621545724570751
    ],
    "lowlevel.spectral_energyband_high.mean": [
        5.2743416745215654e-06
    ],
    "lowlevel.pitch_salience_mean": [
        0.8411267399787903
    ],
    "lowlevel.inharmonicity.mean": [
        0.04107771813869476
    ],
    "sfx.logattacktime.mean": [
        -2.2195565700531006
    ],
    "lowlevel.lpc": [
        [
            1.0,
            -3.9687347412109375,
            6.693741321563721,
            -6.7256340980529785,
            5.291412353515625,
            -3.844373941421509,
            2.1895623207092285,
            -0.6921032667160034,
            -0.026496052742004395,
            0.12606236338615417,
            -0.04145260155200958
        ]
    ],
    "lowlevel.spectralcentroid": [
        1248.67138671875
    ]
}