{
    "lowlevel.hfc.mean": [
        4.223801397529314e-08
    ],
    "lowlevel.mfcc.mean": [
        [
            -1264.91796875,
            3.0517578125e-05,
            -6.866455078125e-05,
            3.0517578125e-05,
            -8.0108642578125e-05,
            6.866455078125e-05,
            -3.0517578125e-05,
            -6.866455078125e-05,
            -4.9591064453125e-05,
            -1.9073486328125e-05,
            -2.288818359375e-05,
            -1.9073486328125e-05,
            -4.1961669921875e-05
        ]
    ],
    "lowlevel.zerocrossingrate.mean": [
        0.49588215351104736
    ],
    "lowlevel.spectral_energyband_low.mean": [
        7.561737152238235e-13
    ],
    "lowlevel.spectral_energyband_middle_low.mean": [
        1.1280865564594622e-12
    ],
    "lowlevel.spectral_energyband_middle_high.mean": [
        9.378161441864208e-12
    ],
    "lowlevel.spectral_energyband_high.mean": [
        4.065953736892558e-12
    ],
    "lowlevel.pitch_salience_mean": [
        0.7922936081886292
    ],
    "lowlevel.inharmonicity.mean": [
        0.1721346229314804
    ],
    "sfx.logattacktime.mean": [
        -3.246448040008545
    ],
    "lowlevel.lpc": [
        [
            0.0,
            0.0,
            0.0,
            0.0,
            0.0,
            0.0,
            0.0,
            0.0,
            0.0,
            0.0,
            0.0
        ]
    ],
    "lowlevel.spectralcentroid": [
        3008.227783203125
    ]
}