{
    "lowlevel.hfc.mean": [
        2.2151284217834473
    ],
    "lowlevel.mfcc.mean": [
        [
            -1016.2881469726562,
            72.56905364990234,
            -38.053409576416016,
            3.203906774520874,
            -10.234237670898438,
            -25.42472267150879,
            -22.108341217041016,
            -4.276772499084473,
            -0.24230442941188812,
            7.558867931365967,
            6.091856479644775,
            -10.006906509399414,
            -10.714152336120605
        ]
    ],
    "lowlevel.zerocrossingrate.mean": [
        0.24177417159080505
    ],
    "lowlevel.spectral_energyband_low.mean": [
        1.7990277001445065e-06
    ],
    "lowlevel.spectral_energyband_middle_low.mean": [
        0.002690285211429
    ],
    "lowlevel.spectral_energyband_middle_high.mean": [
        0.000523058813996613
    ],
    "lowlevel.spectral_energyband_high.mean": [
        3.73841567125055e-06
    ],
    "lowlevel.pitch_salience_mean": [
        0.7271757125854492
    ],
    "lowlevel.inharmonicity.mean": [
        0.07982559502124786
    ],
    "sfx.logattacktime.mean": [
        -0.7133368253707886
    ],
    "lowlevel.lpc": [
        [
            1.0,
            -3.2704241275787354,
            4.736992835998535,
            -4.492410659790039,
            3.5535242557525635,
            -2.6006195545196533,
            2.0262246131896973,
            -1.8463306427001953,
            1.5553343296051025,
            -0.9307902455329895,
            0.27397722005844116
        ]
    ],
    "lowlevel.spectralcentroid": [
        954.5103149414062
    ]
}