{
    "lowlevel.hfc.mean": [
        1.4596982111925172e-07
    ],
    "lowlevel.mfcc.mean": [
        [
            -1264.6776123046875,
            0.3101138472557068,
            0.26416584849357605,
            0.20016564428806305,
            0.1318042278289795,
            0.07235121726989746,
            0.02926621586084366,
            0.004570681601762772,
            -0.005336832255125046,
            -0.006817502900958061,
            -0.005977648310363293,
            -0.00643411697819829,
            -0.008832000195980072
        ]
    ],
    "lowlevel.zerocrossingrate.mean": [
        0.4924168884754181
    ],
    "lowlevel.spectral_energyband_low.mean": [
        1.6720416717852515e-10
    ],
    "lowlevel.spectral_energyband_middle_low.mean": [
        1.7317826339624531e-10
    ],
    "lowlevel.spectral_energyband_middle_high.mean": [
        2.1397071614526197e-11
    ],
    "lowlevel.spectral_energyband_high.mean": [
        5.1750609006417925e-12
    ],
    "lowlevel.pitch_salience_mean": [
        0.7925805449485779
    ],
    "lowlevel.inharmonicity.mean": [
        0.16010408103466034
    ],
    "sfx.logattacktime.mean": [
        -5.0
    ],
    "lowlevel.lpc": [
        [
            1.0,
            -0.9762093424797058,
            0.05562175437808037,
            -0.14312632381916046,
            0.08645108342170715,
            -0.04324651509523392,
            0.02305002510547638,
            0.0006002266891300678,
            0.013952787034213543,
            -0.011476612649857998,
            0.009333222173154354
        ]
    ],
    "lowlevel.spectralcentroid": [
        1168.05078125
    ]
}