{
    "lowlevel.hfc.mean": [
        0.9802083969116211
    ],
    "lowlevel.mfcc.mean": [
        [
            -1075.8543701171875,
            148.94667053222656,
            -21.197694778442383,
            -47.55721664428711,
            -4.048848628997803,
            14.878469467163086,
            6.79638147354126,
            -19.38694190979004,
            -37.764949798583984,
            -35.725154876708984,
            -32.17190170288086,
            -23.27592658996582,
            0.17595422267913818
        ]
    ],
    "lowlevel.zerocrossingrate.mean": [
        0.09015720337629318
    ],
    "lowlevel.spectral_energyband_low.mean": [
        1.166544393527147e-06
    ],
    "lowlevel.spectral_energyband_middle_low.mean": [
        0.0013425203505903482
    ],
    "lowlevel.spectral_energyband_middle_high.mean": [
        0.0005789517308585346
    ],
    "lowlevel.spectral_energyband_high.mean": [
        1.4433957140624898e-08
    ],
    "lowlevel.pitch_salience_mean": [
        0.5205989480018616
    ],
    "lowlevel.inharmonicity.mean": [
        0.028689494356513023
    ],
    "sfx.logattacktime.mean": [
        -0.043835900723934174
    ],
    "lowlevel.lpc": [
        [
            1.0,
            -2.2220234870910645,
            1.1272152662277222,
            0.11460599303245544,
            0.09274132549762726,
            0.11904463171958923,
            -0.1856815367937088,
            -0.04590095207095146,
            0.028862126171588898,
            -0.12262402474880219,
            0.09444654732942581
        ]
    ],
    "lowlevel.spectralcentroid": [
        592.1505126953125
    ]
}