{
    "lowlevel.hfc.mean": [
        0.06597109884023666
    ],
    "lowlevel.mfcc.mean": [
        [
            -1243.239990234375,
            12.93872356414795,
            -0.631019651889801,
            -2.3551828861236572,
            -0.73642897605896,
            0.6660193204879761,
            0.4339389503002167,
            -0.8614028692245483,
            -2.132957935333252,
            -2.480257511138916,
            -2.4709279537200928,
            -1.5139280557632446,
            0.09603598713874817
        ]
    ],
    "lowlevel.zerocrossingrate.mean": [
        0.45707935094833374
    ],
    "lowlevel.spectral_energyband_low.mean": [
        3.8751869624320534e-07
    ],
    "lowlevel.spectral_energyband_middle_low.mean": [
        7.370860112132505e-05
    ],
    "lowlevel.spectral_energyband_middle_high.mean": [
        4.351553070591763e-05
    ],
    "lowlevel.spectral_energyband_high.mean": [
        5.763516242041078e-08
    ],
    "lowlevel.pitch_salience_mean": [
        0.7792189121246338
    ],
    "lowlevel.inharmonicity.mean": [
        0.16281364858150482
    ],
    "sfx.logattacktime.mean": [
        -2.9912161827087402
    ],
    "lowlevel.lpc": [
        [
            1.0,
            -1.3979498147964478,
            0.1042415201663971,
            0.08983331173658371,
            0.07860065996646881,
            0.06795511394739151,
            0.058868590742349625,
            0.04935600981116295,
            0.04106218367815018,
            0.0361374169588089,
            -0.12037920206785202
        ]
    ],
    "lowlevel.spectralcentroid": [
        673.1004638671875
    ]
}