{
    "lowlevel.hfc.mean": [
        48.36433792114258
    ],
    "lowlevel.mfcc.mean": [
        [
            -1049.96044921875,
            57.083065032958984,
            -56.30300521850586,
            -1.849177360534668,
            -12.767571449279785,
            -2.865407705307007,
            -0.3694950044155121,
            -6.5788469314575195,
            -4.327794075012207,
            -0.20152951776981354,
            -8.145071029663086,
            -13.605780601501465,
            -12.125434875488281
        ]
    ],
    "lowlevel.zerocrossingrate.mean": [
        0.32016095519065857
    ],
    "lowlevel.spectral_energyband_low.mean": [
        2.609438297440647e-06
    ],
    "lowlevel.spectral_energyband_middle_low.mean": [
        0.006869089789688587
    ],
    "lowlevel.spectral_energyband_middle_high.mean": [
        0.014288146048784256
    ],
    "lowlevel.spectral_energyband_high.mean": [
        0.0027078555431216955
    ],
    "lowlevel.pitch_salience_mean": [
        0.7800731658935547
    ],
    "lowlevel.inharmonicity.mean": [
        0.1253477931022644
    ],
    "sfx.logattacktime.mean": [
        -2.2535035610198975
    ],
    "lowlevel.lpc": [
        [
            1.0,
            -3.9350569248199463,
            7.88942813873291,
            -10.680740356445312,
            10.780204772949219,
            -8.444925308227539,
            5.217119216918945,
            -2.5365636348724365,
            0.9523922204971313,
            -0.2714160680770874,
            0.054229605942964554
        ]
    ],
    "lowlevel.spectralcentroid": [
        2512.328125
    ]
}