{
    "lowlevel.hfc.mean": [
        2.663120994839119e-07
    ],
    "lowlevel.mfcc.mean": [
        [
            -1264.9100341796875,
            3.0517578125e-05,
            -6.866455078125e-05,
            3.0517578125e-05,
            -8.0108642578125e-05,
            6.866455078125e-05,
            -3.0517578125e-05,
            -6.866455078125e-05,
            -4.9591064453125e-05,
            -1.9073486328125e-05,
            -2.288818359375e-05,
            -1.9073486328125e-05,
            -4.1961669921875e-05
        ]
    ],
    "lowlevel.zerocrossingrate.mean": [
        0.4854525923728943
    ],
    "lowlevel.spectral_energyband_low.mean": [
        6.346396390181919e-14
    ],
    "lowlevel.spectral_energyband_middle_low.mean": [
        2.3854179807651643e-13
    ],
    "lowlevel.spectral_energyband_middle_high.mean": [
        4.15270601109366e-13
    ],
    "lowlevel.spectral_energyband_high.mean": [
        1.4476663791340716e-11
    ],
    "lowlevel.pitch_salience_mean": [
        0.7969833016395569
    ],
    "lowlevel.inharmonicity.mean": [
        0.20300784707069397
    ],
    "sfx.logattacktime.mean": [
        -2.7931792736053467
    ],
    "lowlevel.lpc": [
        [
            0.0,
            0.0,
            0.0,
            0.0,
            0.0,
            0.0,
            0.0,
            0.0,
            0.0,
            0.0,
            0.0
        ]
    ],
    "lowlevel.spectralcentroid": [
        12608.09765625
    ]
}