{
    "lowlevel.mfcc.mean.0": [
        -1132.1993232574898
    ],
    "lowlevel.mfcc.mean.1": [
        42.38993174669749
    ],
    "lowlevel.mfcc.mean.2": [
        -18.94288489621589
    ],
    "lowlevel.mfcc.mean.3": [
        4.055788708548261
    ],
    "lowlevel.mfcc.mean.4": [
        -3.961252859175375
    ],
    "lowlevel.mfcc.mean.5": [
        4.38100673534252
    ],
    "lowlevel.mfcc.mean.6": [
        -3.6768854309690644
    ],
    "lowlevel.mfcc.mean.7": [
        1.797135073235232
    ],
    "lowlevel.mfcc.mean.8": [
        -4.774869375419073
    ],
    "lowlevel.mfcc.mean.9": [
        -3.4392288947037484
    ],
    "lowlevel.mfcc.mean.10": [
        -8.411845796807878
    ],
    "lowlevel.mfcc.mean.11": [
        -10.882272693166705
    ],
    "lowlevel.mfcc.mean.12": [
        -6.393305993148065
    ],
    "sfx.logattacktime.mean": [
        -1.9024995565414429
    ],
    "lowlevel.inharmonicity.mean": [
        0.13416858469540693
    ],
    "lowlevel.zerocrossingrate.mean": [
        0.3668425035612536
    ],
    "lowlevel.spectralcentroid": [
        778.604248046875
    ]
}