{
    "lowlevel.hfc.mean": [
        0.6040436029434204
    ],
    "lowlevel.mfcc.mean": [
        [
            -1060.2550048828125,
            64.455322265625,
            -41.42743682861328,
            12.941938400268555,
            12.185977935791016,
            26.099620819091797,
            25.199491500854492,
            12.639735221862793,
            -6.059051513671875,
            -0.5662542581558228,
            4.3095574378967285,
            1.6628551483154297,
            -3.21419620513916
        ]
    ],
    "lowlevel.zerocrossingrate.mean": [
        0.12760569155216217
    ],
    "lowlevel.spectral_energyband_low.mean": [
        2.6871848604059778e-05
    ],
    "lowlevel.spectral_energyband_middle_low.mean": [
        1.0906612715189112e-06
    ],
    "lowlevel.spectral_energyband_middle_high.mean": [
        0.00019944632367696613
    ],
    "lowlevel.spectral_energyband_high.mean": [
        3.555048169801012e-05
    ],
    "lowlevel.pitch_salience_mean": [
        0.4668003022670746
    ],
    "lowlevel.inharmonicity.mean": [
        0.08226782083511353
    ],
    "sfx.logattacktime.mean": [
        -1.1239550113677979
    ],
    "lowlevel.lpc": [
        [
            1.0,
            -3.117004871368408,
            4.755492210388184,
            -4.683840751647949,
            3.1736388206481934,
            -1.340916633605957,
            0.1525159627199173,
            0.18291711807250977,
            -0.04912501573562622,
            -0.08750864118337631,
            0.056904565542936325
        ]
    ],
    "lowlevel.spectralcentroid": [
        2664.07958984375
    ]
}