{
    "lowlevel.hfc.mean": [
        5.5057489589671604e-06
    ],
    "lowlevel.mfcc.mean": [
        [
            -1264.243896484375,
            0.6189156174659729,
            0.2232174128293991,
            0.14543575048446655,
            0.08498840779066086,
            0.014498393051326275,
            -0.037142328917980194,
            -0.05391869693994522,
            -0.04540561884641647,
            -0.021581269800662994,
            0.015911012887954712,
            0.04045596346259117,
            0.04761497303843498
        ]
    ],
    "lowlevel.zerocrossingrate.mean": [
        0.49516457319259644
    ],
    "lowlevel.spectral_energyband_low.mean": [
        3.978518403613407e-09
    ],
    "lowlevel.spectral_energyband_middle_low.mean": [
        6.6885892380241785e-09
    ],
    "lowlevel.spectral_energyband_middle_high.mean": [
        7.32212068754734e-10
    ],
    "lowlevel.spectral_energyband_high.mean": [
        1.8474728691320053e-10
    ],
    "lowlevel.pitch_salience_mean": [
        0.7906332612037659
    ],
    "lowlevel.inharmonicity.mean": [
        0.16566945612430573
    ],
    "sfx.logattacktime.mean": [
        -3.229435682296753
    ],
    "lowlevel.lpc": [
        [
            1.0,
            -1.0269205570220947,
            0.04859918728470802,
            -0.05228102579712868,
            0.06921455264091492,
            -0.06531164050102234,
            0.06264471262693405,
            -0.05224355310201645,
            0.05993014574050903,
            -0.048719678074121475,
            0.02336912415921688
        ]
    ],
    "lowlevel.spectralcentroid": [
        923.4647216796875
    ]
}