{
    "lowlevel.hfc.mean": [
        4.286771774291992
    ],
    "lowlevel.mfcc.mean": [
        [
            -1117.6107177734375,
            1.1781786680221558,
            -73.81687927246094,
            10.937277793884277,
            14.837920188903809,
            48.0571174621582,
            46.998809814453125,
            23.318653106689453,
            -17.99634552001953,
            -40.07652282714844,
            23.610187530517578,
            75.02545166015625,
            30.49354362487793
        ]
    ],
    "lowlevel.zerocrossingrate.mean": [
        0.15208235383033752
    ],
    "lowlevel.spectral_energyband_low.mean": [
        6.471461801993428e-07
    ],
    "lowlevel.spectral_energyband_middle_low.mean": [
        9.347963292327677e-09
    ],
    "lowlevel.spectral_energyband_middle_high.mean": [
        0.002825562609359622
    ],
    "lowlevel.spectral_energyband_high.mean": [
        9.699900829218677e-07
    ],
    "lowlevel.pitch_salience_mean": [
        0.5473660826683044
    ],
    "lowlevel.inharmonicity.mean": [
        0.026047684252262115
    ],
    "sfx.logattacktime.mean": [
        -1.0321844816207886
    ],
    "lowlevel.lpc": [
        [
            1.0,
            -3.0718791484832764,
            3.6866111755371094,
            -2.3504300117492676,
            1.1592721939086914,
            -0.5171597599983215,
            0.13707703351974487,
            -0.2871832847595215,
            0.6628992557525635,
            -0.6423205137252808,
            0.24303565919399261
        ]
    ],
    "lowlevel.spectralcentroid": [
        1595.1710205078125
    ]
}