{
    "lowlevel.hfc.mean": [
        0.9541179537773132
    ],
    "lowlevel.mfcc.mean": [
        [
            -1254.7945556640625,
            1.9352059364318848,
            -2.550910472869873,
            -0.7179929614067078,
            -0.0908098816871643,
            1.682708740234375,
            1.6571753025054932,
            0.22678662836551666,
            -0.8689274787902832,
            -0.8360334038734436,
            0.3611632287502289,
            1.9010159969329834,
            0.737295925617218
        ]
    ],
    "lowlevel.zerocrossingrate.mean": [
        0.48091062903404236
    ],
    "lowlevel.spectral_energyband_low.mean": [
        6.491595172519737e-08
    ],
    "lowlevel.spectral_energyband_middle_low.mean": [
        3.522209226503037e-07
    ],
    "lowlevel.spectral_energyband_middle_high.mean": [
        0.0007396003347821534
    ],
    "lowlevel.spectral_energyband_high.mean": [
        2.2892194806445332e-07
    ],
    "lowlevel.pitch_salience_mean": [
        0.7740874290466309
    ],
    "lowlevel.inharmonicity.mean": [
        0.16219572722911835
    ],
    "sfx.logattacktime.mean": [
        -1.5261739492416382
    ],
    "lowlevel.lpc": [
        [
            1.0,
            -1.6167689561843872,
            0.3744024634361267,
            0.24594329297542572,
            0.12859171628952026,
            0.027491888031363487,
            -0.03558516874909401,
            -0.0646819993853569,
            -0.07179915904998779,
            -0.08505696058273315,
            0.17896880209445953
        ]
    ],
    "lowlevel.spectralcentroid": [
        1300.10009765625
    ]
}