{
    "lowlevel.hfc.mean": [
        0.24299684166908264
    ],
    "lowlevel.mfcc.mean": [
        [
            -1174.3358154296875,
            38.80331802368164,
            -2.2842612266540527,
            -2.4545645713806152,
            0.15374957025051117,
            -0.38117948174476624,
            -3.316429853439331,
            -1.9435288906097412,
            -0.30636972188949585,
            -1.3576561212539673,
            -1.8176238536834717,
            0.6915830373764038,
            1.4260354042053223
        ]
    ],
    "lowlevel.zerocrossingrate.mean": [
        0.37395745515823364
    ],
    "lowlevel.spectral_energyband_low.mean": [
        3.538707096595317e-05
    ],
    "lowlevel.spectral_energyband_middle_low.mean": [
        0.0004087257257197052
    ],
    "lowlevel.spectral_energyband_middle_high.mean": [
        4.06376420869492e-05
    ],
    "lowlevel.spectral_energyband_high.mean": [
        9.731611498864368e-07
    ],
    "lowlevel.pitch_salience_mean": [
        0.7853796482086182
    ],
    "lowlevel.inharmonicity.mean": [
        0.16785691678524017
    ],
    "sfx.logattacktime.mean": [
        -2.097895860671997
    ],
    "lowlevel.lpc": [
        [
            1.0,
            -1.5714269876480103,
            0.607725203037262,
            -0.41297438740730286,
            0.5304006934165955,
            -0.25585639476776123,
            0.3011191785335541,
            -0.36819055676460266,
            0.27487051486968994,
            -0.10502536594867706,
            0.010815843008458614
        ]
    ],
    "lowlevel.spectralcentroid": [
        650.34619140625
    ]
}