{
    "lowlevel.hfc.mean": [
        0.01047663763165474
    ],
    "lowlevel.mfcc.mean": [
        [
            -1239.598876953125,
            8.866909980773926,
            0.4446088373661041,
            0.3898337483406067,
            0.23911289870738983,
            0.8940852284431458,
            0.484904408454895,
            -0.03696328401565552,
            -1.067215919494629,
            -1.3492792844772339,
            -1.0527430772781372,
            0.07458872348070145,
            0.9414281249046326
        ]
    ],
    "lowlevel.zerocrossingrate.mean": [
        0.4591757357120514
    ],
    "lowlevel.spectral_energyband_low.mean": [
        1.35993946059898e-06
    ],
    "lowlevel.spectral_energyband_middle_low.mean": [
        4.823951712751295e-06
    ],
    "lowlevel.spectral_energyband_middle_high.mean": [
        4.12364033763879e-06
    ],
    "lowlevel.spectral_energyband_high.mean": [
        3.649016093731916e-07
    ],
    "lowlevel.pitch_salience_mean": [
        0.8041343688964844
    ],
    "lowlevel.inharmonicity.mean": [
        0.16644078493118286
    ],
    "sfx.logattacktime.mean": [
        -3.690186023712158
    ],
    "lowlevel.lpc": [
        [
            1.0,
            -1.1248029470443726,
            0.2067219316959381,
            -0.20230767130851746,
            0.21843717992305756,
            -0.1753852218389511,
            0.18010911345481873,
            -0.16096371412277222,
            0.1640651822090149,
            -0.09424363076686859,
            0.04652556777000427
        ]
    ],
    "lowlevel.spectralcentroid": [
        832.9132080078125
    ]
}