{
    "lowlevel.hfc.mean": [
        3.407942295074463
    ],
    "lowlevel.mfcc.mean": [
        [
            -1082.9503173828125,
            123.38406372070312,
            10.36629581451416,
            -15.499703407287598,
            -24.105382919311523,
            -18.894182205200195,
            -9.63687515258789,
            -19.456174850463867,
            -3.7124173641204834,
            -1.6416027545928955,
            -6.175380229949951,
            -1.1169052124023438,
            -6.540807247161865
        ]
    ],
    "lowlevel.zerocrossingrate.mean": [
        0.2315243035554886
    ],
    "lowlevel.spectral_energyband_low.mean": [
        0.000177699577761814
    ],
    "lowlevel.spectral_energyband_middle_low.mean": [
        0.006515607703477144
    ],
    "lowlevel.spectral_energyband_middle_high.mean": [
        0.00015669275308027864
    ],
    "lowlevel.spectral_energyband_high.mean": [
        6.228126494534081e-07
    ],
    "lowlevel.pitch_salience_mean": [
        0.7236917018890381
    ],
    "lowlevel.inharmonicity.mean": [
        0.10141006857156754
    ],
    "sfx.logattacktime.mean": [
        -1.5375680923461914
    ],
    "lowlevel.lpc": [
        [
            1.0,
            -1.7297252416610718,
            0.5683295130729675,
            0.08235230296850204,
            -0.041333384811878204,
            0.0578642413020134,
            0.17540182173252106,
            0.038787197321653366,
            -0.12534570693969727,
            -0.09139713644981384,
            0.07100149244070053
        ]
    ],
    "lowlevel.spectralcentroid": [
        537.6817626953125
    ]
}