{
    "lowlevel.hfc.mean": [
        4.156586896897352e-08
    ],
    "lowlevel.mfcc.mean": [
        [
            -1264.9111328125,
            3.0517578125e-05,
            -6.866455078125e-05,
            3.0517578125e-05,
            -8.0108642578125e-05,
            6.866455078125e-05,
            -3.0517578125e-05,
            -6.866455078125e-05,
            -4.9591064453125e-05,
            -1.9073486328125e-05,
            -2.288818359375e-05,
            -1.9073486328125e-05,
            -4.1961669921875e-05
        ]
    ],
    "lowlevel.zerocrossingrate.mean": [
        0.4823392927646637
    ],
    "lowlevel.spectral_energyband_low.mean": [
        4.852417079259652e-12
    ],
    "lowlevel.spectral_energyband_middle_low.mean": [
        2.3558145018087728e-11
    ],
    "lowlevel.spectral_energyband_middle_high.mean": [
        4.275143607179732e-12
    ],
    "lowlevel.spectral_energyband_high.mean": [
        2.2687329445658655e-12
    ],
    "lowlevel.pitch_salience_mean": [
        0.7921638488769531
    ],
    "lowlevel.inharmonicity.mean": [
        0.17368526756763458
    ],
    "sfx.logattacktime.mean": [
        -3.8662140369415283
    ],
    "lowlevel.lpc": [
        [
            0.0,
            0.0,
            0.0,
            0.0,
            0.0,
            0.0,
            0.0,
            0.0,
            0.0,
            0.0,
            0.0
        ]
    ],
    "lowlevel.spectralcentroid": [
        2494.81591796875
    ]
}