{
    "lowlevel.hfc.mean": [
        0.16313497722148895
    ],
    "lowlevel.mfcc.mean": [
        [
            -1071.41845703125,
            121.29518127441406,
            -36.21384811401367,
            -27.944583892822266,
            0.39837703108787537,
            -15.180620193481445,
            -38.28460693359375,
            -29.091035842895508,
            -27.46556282043457,
            -17.674501419067383,
            -1.1137096881866455,
            5.9921183586120605,
            5.33236026763916
        ]
    ],
    "lowlevel.zerocrossingrate.mean": [
        0.13987089693546295
    ],
    "lowlevel.spectral_energyband_low.mean": [
        3.474054111052283e-08
    ],
    "lowlevel.spectral_energyband_middle_low.mean": [
        0.00027230402338318527
    ],
    "lowlevel.spectral_energyband_middle_high.mean": [
        3.543595812516287e-05
    ],
    "lowlevel.spectral_energyband_high.mean": [
        5.210574371972143e-08
    ],
    "lowlevel.pitch_salience_mean": [
        0.5941444635391235
    ],
    "lowlevel.inharmonicity.mean": [
        0.04533132165670395
    ],
    "sfx.logattacktime.mean": [
        0.18185655772686005
    ],
    "lowlevel.lpc": [
        [
            1.0,
            -2.7924485206604004,
            3.1690263748168945,
            -2.22810959815979,
            0.9339934587478638,
            0.23818279802799225,
            -0.3002505898475647,
            -0.3117811381816864,
            0.7011393308639526,
            -0.6210455894470215,
            0.2138565480709076
        ]
    ],
    "lowlevel.spectralcentroid": [
        642.8419189453125
    ]
}