{
    "lowlevel.mfcc.mean.0": [
        -1116.9944345703125
    ],
    "lowlevel.mfcc.mean.1": [
        81.03816467285156
    ],
    "lowlevel.mfcc.mean.2": [
        -18.42670458984375
    ],
    "lowlevel.mfcc.mean.3": [
        -31.999587005615233
    ],
    "lowlevel.mfcc.mean.4": [
        -30.074060607910155
    ],
    "lowlevel.mfcc.mean.5": [
        -20.87784664916992
    ],
    "lowlevel.mfcc.mean.6": [
        -4.075657821655273
    ],
    "lowlevel.mfcc.mean.7": [
        -4.807781158447265
    ],
    "lowlevel.mfcc.mean.8": [
        3.20268115234375
    ],
    "lowlevel.mfcc.mean.9": [
        -4.400384460449219
    ],
    "lowlevel.mfcc.mean.10": [
        -9.427194458007813
    ],
    "lowlevel.mfcc.mean.11": [
        3.960162170410156
    ],
    "lowlevel.mfcc.mean.12": [
        -0.674750747680664
    ],
    "sfx.logattacktime.mean": [
        -1.263323426246643
    ],
    "lowlevel.inharmonicity.mean": [
        0.10023984179273247
    ],
    "lowlevel.zerocrossingrate.mean": [
        0.2669453125
    ],
    "lowlevel.spectralcentroid": [
        736.4868774414062
    ]
}