{
    "lowlevel.hfc.mean": [
        1.5477240085601807
    ],
    "lowlevel.mfcc.mean": [
        [
            -1201.0028076171875,
            18.76165771484375,
            -2.717745780944824,
            -5.1233744621276855,
            -6.195010185241699,
            -3.249319314956665,
            -0.4616025686264038,
            1.2374565601348877,
            1.7054376602172852,
            0.21104075014591217,
            -0.8758714199066162,
            -0.11552676558494568,
            -0.623694121837616
        ]
    ],
    "lowlevel.zerocrossingrate.mean": [
        0.41229838132858276
    ],
    "lowlevel.spectral_energyband_low.mean": [
        2.8338095034996513e-06
    ],
    "lowlevel.spectral_energyband_middle_low.mean": [
        0.0017142563592642546
    ],
    "lowlevel.spectral_energyband_middle_high.mean": [
        0.00038693586247973144
    ],
    "lowlevel.spectral_energyband_high.mean": [
        5.202519787417259e-06
    ],
    "lowlevel.pitch_salience_mean": [
        0.7912799715995789
    ],
    "lowlevel.inharmonicity.mean": [
        0.17617164552211761
    ],
    "sfx.logattacktime.mean": [
        -2.5510172843933105
    ],
    "lowlevel.lpc": [
        [
            1.0,
            -1.2152140140533447,
            0.06611134856939316,
            0.0500192865729332,
            0.028336096554994583,
            0.023305464535951614,
            0.023056436330080032,
            0.011217091232538223,
            -0.004320146981626749,
            -0.002863653004169464,
            0.06104203686118126
        ]
    ],
    "lowlevel.spectralcentroid": [
        852.3477172851562
    ]
}