{
    "lowlevel.hfc.mean": [
        12.655375480651855
    ],
    "lowlevel.mfcc.mean": [
        [
            -1040.34326171875,
            80.65587615966797,
            -32.72380447387695,
            -37.516605377197266,
            -37.114906311035156,
            -26.23905372619629,
            -7.250359058380127,
            -8.00846004486084,
            -1.7589821815490723,
            -8.216880798339844,
            -15.866628646850586,
            4.329075813293457,
            -2.77496337890625
        ]
    ],
    "lowlevel.zerocrossingrate.mean": [
        0.216064453125
    ],
    "lowlevel.spectral_energyband_low.mean": [
        4.3615182221401483e-07
    ],
    "lowlevel.spectral_energyband_middle_low.mean": [
        0.013799263164401054
    ],
    "lowlevel.spectral_energyband_middle_high.mean": [
        0.0037827289197593927
    ],
    "lowlevel.spectral_energyband_high.mean": [
        4.216355137032224e-06
    ],
    "lowlevel.pitch_salience_mean": [
        0.6950304508209229
    ],
    "lowlevel.inharmonicity.mean": [
        0.09070833772420883
    ],
    "sfx.logattacktime.mean": [
        -1.309984803199768
    ],
    "lowlevel.lpc": [
        [
            1.0,
            -2.1289079189300537,
            1.2815914154052734,
            -0.08091405779123306,
            -0.1856740415096283,
            0.13064172863960266,
            0.1045101061463356,
            -0.10370714217424393,
            -0.11025775969028473,
            0.14509637653827667,
            -0.04309113323688507
        ]
    ],
    "lowlevel.spectralcentroid": [
        743.0574340820312
    ]
}