{
    "lowlevel.hfc.mean": [
        3.966432571411133
    ],
    "lowlevel.mfcc.mean": [
        [
            -917.9619140625,
            119.1255111694336,
            -56.29931640625,
            -18.47914695739746,
            -15.730354309082031,
            -13.912229537963867,
            -15.193730354309082,
            4.171970844268799,
            -6.649485111236572,
            -10.171340942382812,
            -15.131591796875,
            -17.65236473083496,
            -2.6418299674987793
        ]
    ],
    "lowlevel.zerocrossingrate.mean": [
        0.16254131495952606
    ],
    "lowlevel.spectral_energyband_low.mean": [
        1.7602420712137246e-06
    ],
    "lowlevel.spectral_energyband_middle_low.mean": [
        0.0030099281575530767
    ],
    "lowlevel.spectral_energyband_middle_high.mean": [
        0.001872702268883586
    ],
    "lowlevel.spectral_energyband_high.mean": [
        3.801043931161985e-06
    ],
    "lowlevel.pitch_salience_mean": [
        0.7248954772949219
    ],
    "lowlevel.inharmonicity.mean": [
        0.06796211749315262
    ],
    "sfx.logattacktime.mean": [
        -0.26101818680763245
    ],
    "lowlevel.lpc": [
        [
            1.0,
            -2.863698959350586,
            3.1620213985443115,
            -1.818216323852539,
            0.6319803595542908,
            -0.01248693373054266,
            -0.10362014174461365,
            -0.0590922087430954,
            0.17097482085227966,
            -0.1707313358783722,
            0.06872707605361938
        ]
    ],
    "lowlevel.spectralcentroid": [
        1003.6189575195312
    ]
}