{
    "lowlevel.hfc.mean": [
        0.029901588335633278
    ],
    "lowlevel.mfcc.mean": [
        [
            -1249.5421142578125,
            3.1607015132904053,
            -1.3780230283737183,
            -0.9021701812744141,
            -0.029881970956921577,
            -0.10276287794113159,
            0.1296864151954651,
            0.24242079257965088,
            -0.3215320110321045,
            -0.17390881478786469,
            0.26780965924263,
            0.34202972054481506,
            0.06989610940217972
        ]
    ],
    "lowlevel.zerocrossingrate.mean": [
        0.4830513596534729
    ],
    "lowlevel.spectral_energyband_low.mean": [
        3.394764007680351e-07
    ],
    "lowlevel.spectral_energyband_middle_low.mean": [
        3.991047378804069e-06
    ],
    "lowlevel.spectral_energyband_middle_high.mean": [
        1.2825258636439685e-05
    ],
    "lowlevel.spectral_energyband_high.mean": [
        8.242898843491275e-07
    ],
    "lowlevel.pitch_salience_mean": [
        0.7958028316497803
    ],
    "lowlevel.inharmonicity.mean": [
        0.144028902053833
    ],
    "sfx.logattacktime.mean": [
        -5.0
    ],
    "lowlevel.lpc": [
        [
            1.0,
            -1.1043871641159058,
            0.18980646133422852,
            -0.08565972745418549,
            -0.12300970405340195,
            0.24233287572860718,
            -0.08444667607545853,
            0.0885135754942894,
            0.08095834404230118,
            -0.1564141809940338,
            0.07980279624462128
        ]
    ],
    "lowlevel.spectralcentroid": [
        2426.337646484375
    ]
}