{
    "lowlevel.hfc.mean": [
        0.09620316326618195
    ],
    "lowlevel.mfcc.mean": [
        [
            -1174.2222900390625,
            69.45769500732422,
            21.12910270690918,
            5.557417869567871,
            11.991271018981934,
            10.010930061340332,
            0.9050676226615906,
            0.1624191701412201,
            -0.20120331645011902,
            -3.195875406265259,
            -6.535145282745361,
            -5.7183709144592285,
            -3.6216464042663574
        ]
    ],
    "lowlevel.zerocrossingrate.mean": [
        0.26390132308006287
    ],
    "lowlevel.spectral_energyband_low.mean": [
        7.635830115759745e-05
    ],
    "lowlevel.spectral_energyband_middle_low.mean": [
        4.397983502713032e-05
    ],
    "lowlevel.spectral_energyband_middle_high.mean": [
        1.8157554222852923e-05
    ],
    "lowlevel.spectral_energyband_high.mean": [
        4.4836233428213745e-06
    ],
    "lowlevel.pitch_salience_mean": [
        0.5476716756820679
    ],
    "lowlevel.inharmonicity.mean": [
        0.09297770261764526
    ],
    "sfx.logattacktime.mean": [
        -0.026170792058110237
    ],
    "lowlevel.lpc": [
        [
            1.0,
            -0.776576817035675,
            0.22514019906520844,
            -0.7689014673233032,
            0.3222082257270813,
            -0.2827405035495758,
            0.2751919627189636,
            -0.11802633106708527,
            0.2761760354042053,
            -0.11599039286375046,
            0.0004872583085671067
        ]
    ],
    "lowlevel.spectralcentroid": [
        2167.14208984375
    ]
}