{
    "lowlevel.hfc.mean": [
        52.1584587097168
    ],
    "lowlevel.mfcc.mean": [
        [
            -985.3307495117188,
            7.1366472244262695,
            -105.40522766113281,
            -3.1210646629333496,
            -27.7198429107666,
            -8.618057250976562,
            -6.902109622955322,
            -4.627782344818115,
            -3.1701669692993164,
            10.965699195861816,
            23.240110397338867,
            18.333311080932617,
            17.315710067749023
        ]
    ],
    "lowlevel.zerocrossingrate.mean": [
        0.2478737235069275
    ],
    "lowlevel.spectral_energyband_low.mean": [
        1.524341399772311e-07
    ],
    "lowlevel.spectral_energyband_middle_low.mean": [
        0.007084074895828962
    ],
    "lowlevel.spectral_energyband_middle_high.mean": [
        0.027482030913233757
    ],
    "lowlevel.spectral_energyband_high.mean": [
        0.00017062952974811196
    ],
    "lowlevel.pitch_salience_mean": [
        0.7991036176681519
    ],
    "lowlevel.inharmonicity.mean": [
        0.07566522806882858
    ],
    "sfx.logattacktime.mean": [
        -0.42893314361572266
    ],
    "lowlevel.lpc": [
        [
            1.0,
            -3.4297688007354736,
            4.557372570037842,
            -2.6291630268096924,
            0.3175618052482605,
            0.22446158528327942,
            -0.06263168156147003,
            0.09162813425064087,
            -0.009677469730377197,
            -0.11155582964420319,
            0.062110625207424164
        ]
    ],
    "lowlevel.spectralcentroid": [
        1678.61962890625
    ]
}