{
    "lowlevel.hfc.mean": [
        1.460286259651184
    ],
    "lowlevel.mfcc.mean": [
        [
            -1097.24169921875,
            128.35140991210938,
            15.31576919555664,
            -12.242977142333984,
            -17.461971282958984,
            -8.950434684753418,
            -6.074953556060791,
            -9.122720718383789,
            -0.27343881130218506,
            2.5662238597869873,
            -1.4960306882858276,
            -1.8193724155426025,
            -1.8114469051361084
        ]
    ],
    "lowlevel.zerocrossingrate.mean": [
        0.24470557272434235
    ],
    "lowlevel.spectral_energyband_low.mean": [
        0.00015309314767364413
    ],
    "lowlevel.spectral_energyband_middle_low.mean": [
        0.0027637991588562727
    ],
    "lowlevel.spectral_energyband_middle_high.mean": [
        5.595609763986431e-05
    ],
    "lowlevel.spectral_energyband_high.mean": [
        2.6442762646183837e-07
    ],
    "lowlevel.pitch_salience_mean": [
        0.7938481569290161
    ],
    "lowlevel.inharmonicity.mean": [
        0.0996844694018364
    ],
    "sfx.logattacktime.mean": [
        -1.2872663736343384
    ],
    "lowlevel.lpc": [
        [
            1.0,
            -1.5617470741271973,
            0.25283730030059814,
            0.16435666382312775,
            0.07964753359556198,
            0.04924609512090683,
            0.0446719191968441,
            0.013951093889772892,
            0.0002446593716740608,
            0.01957797259092331,
            -0.05766800045967102
        ]
    ],
    "lowlevel.spectralcentroid": [
        530.32568359375
    ]
}