{
    "lowlevel.hfc.mean": [
        575.0357055664062
    ],
    "lowlevel.mfcc.mean": [
        [
            -984.07421875,
            33.08179473876953,
            18.939722061157227,
            -0.20382048189640045,
            4.516256809234619,
            2.19466233253479,
            -0.4313599169254303,
            -1.6154632568359375,
            -5.987731456756592,
            -4.953949928283691,
            -3.2132163047790527,
            -4.047907829284668,
            -7.792178153991699
        ]
    ],
    "lowlevel.zerocrossingrate.mean": [
        0.2990424931049347
    ],
    "lowlevel.spectral_energyband_low.mean": [
        0.008131095208227634
    ],
    "lowlevel.spectral_energyband_middle_low.mean": [
        0.3657962381839752
    ],
    "lowlevel.spectral_energyband_middle_high.mean": [
        0.031842634081840515
    ],
    "lowlevel.spectral_energyband_high.mean": [
        0.042309440672397614
    ],
    "lowlevel.pitch_salience_mean": [
        0.7262066602706909
    ],
    "lowlevel.inharmonicity.mean": [
        0.08741090446710587
    ],
    "sfx.logattacktime.mean": [
        -2.9201626777648926
    ],
    "lowlevel.lpc": [
        [
            1.0,
            -1.1236636638641357,
            0.9957939982414246,
            -1.160007357597351,
            0.8115643262863159,
            -1.0530396699905396,
            0.9357328414916992,
            -0.830452561378479,
            0.696909487247467,
            -0.4566514790058136,
            0.2217976450920105
        ]
    ],
    "lowlevel.spectralcentroid": [
        2969.366455078125
    ]
}