{
    "lowlevel.hfc.mean": [
        646.2822265625
    ],
    "lowlevel.mfcc.mean": [
        [
            -897.665771484375,
            36.3790397644043,
            29.530187606811523,
            -2.4477646350860596,
            9.53809928894043,
            4.9646782875061035,
            0.3148212432861328,
            1.759476661682129,
            -5.834115505218506,
            -8.850459098815918,
            -7.18242073059082,
            -5.003903865814209,
            -9.859160423278809
        ]
    ],
    "lowlevel.zerocrossingrate.mean": [
        0.2471417635679245
    ],
    "lowlevel.spectral_energyband_low.mean": [
        0.007344983052462339
    ],
    "lowlevel.spectral_energyband_middle_low.mean": [
        0.5033270120620728
    ],
    "lowlevel.spectral_energyband_middle_high.mean": [
        0.033211708068847656
    ],
    "lowlevel.spectral_energyband_high.mean": [
        0.04685588553547859
    ],
    "lowlevel.pitch_salience_mean": [
        0.6398386359214783
    ],
    "lowlevel.inharmonicity.mean": [
        0.08418526500463486
    ],
    "sfx.logattacktime.mean": [
        -2.9201626777648926
    ],
    "lowlevel.lpc": [
        [
            1.0,
            -1.1532182693481445,
            1.054041862487793,
            -1.216323971748352,
            0.8611888289451599,
            -1.1087315082550049,
            0.9794661402702332,
            -0.8830204606056213,
            0.7404263019561768,
            -0.4821586012840271,
            0.23896174132823944
        ]
    ],
    "lowlevel.spectralcentroid": [
        2696.872314453125
    ]
}