{
    "lowlevel.hfc.mean": [
        173.1414031982422
    ],
    "lowlevel.mfcc.mean": [
        [
            -1062.658447265625,
            7.434061527252197,
            -14.994135856628418,
            8.380645751953125,
            -2.310335159301758,
            -1.4800772666931152,
            -8.881038665771484,
            -2.2836947441101074,
            -8.57917308807373,
            -4.149379730224609,
            -1.648877739906311,
            -0.5183042287826538,
            -3.646695375442505
        ]
    ],
    "lowlevel.zerocrossingrate.mean": [
        0.3893411457538605
    ],
    "lowlevel.spectral_energyband_low.mean": [
        1.4077457308303565e-05
    ],
    "lowlevel.spectral_energyband_middle_low.mean": [
        0.016658365726470947
    ],
    "lowlevel.spectral_energyband_middle_high.mean": [
        0.04231330007314682
    ],
    "lowlevel.spectral_energyband_high.mean": [
        0.010444865562021732
    ],
    "lowlevel.pitch_salience_mean": [
        0.7360771298408508
    ],
    "lowlevel.inharmonicity.mean": [
        0.1482895314693451
    ],
    "sfx.logattacktime.mean": [
        -1.6708489656448364
    ],
    "lowlevel.lpc": [
        [
            1.0,
            -2.975551128387451,
            4.169252395629883,
            -3.527475357055664,
            2.032860517501831,
            -1.105848789215088,
            1.003136396408081,
            -1.0813184976577759,
            0.8832790851593018,
            -0.4384411573410034,
            0.08158347755670547
        ]
    ],
    "lowlevel.spectralcentroid": [
        3013.270751953125
    ]
}