{
    "lowlevel.hfc.mean": [
        5.447354396892479e-06
    ],
    "lowlevel.mfcc.mean": [
        [
            -1263.794189453125,
            1.0784265995025635,
            0.3473738133907318,
            0.026545757427811623,
            -0.12943682074546814,
            -0.12731662392616272,
            0.035983700305223465,
            0.12540344893932343,
            0.007863357663154602,
            -0.12414686381816864,
            -0.01596098765730858,
            0.10820785164833069,
            -0.0028976823668926954
        ]
    ],
    "lowlevel.zerocrossingrate.mean": [
        0.490008145570755
    ],
    "lowlevel.spectral_energyband_low.mean": [
        8.301312415248674e-10
    ],
    "lowlevel.spectral_energyband_middle_low.mean": [
        2.888945971335488e-09
    ],
    "lowlevel.spectral_energyband_middle_high.mean": [
        1.2501440993517576e-09
    ],
    "lowlevel.spectral_energyband_high.mean": [
        2.667425169633475e-10
    ],
    "lowlevel.pitch_salience_mean": [
        0.79420006275177
    ],
    "lowlevel.inharmonicity.mean": [
        0.16325189173221588
    ],
    "sfx.logattacktime.mean": [
        -5.0
    ],
    "lowlevel.lpc": [
        [
            1.0,
            -0.9755696058273315,
            0.052474990487098694,
            -0.08291372656822205,
            0.06909819692373276,
            -0.05949065089225769,
            0.05906115472316742,
            -0.060582324862480164,
            0.05054456368088722,
            -0.03955705091357231,
            0.0401788093149662
        ]
    ],
    "lowlevel.spectralcentroid": [
        1602.7674560546875
    ]
}