{
    "lowlevel.hfc.mean": [
        3.5415937418292742e-06
    ],
    "lowlevel.mfcc.mean": [
        [
            -1264.228515625,
            0.7320305109024048,
            0.33991342782974243,
            0.19103236496448517,
            0.16764694452285767,
            0.10952965915203094,
            0.07458709925413132,
            0.07238750904798508,
            0.0667906254529953,
            0.073592908680439,
            0.07238411158323288,
            0.045635391026735306,
            0.02831190451979637
        ]
    ],
    "lowlevel.zerocrossingrate.mean": [
        0.49579155445098877
    ],
    "lowlevel.spectral_energyband_low.mean": [
        2.115620745257729e-08
    ],
    "lowlevel.spectral_energyband_middle_low.mean": [
        1.982762176666597e-09
    ],
    "lowlevel.spectral_energyband_middle_high.mean": [
        4.016656174332667e-10
    ],
    "lowlevel.spectral_energyband_high.mean": [
        1.0028312208421042e-10
    ],
    "lowlevel.pitch_salience_mean": [
        0.7888045907020569
    ],
    "lowlevel.inharmonicity.mean": [
        0.16406473517417908
    ],
    "sfx.logattacktime.mean": [
        -3.05340313911438
    ],
    "lowlevel.lpc": [
        [
            1.0,
            -0.941705048084259,
            -0.0877075046300888,
            0.07741319388151169,
            -0.039450161159038544,
            -0.04682279750704765,
            0.04981366544961929,
            0.00569515023380518,
            0.00324381235986948,
            -0.03982735425233841,
            0.023235641419887543
        ]
    ],
    "lowlevel.spectralcentroid": [
        448.6220397949219
    ]
}