{
    "lowlevel.hfc.mean": [
        84.88172912597656
    ],
    "lowlevel.mfcc.mean": [
        [
            -957.8842163085938,
            -29.20856475830078,
            -24.795337677001953,
            15.868973731994629,
            -24.72201156616211,
            -5.4858269691467285,
            17.1904239654541,
            4.767118453979492,
            16.542312622070312,
            16.169912338256836,
            1.7484571933746338,
            -8.999666213989258,
            -30.18381690979004
        ]
    ],
    "lowlevel.zerocrossingrate.mean": [
        0.264180988073349
    ],
    "lowlevel.spectral_energyband_low.mean": [
        1.3861941624782048e-05
    ],
    "lowlevel.spectral_energyband_middle_low.mean": [
        0.00033375367638655007
    ],
    "lowlevel.spectral_energyband_middle_high.mean": [
        0.026435820385813713
    ],
    "lowlevel.spectral_energyband_high.mean": [
        0.004751077387481928
    ],
    "lowlevel.pitch_salience_mean": [
        0.6307383179664612
    ],
    "lowlevel.inharmonicity.mean": [
        0.0686010867357254
    ],
    "sfx.logattacktime.mean": [
        -0.004792757797986269
    ],
    "lowlevel.lpc": [
        [
            1.0,
            -2.880326747894287,
            3.9847729206085205,
            -3.8904573917388916,
            3.4622695446014404,
            -2.9417662620544434,
            2.2616379261016846,
            -1.4264110326766968,
            0.6245244741439819,
            -0.18680821359157562,
            0.036081571131944656
        ]
    ],
    "lowlevel.spectralcentroid": [
        3007.90380859375
    ]
}