{
    "lowlevel.hfc.mean": [
        0.17511971294879913
    ],
    "lowlevel.mfcc.mean": [
        [
            -1257.89453125,
            0.7121711373329163,
            -1.861732840538025,
            -0.7558011412620544,
            0.31470200419425964,
            0.5520756244659424,
            -0.03860074281692505,
            -0.23861302435398102,
            -0.1347556710243225,
            0.0912025049328804,
            0.2534855902194977,
            -0.018047340214252472,
            -0.32649070024490356
        ]
    ],
    "lowlevel.zerocrossingrate.mean": [
        0.48552313446998596
    ],
    "lowlevel.spectral_energyband_low.mean": [
        1.1194145166371072e-08
    ],
    "lowlevel.spectral_energyband_middle_low.mean": [
        1.3125794851021055e-07
    ],
    "lowlevel.spectral_energyband_middle_high.mean": [
        0.00010602882684906945
    ],
    "lowlevel.spectral_energyband_high.mean": [
        5.082640655018622e-07
    ],
    "lowlevel.pitch_salience_mean": [
        0.7927438020706177
    ],
    "lowlevel.inharmonicity.mean": [
        0.16833661496639252
    ],
    "sfx.logattacktime.mean": [
        -5.0
    ],
    "lowlevel.lpc": [
        [
            1.0,
            -1.2570173740386963,
            0.16114263236522675,
            0.09003114700317383,
            0.06585503369569778,
            0.06256867200136185,
            0.02571752294898033,
            -0.017177650704979897,
            -0.02936091460287571,
            -0.0290817990899086,
            0.1187780424952507
        ]
    ],
    "lowlevel.spectralcentroid": [
        1706.447509765625
    ]
}