{
    "lowlevel.hfc.mean": [
        8.702221870422363
    ],
    "lowlevel.mfcc.mean": [
        [
            -1040.865234375,
            1.7843260765075684,
            -82.56568908691406,
            -29.807954788208008,
            7.148231506347656,
            19.73287582397461,
            -7.5077223777771,
            -14.902190208435059,
            -3.187976837158203,
            17.57073211669922,
            27.627653121948242,
            11.744625091552734,
            -5.223512649536133
        ]
    ],
    "lowlevel.zerocrossingrate.mean": [
        0.1653086543083191
    ],
    "lowlevel.spectral_energyband_low.mean": [
        6.771710303610234e-08
    ],
    "lowlevel.spectral_energyband_middle_low.mean": [
        9.398964903084561e-05
    ],
    "lowlevel.spectral_energyband_middle_high.mean": [
        0.005420618690550327
    ],
    "lowlevel.spectral_energyband_high.mean": [
        6.169405423861463e-06
    ],
    "lowlevel.pitch_salience_mean": [
        0.30390629172325134
    ],
    "lowlevel.inharmonicity.mean": [
        0.050389040261507034
    ],
    "sfx.logattacktime.mean": [
        -0.576698362827301
    ],
    "lowlevel.lpc": [
        [
            1.0,
            -2.712385892868042,
            3.485107898712158,
            -3.4968481063842773,
            3.1429927349090576,
            -2.242032051086426,
            1.4758219718933105,
            -1.099165678024292,
            0.7275779247283936,
            -0.303373247385025,
            0.0737449899315834
        ]
    ],
    "lowlevel.spectralcentroid": [
        1591.127197265625
    ]
}