{
    "lowlevel.hfc.mean": [
        45.761783599853516
    ],
    "lowlevel.mfcc.mean": [
        [
            -881.6709594726562,
            78.66400146484375,
            -163.75611877441406,
            -40.65017318725586,
            -21.16435432434082,
            -16.36320686340332,
            -19.55392074584961,
            -25.878164291381836,
            -23.24371337890625,
            -10.22394847869873,
            -13.237607955932617,
            2.033460855484009,
            9.461678504943848
        ]
    ],
    "lowlevel.zerocrossingrate.mean": [
        0.131247878074646
    ],
    "lowlevel.spectral_energyband_low.mean": [
        2.173797497562191e-07
    ],
    "lowlevel.spectral_energyband_middle_low.mean": [
        0.005720388609915972
    ],
    "lowlevel.spectral_energyband_middle_high.mean": [
        0.0315188430249691
    ],
    "lowlevel.spectral_energyband_high.mean": [
        1.502700979472138e-05
    ],
    "lowlevel.pitch_salience_mean": [
        0.7755250930786133
    ],
    "lowlevel.inharmonicity.mean": [
        0.03574434667825699
    ],
    "sfx.logattacktime.mean": [
        -2.131221055984497
    ],
    "lowlevel.lpc": [
        [
            1.0,
            -2.8981969356536865,
            2.683583974838257,
            -0.4769037365913391,
            -0.33362191915512085,
            -0.011028541252017021,
            -0.02169608324766159,
            0.002941543236374855,
            0.0763319581747055,
            0.017672039568424225,
            -0.032363343983888626
        ]
    ],
    "lowlevel.spectralcentroid": [
        1329.56201171875
    ]
}