{
    "lowlevel.hfc.mean": [
        1.2471259832382202
    ],
    "lowlevel.mfcc.mean": [
        [
            -1252.8858642578125,
            0.5355604887008667,
            -1.2812973260879517,
            1.0204774141311646,
            0.01842014119029045,
            0.4115166664123535,
            0.39219123125076294,
            0.1336049735546112,
            -0.4638236165046692,
            -0.07007245719432831,
            0.8307205438613892,
            0.2517058551311493,
            -0.7009322047233582
        ]
    ],
    "lowlevel.zerocrossingrate.mean": [
        0.48354077339172363
    ],
    "lowlevel.spectral_energyband_low.mean": [
        1.731630874246548e-07
    ],
    "lowlevel.spectral_energyband_middle_low.mean": [
        2.3436824392319977e-07
    ],
    "lowlevel.spectral_energyband_middle_high.mean": [
        0.00031673081684857607
    ],
    "lowlevel.spectral_energyband_high.mean": [
        6.74057737342082e-05
    ],
    "lowlevel.pitch_salience_mean": [
        0.7895062565803528
    ],
    "lowlevel.inharmonicity.mean": [
        0.1638689786195755
    ],
    "sfx.logattacktime.mean": [
        -3.153132438659668
    ],
    "lowlevel.lpc": [
        [
            1.0,
            -2.0380067825317383,
            1.830971598625183,
            -0.9581586122512817,
            0.6719489693641663,
            -0.45724165439605713,
            0.2747505009174347,
            -0.3982166051864624,
            0.7744547128677368,
            -0.6311704516410828,
            0.22849200665950775
        ]
    ],
    "lowlevel.spectralcentroid": [
        3372.900390625
    ]
}