{
    "lowlevel.hfc.mean": [
        29.981948852539062
    ],
    "lowlevel.mfcc.mean": [
        [
            -968.7654418945312,
            -11.83411693572998,
            -19.1472110748291,
            19.293699264526367,
            -3.8277149200439453,
            2.383247137069702,
            16.006614685058594,
            4.348302841186523,
            -12.254046440124512,
            -11.537784576416016,
            41.243953704833984,
            16.824186325073242,
            -19.426916122436523
        ]
    ],
    "lowlevel.zerocrossingrate.mean": [
        0.2360764443874359
    ],
    "lowlevel.spectral_energyband_low.mean": [
        2.5520015697111376e-05
    ],
    "lowlevel.spectral_energyband_middle_low.mean": [
        2.5888341497193323e-06
    ],
    "lowlevel.spectral_energyband_middle_high.mean": [
        0.00781796034425497
    ],
    "lowlevel.spectral_energyband_high.mean": [
        0.0014348911354318261
    ],
    "lowlevel.pitch_salience_mean": [
        0.5965709090232849
    ],
    "lowlevel.inharmonicity.mean": [
        0.049262844026088715
    ],
    "sfx.logattacktime.mean": [
        0.21314112842082977
    ],
    "lowlevel.lpc": [
        [
            1.0,
            -2.2046830654144287,
            2.5272467136383057,
            -2.305773973464966,
            2.299605131149292,
            -1.903101921081543,
            1.3803362846374512,
            -1.0291008949279785,
            0.906274676322937,
            -0.5501937866210938,
            0.1967131346464157
        ]
    ],
    "lowlevel.spectralcentroid": [
        3338.78369140625
    ]
}