{
    "lowlevel.hfc.mean": [
        0.5500396490097046
    ],
    "lowlevel.mfcc.mean": [
        [
            -1098.898681640625,
            64.40196990966797,
            -55.29786682128906,
            -37.61117172241211,
            -9.647921562194824,
            -13.028388977050781,
            -16.279409408569336,
            -0.09600759297609329,
            4.43990421295166,
            -9.479581832885742,
            -13.59013843536377,
            3.7553956508636475,
            10.300244331359863
        ]
    ],
    "lowlevel.zerocrossingrate.mean": [
        0.23177051544189453
    ],
    "lowlevel.spectral_energyband_low.mean": [
        4.342476245255966e-08
    ],
    "lowlevel.spectral_energyband_middle_low.mean": [
        0.0004949214053340256
    ],
    "lowlevel.spectral_energyband_middle_high.mean": [
        0.0001910934370243922
    ],
    "lowlevel.spectral_energyband_high.mean": [
        1.7651358064085798e-07
    ],
    "lowlevel.pitch_salience_mean": [
        0.7130361199378967
    ],
    "lowlevel.inharmonicity.mean": [
        0.08555449545383453
    ],
    "sfx.logattacktime.mean": [
        -1.5841182470321655
    ],
    "lowlevel.lpc": [
        [
            1.0,
            -2.864081382751465,
            3.583820343017578,
            -3.308711528778076,
            2.507622241973877,
            -1.135096549987793,
            0.49400565028190613,
            -0.5025637149810791,
            0.48907268047332764,
            -0.47171449661254883,
            0.21553544700145721
        ]
    ],
    "lowlevel.spectralcentroid": [
        958.8517456054688
    ]
}