{
    "lowlevel.hfc.mean": [
        6.78754997253418
    ],
    "lowlevel.mfcc.mean": [
        [
            -1083.2279052734375,
            112.43584442138672,
            -49.267127990722656,
            -41.0323600769043,
            -23.614625930786133,
            -26.51673698425293,
            -22.73365020751953,
            -8.554929733276367,
            31.3254337310791,
            51.743064880371094,
            43.238922119140625,
            35.31591796875,
            16.8206844329834
        ]
    ],
    "lowlevel.zerocrossingrate.mean": [
        0.11413446813821793
    ],
    "lowlevel.spectral_energyband_low.mean": [
        1.0087749160447856e-06
    ],
    "lowlevel.spectral_energyband_middle_low.mean": [
        0.011250525712966919
    ],
    "lowlevel.spectral_energyband_middle_high.mean": [
        5.4761218052590266e-05
    ],
    "lowlevel.spectral_energyband_high.mean": [
        5.714182904625886e-08
    ],
    "lowlevel.pitch_salience_mean": [
        0.207468181848526
    ],
    "lowlevel.inharmonicity.mean": [
        0.03292962163686752
    ],
    "sfx.logattacktime.mean": [
        0.18548886477947235
    ],
    "lowlevel.lpc": [
        [
            1.0,
            -3.152738571166992,
            3.9874720573425293,
            -3.2232115268707275,
            2.7453856468200684,
            -2.5658273696899414,
            2.2676074504852295,
            -1.7312488555908203,
            1.0202878713607788,
            -0.5057040452957153,
            0.16040150821208954
        ]
    ],
    "lowlevel.spectralcentroid": [
        603.8696899414062
    ]
}