{
    "lowlevel.hfc.mean": [
        5.982063293457031
    ],
    "lowlevel.mfcc.mean": [
        [
            -1112.740478515625,
            90.76874542236328,
            -41.030052185058594,
            -31.15509605407715,
            -18.750139236450195,
            -22.019023895263672,
            -18.583391189575195,
            -7.977056980133057,
            25.084598541259766,
            41.8105583190918,
            32.856224060058594,
            26.40616798400879,
            13.531737327575684
        ]
    ],
    "lowlevel.zerocrossingrate.mean": [
        0.19237150251865387
    ],
    "lowlevel.spectral_energyband_low.mean": [
        8.866014695740887e-07
    ],
    "lowlevel.spectral_energyband_middle_low.mean": [
        0.009919770993292332
    ],
    "lowlevel.spectral_energyband_middle_high.mean": [
        4.701255966210738e-05
    ],
    "lowlevel.spectral_energyband_high.mean": [
        1.311406805371007e-07
    ],
    "lowlevel.pitch_salience_mean": [
        0.32620829343795776
    ],
    "lowlevel.inharmonicity.mean": [
        0.05993517115712166
    ],
    "sfx.logattacktime.mean": [
        -0.11756964772939682
    ],
    "lowlevel.lpc": [
        [
            1.0,
            -1.8057870864868164,
            0.4614517390727997,
            0.24185331165790558,
            0.2035062611103058,
            0.030834529548883438,
            0.0288211852312088,
            -0.09960220009088516,
            -0.03833768516778946,
            -0.19122861325740814,
            0.17534074187278748
        ]
    ],
    "lowlevel.spectralcentroid": [
        604.29345703125
    ]
}