{
    "lowlevel.hfc.mean": [
        0.01729772984981537
    ],
    "lowlevel.mfcc.mean": [
        [
            -1219.925537109375,
            18.797632217407227,
            4.303463459014893,
            0.22566385567188263,
            -2.5271682739257812,
            -0.6266074180603027,
            0.49130868911743164,
            0.8672615885734558,
            1.102217435836792,
            -0.6565130352973938,
            -0.5265227556228638,
            0.6366332769393921,
            0.38906556367874146
        ]
    ],
    "lowlevel.zerocrossingrate.mean": [
        0.42634278535842896
    ],
    "lowlevel.spectral_energyband_low.mean": [
        5.766778940596851e-06
    ],
    "lowlevel.spectral_energyband_middle_low.mean": [
        1.548775253468193e-05
    ],
    "lowlevel.spectral_energyband_middle_high.mean": [
        4.462940523808356e-06
    ],
    "lowlevel.spectral_energyband_high.mean": [
        5.654050596604066e-07
    ],
    "lowlevel.pitch_salience_mean": [
        0.8123193979263306
    ],
    "lowlevel.inharmonicity.mean": [
        0.17556612193584442
    ],
    "sfx.logattacktime.mean": [
        -2.416551113128662
    ],
    "lowlevel.lpc": [
        [
            1.0,
            -1.0808955430984497,
            0.23168408870697021,
            -0.30715981125831604,
            0.28924742341041565,
            -0.2515811026096344,
            0.1612645536661148,
            -0.15060977637767792,
            0.12805701792240143,
            -0.15858256816864014,
            0.17736440896987915
        ]
    ],
    "lowlevel.spectralcentroid": [
        912.2921752929688
    ]
}