{
    "lowlevel.hfc.mean": [
        0.15966880321502686
    ],
    "lowlevel.mfcc.mean": [
        [
            -1046.2484130859375,
            98.77073669433594,
            -1.862542748451233,
            -10.338167190551758,
            2.932299852371216,
            4.841485977172852,
            -4.499044895172119,
            -1.4915454387664795,
            2.498692035675049,
            0.6347964406013489,
            -8.533331871032715,
            -4.708829879760742,
            0.5699470639228821
        ]
    ],
    "lowlevel.zerocrossingrate.mean": [
        0.18352051079273224
    ],
    "lowlevel.spectral_energyband_low.mean": [
        4.323447137721814e-05
    ],
    "lowlevel.spectral_energyband_middle_low.mean": [
        0.00015077550779096782
    ],
    "lowlevel.spectral_energyband_middle_high.mean": [
        4.7564659325871617e-05
    ],
    "lowlevel.spectral_energyband_high.mean": [
        1.3390366575549706e-06
    ],
    "lowlevel.pitch_salience_mean": [
        0.7657282948493958
    ],
    "lowlevel.inharmonicity.mean": [
        0.1613127887248993
    ],
    "sfx.logattacktime.mean": [
        -1.858397364616394
    ],
    "lowlevel.lpc": [
        [
            1.0,
            -1.3913438320159912,
            0.4035935699939728,
            -0.3684931695461273,
            0.4796057343482971,
            -0.2757989168167114,
            0.2923799157142639,
            -0.180331289768219,
            0.21481817960739136,
            -0.18098624050617218,
            0.028847740963101387
        ]
    ],
    "lowlevel.spectralcentroid": [
        963.3507690429688
    ]
}