{
    "lowlevel.hfc.mean": [
        1.3787397001863155e-08
    ],
    "lowlevel.mfcc.mean": [
        [
            -1264.911865234375,
            3.0517578125e-05,
            -6.866455078125e-05,
            3.0517578125e-05,
            -8.0108642578125e-05,
            6.866455078125e-05,
            -3.0517578125e-05,
            -6.866455078125e-05,
            -4.9591064453125e-05,
            -1.9073486328125e-05,
            -2.288818359375e-05,
            -1.9073486328125e-05,
            -4.1961669921875e-05
        ]
    ],
    "lowlevel.zerocrossingrate.mean": [
        0.4775180220603943
    ],
    "lowlevel.spectral_energyband_low.mean": [
        5.546502927084029e-12
    ],
    "lowlevel.spectral_energyband_middle_low.mean": [
        1.2329374500519297e-11
    ],
    "lowlevel.spectral_energyband_middle_high.mean": [
        1.6009100512262564e-12
    ],
    "lowlevel.spectral_energyband_high.mean": [
        6.272975845364459e-13
    ],
    "lowlevel.pitch_salience_mean": [
        0.7943777441978455
    ],
    "lowlevel.inharmonicity.mean": [
        0.16621771454811096
    ],
    "sfx.logattacktime.mean": [
        -3.343449354171753
    ],
    "lowlevel.lpc": [
        [
            0.0,
            0.0,
            0.0,
            0.0,
            0.0,
            0.0,
            0.0,
            0.0,
            0.0,
            0.0,
            0.0
        ]
    ],
    "lowlevel.spectralcentroid": [
        1290.048583984375
    ]
}