{
    "lowlevel.hfc.mean": [
        1.5002601146697998
    ],
    "lowlevel.mfcc.mean": [
        [
            -1146.7891845703125,
            97.69860076904297,
            20.527219772338867,
            -6.438027381896973,
            -16.6630916595459,
            -16.50464630126953,
            -11.122344017028809,
            -10.99766731262207,
            -5.402112007141113,
            1.9532297849655151,
            -3.481508731842041,
            -4.310970306396484,
            2.8622546195983887
        ]
    ],
    "lowlevel.zerocrossingrate.mean": [
        0.28319892287254333
    ],
    "lowlevel.spectral_energyband_low.mean": [
        6.268703145906329e-05
    ],
    "lowlevel.spectral_energyband_middle_low.mean": [
        0.0031225839629769325
    ],
    "lowlevel.spectral_energyband_middle_high.mean": [
        3.514558557071723e-05
    ],
    "lowlevel.spectral_energyband_high.mean": [
        8.281999441805965e-08
    ],
    "lowlevel.pitch_salience_mean": [
        0.7650039196014404
    ],
    "lowlevel.inharmonicity.mean": [
        0.10618411749601364
    ],
    "sfx.logattacktime.mean": [
        -1.3012269735336304
    ],
    "lowlevel.lpc": [
        [
            1.0,
            -1.48417329788208,
            0.15656566619873047,
            0.1233602911233902,
            0.09832429885864258,
            0.06468768417835236,
            0.04915817081928253,
            0.03118712827563286,
            0.03285009041428566,
            0.03552825748920441,
            -0.10373540967702866
        ]
    ],
    "lowlevel.spectralcentroid": [
        483.9203186035156
    ]
}