{
    "lowlevel.hfc.mean": [
        41.72885513305664
    ],
    "lowlevel.mfcc.mean": [
        [
            -914.883544921875,
            -24.71219253540039,
            -28.93088150024414,
            18.107419967651367,
            -15.653279304504395,
            4.3132171630859375,
            17.088340759277344,
            27.593591690063477,
            12.700778007507324,
            -31.8272705078125,
            -22.766645431518555,
            6.103291988372803,
            51.69659423828125
        ]
    ],
    "lowlevel.zerocrossingrate.mean": [
        0.16089123487472534
    ],
    "lowlevel.spectral_energyband_low.mean": [
        1.5344423445640132e-05
    ],
    "lowlevel.spectral_energyband_middle_low.mean": [
        2.434374209769885e-06
    ],
    "lowlevel.spectral_energyband_middle_high.mean": [
        0.016857823356986046
    ],
    "lowlevel.spectral_energyband_high.mean": [
        0.003574733855202794
    ],
    "lowlevel.pitch_salience_mean": [
        0.6300649642944336
    ],
    "lowlevel.inharmonicity.mean": [
        0.03881169110536575
    ],
    "sfx.logattacktime.mean": [
        0.16965577006340027
    ],
    "lowlevel.lpc": [
        [
            1.0,
            -2.8067755699157715,
            3.811403512954712,
            -3.8698718547821045,
            3.6721882820129395,
            -3.2372334003448486,
            2.7813405990600586,
            -2.4117980003356934,
            1.7379703521728516,
            -0.8848292827606201,
            0.26147741079330444
        ]
    ],
    "lowlevel.spectralcentroid": [
        2417.615478515625
    ]
}