{
    "lowlevel.hfc.mean": [
        6.82421014062129e-05
    ],
    "lowlevel.mfcc.mean": [
        [
            -1262.8248291015625,
            1.2777445316314697,
            0.3624211549758911,
            0.30093061923980713,
            0.1634298712015152,
            0.1471777856349945,
            0.09231685101985931,
            0.07449822127819061,
            0.039908017963171005,
            0.01672031357884407,
            -0.015594546683132648,
            -0.04334299638867378,
            -0.06885150820016861
        ]
    ],
    "lowlevel.zerocrossingrate.mean": [
        0.4934179186820984
    ],
    "lowlevel.spectral_energyband_low.mean": [
        1.0861543131568396e-07
    ],
    "lowlevel.spectral_energyband_middle_low.mean": [
        7.747982522232633e-08
    ],
    "lowlevel.spectral_energyband_middle_high.mean": [
        8.57447179924975e-09
    ],
    "lowlevel.spectral_energyband_high.mean": [
        2.405253107795602e-09
    ],
    "lowlevel.pitch_salience_mean": [
        0.7913340926170349
    ],
    "lowlevel.inharmonicity.mean": [
        0.16880391538143158
    ],
    "sfx.logattacktime.mean": [
        -5.0
    ],
    "lowlevel.lpc": [
        [
            1.0,
            -0.8539000153541565,
            -0.1784335821866989,
            0.048707615584135056,
            -0.004065232817083597,
            -0.014630286954343319,
            0.02266017347574234,
            -0.033051054924726486,
            0.0330859050154686,
            -0.030131487175822258,
            0.022405195981264114
        ]
    ],
    "lowlevel.spectralcentroid": [
        606.4149169921875
    ]
}