{
    "lowlevel.hfc.mean": [
        7.379139077556829e-08
    ],
    "lowlevel.mfcc.mean": [
        [
            -1264.7989501953125,
            0.16656692326068878,
            0.15027403831481934,
            0.12712593376636505,
            0.10113448649644852,
            0.07702147960662842,
            0.057295672595500946,
            0.04349572956562042,
            0.03514440730214119,
            0.03060075454413891,
            0.027883676812052727,
            0.02543327584862709,
            0.02230648510158062
        ]
    ],
    "lowlevel.zerocrossingrate.mean": [
        0.49674782156944275
    ],
    "lowlevel.spectral_energyband_low.mean": [
        3.423258343460134e-10
    ],
    "lowlevel.spectral_energyband_middle_low.mean": [
        5.302594821565698e-11
    ],
    "lowlevel.spectral_energyband_middle_high.mean": [
        9.649460917804387e-12
    ],
    "lowlevel.spectral_energyband_high.mean": [
        2.2748673604577885e-12
    ],
    "lowlevel.pitch_salience_mean": [
        0.7891797423362732
    ],
    "lowlevel.inharmonicity.mean": [
        0.1730392873287201
    ],
    "sfx.logattacktime.mean": [
        -5.0
    ],
    "lowlevel.lpc": [
        [
            1.0,
            -0.9657014012336731,
            -0.077421173453331,
            0.05575055256485939,
            -0.007475664373487234,
            0.027535708621144295,
            0.011066102422773838,
            -0.0654585137963295,
            0.037473659962415695,
            -0.04916919022798538,
            0.03837721049785614
        ]
    ],
    "lowlevel.spectralcentroid": [
        666.0010375976562
    ]
}