{
    "lowlevel.hfc.mean": [
        1.1219074726104736
    ],
    "lowlevel.mfcc.mean": [
        [
            -1149.257568359375,
            42.74345779418945,
            -69.2874984741211,
            -28.881515502929688,
            3.928689479827881,
            24.178991317749023,
            44.74399185180664,
            40.533634185791016,
            21.244020462036133,
            -8.215951919555664,
            -31.577213287353516,
            -23.620454788208008,
            36.48637390136719
        ]
    ],
    "lowlevel.zerocrossingrate.mean": [
        0.1369241327047348
    ],
    "lowlevel.spectral_energyband_low.mean": [
        6.446936140491744e-07
    ],
    "lowlevel.spectral_energyband_middle_low.mean": [
        1.3626648254216889e-08
    ],
    "lowlevel.spectral_energyband_middle_high.mean": [
        0.0010003021452575922
    ],
    "lowlevel.spectral_energyband_high.mean": [
        9.112586241144527e-08
    ],
    "lowlevel.pitch_salience_mean": [
        0.41524171829223633
    ],
    "lowlevel.inharmonicity.mean": [
        0.03503799065947533
    ],
    "sfx.logattacktime.mean": [
        -0.7116604447364807
    ],
    "lowlevel.lpc": [
        [
            1.0,
            -2.9462358951568604,
            3.0540242195129395,
            -1.403205156326294,
            0.6311333179473877,
            -0.536296010017395,
            0.47782424092292786,
            -0.7410154342651367,
            0.9138140678405762,
            -0.6585034728050232,
            0.21650850772857666
        ]
    ],
    "lowlevel.spectralcentroid": [
        1166.857177734375
    ]
}