{
    "lowlevel.hfc.mean": [
        2.9915074264863506e-05
    ],
    "lowlevel.mfcc.mean": [
        [
            -1262.0458984375,
            2.438941478729248,
            0.7250844240188599,
            0.510272204875946,
            0.3624016046524048,
            0.3288913071155548,
            0.26775071024894714,
            0.21652349829673767,
            0.18449357151985168,
            0.12307043373584747,
            0.07596902549266815,
            0.06059841811656952,
            0.07845252007246017
        ]
    ],
    "lowlevel.zerocrossingrate.mean": [
        0.48838770389556885
    ],
    "lowlevel.spectral_energyband_low.mean": [
        1.4548562887739536e-07
    ],
    "lowlevel.spectral_energyband_middle_low.mean": [
        1.6920870038461544e-08
    ],
    "lowlevel.spectral_energyband_middle_high.mean": [
        4.690962285280875e-09
    ],
    "lowlevel.spectral_energyband_high.mean": [
        9.522010957496718e-10
    ],
    "lowlevel.pitch_salience_mean": [
        0.7850388288497925
    ],
    "lowlevel.inharmonicity.mean": [
        0.17340612411499023
    ],
    "sfx.logattacktime.mean": [
        -5.0
    ],
    "lowlevel.lpc": [
        [
            1.0,
            -1.0213595628738403,
            0.03651519864797592,
            -0.024448474869132042,
            0.022581810131669044,
            -0.02746671624481678,
            0.0341181643307209,
            -0.02951900102198124,
            0.023730961605906487,
            -0.019134610891342163,
            0.009843981824815273
        ]
    ],
    "lowlevel.spectralcentroid": [
        592.4039916992188
    ]
}