{
    "lowlevel.hfc.mean": [
        0.05541456490755081
    ],
    "lowlevel.mfcc.mean": [
        [
            -1108.5704345703125,
            131.93572998046875,
            23.318279266357422,
            1.621986985206604,
            6.83152961730957,
            5.409739017486572,
            -0.5829439759254456,
            4.19859504699707,
            10.4901762008667,
            12.725200653076172,
            9.180684089660645,
            6.465440273284912,
            4.8920578956604
        ]
    ],
    "lowlevel.zerocrossingrate.mean": [
        0.03352710232138634
    ],
    "lowlevel.spectral_energyband_low.mean": [
        3.41640152328182e-05
    ],
    "lowlevel.spectral_energyband_middle_low.mean": [
        0.00012130803224863485
    ],
    "lowlevel.spectral_energyband_middle_high.mean": [
        7.000207915552892e-06
    ],
    "lowlevel.spectral_energyband_high.mean": [
        3.618208666011924e-08
    ],
    "lowlevel.pitch_salience_mean": [
        0.36559343338012695
    ],
    "lowlevel.inharmonicity.mean": [
        0.0634915828704834
    ],
    "sfx.logattacktime.mean": [
        -1.587533712387085
    ],
    "lowlevel.lpc": [
        [
            1.0,
            -1.5251590013504028,
            0.24357518553733826,
            0.12929031252861023,
            0.0978848859667778,
            0.008011446334421635,
            0.06881725043058395,
            0.03201383724808693,
            0.01925722137093544,
            -0.03457142785191536,
            -0.036109719425439835
        ]
    ],
    "lowlevel.spectralcentroid": [
        408.6322326660156
    ]
}