{
    "lowlevel.hfc.mean": [
        2.9777069091796875
    ],
    "lowlevel.mfcc.mean": [
        [
            -1186.059326171875,
            35.244728088378906,
            -16.376222610473633,
            -3.240429639816284,
            -1.111920952796936,
            -3.578047275543213,
            -6.291412353515625,
            -2.8669679164886475,
            -2.2161808013916016,
            -2.1228184700012207,
            -0.9960960745811462,
            3.09883975982666,
            3.8478307723999023
        ]
    ],
    "lowlevel.zerocrossingrate.mean": [
        0.3980320692062378
    ],
    "lowlevel.spectral_energyband_low.mean": [
        7.739484317426104e-06
    ],
    "lowlevel.spectral_energyband_middle_low.mean": [
        0.0016848985105752945
    ],
    "lowlevel.spectral_energyband_middle_high.mean": [
        0.0010692073265090585
    ],
    "lowlevel.spectral_energyband_high.mean": [
        1.3115908586769365e-05
    ],
    "lowlevel.pitch_salience_mean": [
        0.7068496346473694
    ],
    "lowlevel.inharmonicity.mean": [
        0.1394495815038681
    ],
    "sfx.logattacktime.mean": [
        -1.5736621618270874
    ],
    "lowlevel.lpc": [
        [
            1.0,
            -3.914107322692871,
            6.616440296173096,
            -6.2270894050598145,
            3.367145538330078,
            -0.6138887405395508,
            -0.8731966018676758,
            1.340712547302246,
            -1.130322813987732,
            0.5615365505218506,
            -0.1245846077799797
        ]
    ],
    "lowlevel.spectralcentroid": [
        1434.7503662109375
    ]
}