{
    "lowlevel.hfc.mean": [
        2.3186688849818893e-05
    ],
    "lowlevel.mfcc.mean": [
        [
            -1263.5718994140625,
            0.9845074415206909,
            0.2687031924724579,
            0.21108756959438324,
            0.12326394021511078,
            0.1166163831949234,
            0.08709363639354706,
            0.0823945626616478,
            0.07066068053245544,
            0.06369545310735703,
            0.036881256848573685,
            0.023592839017510414,
            0.018959328532218933
        ]
    ],
    "lowlevel.zerocrossingrate.mean": [
        0.494613379240036
    ],
    "lowlevel.spectral_energyband_low.mean": [
        1.0246029802374323e-07
    ],
    "lowlevel.spectral_energyband_middle_low.mean": [
        1.5550817522580473e-08
    ],
    "lowlevel.spectral_energyband_middle_high.mean": [
        3.1963567348469724e-09
    ],
    "lowlevel.spectral_energyband_high.mean": [
        7.409912683442599e-10
    ],
    "lowlevel.pitch_salience_mean": [
        0.788369357585907
    ],
    "lowlevel.inharmonicity.mean": [
        0.1629377007484436
    ],
    "sfx.logattacktime.mean": [
        -5.0
    ],
    "lowlevel.lpc": [
        [
            1.0,
            -1.033860683441162,
            0.07203973829746246,
            -0.06966489553451538,
            0.0665476843714714,
            -0.05588507279753685,
            0.04573862999677658,
            -0.04167981073260307,
            0.04011649638414383,
            -0.028593257069587708,
            0.010751424357295036
        ]
    ],
    "lowlevel.spectralcentroid": [
        533.0838012695312
    ]
}