{
    "lowlevel.hfc.mean": [
        24.875259399414062
    ],
    "lowlevel.mfcc.mean": [
        [
            -1114.29541015625,
            2.2730929851531982,
            -13.614468574523926,
            -8.375920295715332,
            -13.308652877807617,
            -7.246560096740723,
            -8.93618392944336,
            -5.834951877593994,
            -4.730282783508301,
            -2.90278959274292,
            -1.739202618598938,
            1.3647884130477905,
            1.4198353290557861
        ]
    ],
    "lowlevel.zerocrossingrate.mean": [
        0.40166720747947693
    ],
    "lowlevel.spectral_energyband_low.mean": [
        1.622078542595773e-07
    ],
    "lowlevel.spectral_energyband_middle_low.mean": [
        0.011626134626567364
    ],
    "lowlevel.spectral_energyband_middle_high.mean": [
        0.0037286747246980667
    ],
    "lowlevel.spectral_energyband_high.mean": [
        0.0018855570815503597
    ],
    "lowlevel.pitch_salience_mean": [
        0.7550447583198547
    ],
    "lowlevel.inharmonicity.mean": [
        0.1597309410572052
    ],
    "sfx.logattacktime.mean": [
        -2.5014238357543945
    ],
    "lowlevel.lpc": [
        [
            1.0,
            -2.0051181316375732,
            2.082066774368286,
            -1.8995039463043213,
            1.8238221406936646,
            -1.821772813796997,
            1.6369590759277344,
            -1.4100788831710815,
            1.1259078979492188,
            -0.7392274141311646,
            0.2504085898399353
        ]
    ],
    "lowlevel.spectralcentroid": [
        2419.47509765625
    ]
}