{
    "lowlevel.hfc.mean": [
        1.1801360653003424e-16
    ],
    "lowlevel.mfcc.mean": [
        [
            -1264.9124755859375,
            3.0517578125e-05,
            -6.866455078125e-05,
            3.0517578125e-05,
            -8.0108642578125e-05,
            6.866455078125e-05,
            -3.0517578125e-05,
            -6.866455078125e-05,
            -4.9591064453125e-05,
            -1.9073486328125e-05,
            -2.288818359375e-05,
            -1.9073486328125e-05,
            -4.1961669921875e-05
        ]
    ],
    "lowlevel.zerocrossingrate.mean": [
        0.5004836320877075
    ],
    "lowlevel.spectral_energyband_low.mean": [
        7.68680139325903e-23
    ],
    "lowlevel.spectral_energyband_middle_low.mean": [
        3.044255380232701e-22
    ],
    "lowlevel.spectral_energyband_middle_high.mean": [
        1.5653385370091283e-21
    ],
    "lowlevel.spectral_energyband_high.mean": [
        7.76587935999683e-21
    ],
    "lowlevel.pitch_salience_mean": [
        0.7915019989013672
    ],
    "lowlevel.inharmonicity.mean": [
        0.1773442029953003
    ],
    "sfx.logattacktime.mean": [
        -5.0
    ],
    "lowlevel.lpc": [
        [
            0.0,
            0.0,
            0.0,
            0.0,
            0.0,
            0.0,
            0.0,
            0.0,
            0.0,
            0.0,
            0.0
        ]
    ],
    "lowlevel.spectralcentroid": [
        0.0
    ]
}