{
    "lowlevel.hfc.mean": [
        42.586997985839844
    ],
    "lowlevel.mfcc.mean": [
        [
            -1153.371826171875,
            2.0396852493286133,
            8.908865928649902,
            5.209680557250977,
            2.8505678176879883,
            -1.283203125,
            -2.9689807891845703,
            -3.4782423973083496,
            -3.8421220779418945,
            -2.9004640579223633,
            -2.976284980773926,
            -1.7029354572296143,
            0.6384695768356323
        ]
    ],
    "lowlevel.zerocrossingrate.mean": [
        0.4405924379825592
    ],
    "lowlevel.spectral_energyband_low.mean": [
        0.00044972889008931816
    ],
    "lowlevel.spectral_energyband_middle_low.mean": [
        0.025148140266537666
    ],
    "lowlevel.spectral_energyband_middle_high.mean": [
        0.0017223021714016795
    ],
    "lowlevel.spectral_energyband_high.mean": [
        0.0034128432162106037
    ],
    "lowlevel.pitch_salience_mean": [
        0.7836920619010925
    ],
    "lowlevel.inharmonicity.mean": [
        0.14976440370082855
    ],
    "sfx.logattacktime.mean": [
        -2.171682119369507
    ],
    "lowlevel.lpc": [
        [
            1.0,
            -1.7426801919937134,
            2.237703561782837,
            -2.6765124797821045,
            2.5033020973205566,
            -2.424511671066284,
            2.0602331161499023,
            -1.6716110706329346,
            1.1318917274475098,
            -0.6228045225143433,
            0.2346082627773285
        ]
    ],
    "lowlevel.spectralcentroid": [
        2991.8701171875
    ]
}