{
    "lowlevel.hfc.mean": [
        1.3468575477600098
    ],
    "lowlevel.mfcc.mean": [
        [
            -1257.8892822265625,
            1.5222446918487549,
            -1.3492873907089233,
            -0.31070104241371155,
            0.15606580674648285,
            0.023866459727287292,
            0.09626520425081253,
            0.3784583508968353,
            -0.06023939326405525,
            -0.5031394958496094,
            -0.18237848579883575,
            0.46416351199150085,
            0.29995420575141907
        ]
    ],
    "lowlevel.zerocrossingrate.mean": [
        0.48971983790397644
    ],
    "lowlevel.spectral_energyband_low.mean": [
        3.0250311056079227e-07
    ],
    "lowlevel.spectral_energyband_middle_low.mean": [
        2.179754119424615e-06
    ],
    "lowlevel.spectral_energyband_middle_high.mean": [
        0.000769552425481379
    ],
    "lowlevel.spectral_energyband_high.mean": [
        5.579947242040362e-07
    ],
    "lowlevel.pitch_salience_mean": [
        0.7907184362411499
    ],
    "lowlevel.inharmonicity.mean": [
        0.17325468361377716
    ],
    "sfx.logattacktime.mean": [
        -5.0
    ],
    "lowlevel.lpc": [
        [
            1.0,
            -1.8035476207733154,
            0.5060428977012634,
            0.26485341787338257,
            0.15152867138385773,
            0.07772724330425262,
            0.00245676189661026,
            -0.0570094957947731,
            -0.12308609485626221,
            -0.2412063181400299,
            0.26225218176841736
        ]
    ],
    "lowlevel.spectralcentroid": [
        1844.8121337890625
    ]
}