{
    "lowlevel.hfc.mean": [
        101.66383361816406
    ],
    "lowlevel.mfcc.mean": [
        [
            -1011.5899047851562,
            16.71568489074707,
            -100.71324157714844,
            -24.77225685119629,
            18.43084144592285,
            20.200157165527344,
            12.178897857666016,
            24.91737174987793,
            -3.148754119873047,
            -47.33362579345703,
            -25.274751663208008,
            57.977901458740234,
            50.625675201416016
        ]
    ],
    "lowlevel.zerocrossingrate.mean": [
        0.16181126236915588
    ],
    "lowlevel.spectral_energyband_low.mean": [
        1.405084049110883e-07
    ],
    "lowlevel.spectral_energyband_middle_low.mean": [
        3.635982182004227e-07
    ],
    "lowlevel.spectral_energyband_middle_high.mean": [
        0.057726506143808365
    ],
    "lowlevel.spectral_energyband_high.mean": [
        2.22248104364553e-06
    ],
    "lowlevel.pitch_salience_mean": [
        0.5312812328338623
    ],
    "lowlevel.inharmonicity.mean": [
        0.03091200813651085
    ],
    "sfx.logattacktime.mean": [
        -1.6792371273040771
    ],
    "lowlevel.lpc": [
        [
            1.0,
            -2.270864248275757,
            1.4707118272781372,
            -0.21439488232135773,
            0.07811309397220612,
            0.06344662606716156,
            0.004920650273561478,
            -0.04241541773080826,
            0.03496021032333374,
            -0.4109317660331726,
            0.31565266847610474
        ]
    ],
    "lowlevel.spectralcentroid": [
        1852.271484375
    ]
}