{
    "lowlevel.hfc.mean": [
        9.464536666870117
    ],
    "lowlevel.mfcc.mean": [
        [
            -959.4549560546875,
            113.77643585205078,
            -131.4111328125,
            -44.918251037597656,
            -27.424442291259766,
            -17.47507095336914,
            -13.713010787963867,
            -17.892242431640625,
            -20.937894821166992,
            -20.550636291503906,
            -13.288159370422363,
            -8.57524585723877,
            -9.917984008789062
        ]
    ],
    "lowlevel.zerocrossingrate.mean": [
        0.1702279895544052
    ],
    "lowlevel.spectral_energyband_low.mean": [
        4.487174010137096e-08
    ],
    "lowlevel.spectral_energyband_middle_low.mean": [
        0.001986692426726222
    ],
    "lowlevel.spectral_energyband_middle_high.mean": [
        0.006275577004998922
    ],
    "lowlevel.spectral_energyband_high.mean": [
        2.045426072072587e-06
    ],
    "lowlevel.pitch_salience_mean": [
        0.839657187461853
    ],
    "lowlevel.inharmonicity.mean": [
        0.05061538890004158
    ],
    "sfx.logattacktime.mean": [
        0.3118211328983307
    ],
    "lowlevel.lpc": [
        [
            1.0,
            -2.5500969886779785,
            1.7005096673965454,
            0.22769537568092346,
            -0.11080805212259293,
            -0.2589775025844574,
            -0.13754154741764069,
            0.022440792992711067,
            0.09652622789144516,
            0.08506826311349869,
            -0.0685802698135376
        ]
    ],
    "lowlevel.spectralcentroid": [
        1230.04541015625
    ]
}