{
    "lowlevel.hfc.mean": [
        2.005671501159668
    ],
    "lowlevel.mfcc.mean": [
        [
            -1015.3836059570312,
            106.51036834716797,
            -27.655179977416992,
            -5.995588779449463,
            -12.849517822265625,
            -24.282011032104492,
            -20.541494369506836,
            3.7608814239501953,
            3.2742919921875,
            -13.284876823425293,
            -16.259746551513672,
            -0.9805783629417419,
            6.935255527496338
        ]
    ],
    "lowlevel.zerocrossingrate.mean": [
        0.23071636259555817
    ],
    "lowlevel.spectral_energyband_low.mean": [
        1.8113590840584948e-06
    ],
    "lowlevel.spectral_energyband_middle_low.mean": [
        0.002912202849984169
    ],
    "lowlevel.spectral_energyband_middle_high.mean": [
        0.0005827145650982857
    ],
    "lowlevel.spectral_energyband_high.mean": [
        1.1649265161395306e-06
    ],
    "lowlevel.pitch_salience_mean": [
        0.7342442870140076
    ],
    "lowlevel.inharmonicity.mean": [
        0.08140843361616135
    ],
    "sfx.logattacktime.mean": [
        -0.3578474223613739
    ],
    "lowlevel.lpc": [
        [
            1.0,
            -2.753418207168579,
            2.9049086570739746,
            -1.7979366779327393,
            1.0111701488494873,
            -0.4796442687511444,
            0.2866833209991455,
            -0.3248201906681061,
            0.38280028104782104,
            -0.40524840354919434,
            0.1793491393327713
        ]
    ],
    "lowlevel.spectralcentroid": [
        771.6929931640625
    ]
}