{
    "lowlevel.hfc.mean": [
        0.9585518836975098
    ],
    "lowlevel.mfcc.mean": [
        [
            -1147.6925048828125,
            86.31402587890625,
            8.61155891418457,
            -6.939244270324707,
            -16.180721282958984,
            -16.94269561767578,
            -7.4767351150512695,
            -12.19218921661377,
            -5.716724395751953,
            -0.6572310924530029,
            -4.6487321853637695,
            -0.7149782776832581,
            0.8991947174072266
        ]
    ],
    "lowlevel.zerocrossingrate.mean": [
        0.2917722761631012
    ],
    "lowlevel.spectral_energyband_low.mean": [
        5.256204167380929e-05
    ],
    "lowlevel.spectral_energyband_middle_low.mean": [
        0.0019034688593819737
    ],
    "lowlevel.spectral_energyband_middle_high.mean": [
        3.06572146655526e-05
    ],
    "lowlevel.spectral_energyband_high.mean": [
        7.913588717656239e-08
    ],
    "lowlevel.pitch_salience_mean": [
        0.708568274974823
    ],
    "lowlevel.inharmonicity.mean": [
        0.1283145397901535
    ],
    "sfx.logattacktime.mean": [
        -1.4543871879577637
    ],
    "lowlevel.lpc": [
        [
            1.0,
            -1.6998759508132935,
            0.4483863413333893,
            0.1747933030128479,
            0.002752332016825676,
            0.052101217210292816,
            0.13152649998664856,
            0.0016195569187402725,
            -0.11299622803926468,
            -0.032501138746738434,
            0.03946661204099655
        ]
    ],
    "lowlevel.spectralcentroid": [
        514.541015625
    ]
}