{
    "lowlevel.hfc.mean": [
        3.343818377743446e-08
    ],
    "lowlevel.mfcc.mean": [
        [
            -1264.8101806640625,
            0.142551451921463,
            0.1408824771642685,
            0.13839232921600342,
            0.13471463322639465,
            0.13037371635437012,
            0.12493278831243515,
            0.11878344416618347,
            0.11201363801956177,
            0.10467962920665741,
            0.09684345871210098,
            0.08865907043218613,
            0.08020639419555664
        ]
    ],
    "lowlevel.zerocrossingrate.mean": [
        0.4790784418582916
    ],
    "lowlevel.spectral_energyband_low.mean": [
        7.929124024030898e-11
    ],
    "lowlevel.spectral_energyband_middle_low.mean": [
        1.2442465460726915e-11
    ],
    "lowlevel.spectral_energyband_middle_high.mean": [
        2.025643758632456e-12
    ],
    "lowlevel.spectral_energyband_high.mean": [
        1.915296914123399e-12
    ],
    "lowlevel.pitch_salience_mean": [
        0.7829257249832153
    ],
    "lowlevel.inharmonicity.mean": [
        0.16829107701778412
    ],
    "sfx.logattacktime.mean": [
        -5.0
    ],
    "lowlevel.lpc": [
        [
            0.0,
            0.0,
            0.0,
            0.0,
            0.0,
            0.0,
            0.0,
            0.0,
            0.0,
            0.0,
            0.0
        ]
    ],
    "lowlevel.spectralcentroid": [
        1376.48779296875
    ]
}