{
    "lowlevel.hfc.mean": [
        1.683158006926533e-05
    ],
    "lowlevel.mfcc.mean": [
        [
            -1263.6805419921875,
            0.9276351928710938,
            0.2507125735282898,
            0.14620471000671387,
            0.00697363680228591,
            -0.06254884600639343,
            -0.09976295381784439,
            -0.04963643476366997,
            0.03968481346964836,
            0.10593469440937042,
            0.03208873048424721,
            -0.08690338581800461,
            -0.08131376653909683
        ]
    ],
    "lowlevel.zerocrossingrate.mean": [
        0.49495890736579895
    ],
    "lowlevel.spectral_energyband_low.mean": [
        5.254522594810851e-09
    ],
    "lowlevel.spectral_energyband_middle_low.mean": [
        1.3900121942356236e-08
    ],
    "lowlevel.spectral_energyband_middle_high.mean": [
        2.486661099254661e-09
    ],
    "lowlevel.spectral_energyband_high.mean": [
        7.102654020485488e-10
    ],
    "lowlevel.pitch_salience_mean": [
        0.7914448976516724
    ],
    "lowlevel.inharmonicity.mean": [
        0.18047760426998138
    ],
    "sfx.logattacktime.mean": [
        -5.0
    ],
    "lowlevel.lpc": [
        [
            1.0,
            -0.9312754273414612,
            -0.09265177696943283,
            0.07822977006435394,
            -0.05865051969885826,
            0.046000804752111435,
            -0.033809855580329895,
            0.022447289898991585,
            -0.008242327719926834,
            -0.010874589905142784,
            0.022336352616548538
        ]
    ],
    "lowlevel.spectralcentroid": [
        1336.697021484375
    ]
}