{
    "lowlevel.hfc.mean": [
        77.3990249633789
    ],
    "lowlevel.mfcc.mean": [
        [
            -927.1544799804688,
            95.17278289794922,
            -49.11062240600586,
            -2.411432981491089,
            -21.75527000427246,
            -26.07672882080078,
            -13.533880233764648,
            -12.414510726928711,
            -15.902408599853516,
            -10.248913764953613,
            -8.672689437866211,
            1.8316853046417236,
            2.524911880493164
        ]
    ],
    "lowlevel.zerocrossingrate.mean": [
        0.24275894463062286
    ],
    "lowlevel.spectral_energyband_low.mean": [
        1.3474021216097753e-05
    ],
    "lowlevel.spectral_energyband_middle_low.mean": [
        0.13209721446037292
    ],
    "lowlevel.spectral_energyband_middle_high.mean": [
        0.01354235503822565
    ],
    "lowlevel.spectral_energyband_high.mean": [
        2.7787318686023355e-05
    ],
    "lowlevel.pitch_salience_mean": [
        0.7098855972290039
    ],
    "lowlevel.inharmonicity.mean": [
        0.08456335961818695
    ],
    "sfx.logattacktime.mean": [
        -0.08056608587503433
    ],
    "lowlevel.lpc": [
        [
            1.0,
            -2.9467411041259766,
            3.203831195831299,
            -1.7321488857269287,
            0.8866796493530273,
            -0.5565024018287659,
            0.21148556470870972,
            -0.287850558757782,
            0.3248339891433716,
            -0.10257024317979813,
            0.0016861187759786844
        ]
    ],
    "lowlevel.spectralcentroid": [
        679.32470703125
    ]
}