{
    "lowlevel.hfc.mean": [
        8.60357666015625
    ],
    "lowlevel.mfcc.mean": [
        [
            -1049.4085693359375,
            68.99700164794922,
            -99.88036346435547,
            -31.583864212036133,
            -14.267525672912598,
            -6.823934555053711,
            -13.871325492858887,
            -18.2149600982666,
            -15.162302017211914,
            -8.33112907409668,
            -3.840329647064209,
            -1.5042997598648071,
            3.4911601543426514
        ]
    ],
    "lowlevel.zerocrossingrate.mean": [
        0.23991736769676208
    ],
    "lowlevel.spectral_energyband_low.mean": [
        7.773280685796635e-08
    ],
    "lowlevel.spectral_energyband_middle_low.mean": [
        0.0019115416798740625
    ],
    "lowlevel.spectral_energyband_middle_high.mean": [
        0.0059689488261938095
    ],
    "lowlevel.spectral_energyband_high.mean": [
        1.0251226285618031e-06
    ],
    "lowlevel.pitch_salience_mean": [
        0.7418558597564697
    ],
    "lowlevel.inharmonicity.mean": [
        0.07588303089141846
    ],
    "sfx.logattacktime.mean": [
        -0.14961636066436768
    ],
    "lowlevel.lpc": [
        [
            1.0,
            -3.260637044906616,
            3.890019416809082,
            -2.0693600177764893,
            0.7504518628120422,
            -0.44735321402549744,
            -0.12375299632549286,
            0.5818885564804077,
            -0.4917631149291992,
            0.22371800243854523,
            -0.05029575154185295
        ]
    ],
    "lowlevel.spectralcentroid": [
        1208.5013427734375
    ]
}