{
    "lowlevel.hfc.mean": [
        6.540768815455067e-09
    ],
    "lowlevel.mfcc.mean": [
        [
            -1264.9136962890625,
            3.0517578125e-05,
            -6.866455078125e-05,
            3.0517578125e-05,
            -8.0108642578125e-05,
            6.866455078125e-05,
            -3.0517578125e-05,
            -6.866455078125e-05,
            -4.9591064453125e-05,
            -1.9073486328125e-05,
            -2.288818359375e-05,
            -1.9073486328125e-05,
            -4.1961669921875e-05
        ]
    ],
    "lowlevel.zerocrossingrate.mean": [
        0.49964839220046997
    ],
    "lowlevel.spectral_energyband_low.mean": [
        1.883428309146229e-13
    ],
    "lowlevel.spectral_energyband_middle_low.mean": [
        6.967779760287673e-13
    ],
    "lowlevel.spectral_energyband_middle_high.mean": [
        8.695370270171698e-13
    ],
    "lowlevel.spectral_energyband_high.mean": [
        5.297950121142814e-13
    ],
    "lowlevel.pitch_salience_mean": [
        0.7926309704780579
    ],
    "lowlevel.inharmonicity.mean": [
        0.16848568618297577
    ],
    "sfx.logattacktime.mean": [
        -3.60312819480896
    ],
    "lowlevel.lpc": [
        [
            0.0,
            0.0,
            0.0,
            0.0,
            0.0,
            0.0,
            0.0,
            0.0,
            0.0,
            0.0,
            0.0
        ]
    ],
    "lowlevel.spectralcentroid": [
        4058.092529296875
    ]
}