{
    "lowlevel.hfc.mean": [
        3.7745492458343506
    ],
    "lowlevel.mfcc.mean": [
        [
            -1016.4609985351562,
            48.0945930480957,
            -107.7176513671875,
            -41.32586669921875,
            -18.725143432617188,
            -3.9130747318267822,
            -9.38503360748291,
            19.46466827392578,
            37.0490837097168,
            9.074732780456543,
            -16.33443260192871,
            -3.292210578918457,
            -5.785436630249023
        ]
    ],
    "lowlevel.zerocrossingrate.mean": [
        0.10526231676340103
    ],
    "lowlevel.spectral_energyband_low.mean": [
        5.372798028702164e-08
    ],
    "lowlevel.spectral_energyband_middle_low.mean": [
        0.002408318454399705
    ],
    "lowlevel.spectral_energyband_middle_high.mean": [
        0.002267989329993725
    ],
    "lowlevel.spectral_energyband_high.mean": [
        1.2294680118429824e-06
    ],
    "lowlevel.pitch_salience_mean": [
        0.4075436294078827
    ],
    "lowlevel.inharmonicity.mean": [
        0.023471703752875328
    ],
    "sfx.logattacktime.mean": [
        -1.8916224241256714
    ],
    "lowlevel.lpc": [
        [
            1.0,
            -2.820803165435791,
            3.0835704803466797,
            -1.9929444789886475,
            0.9561633467674255,
            0.08794994652271271,
            -0.3678666353225708,
            -0.16622251272201538,
            0.5127444863319397,
            -0.47804194688796997,
            0.1950940638780594
        ]
    ],
    "lowlevel.spectralcentroid": [
        1148.746826171875
    ]
}