{
    "lowlevel.hfc.mean": [
        15.437088012695312
    ],
    "lowlevel.mfcc.mean": [
        [
            -965.6770629882812,
            280.2886962890625,
            84.89158630371094,
            -0.9276158809661865,
            -10.632926940917969,
            4.274484634399414,
            7.840358257293701,
            -2.33992075920105,
            -11.384648323059082,
            -6.725832939147949,
            5.990079402923584,
            8.351819038391113,
            -0.019719108939170837
        ]
    ],
    "lowlevel.zerocrossingrate.mean": [
        0.08234374970197678
    ],
    "lowlevel.spectral_energyband_low.mean": [
        0.030759010463953018
    ],
    "lowlevel.spectral_energyband_middle_low.mean": [
        0.061430398374795914
    ],
    "lowlevel.spectral_energyband_middle_high.mean": [
        0.0009099243907257915
    ],
    "lowlevel.spectral_energyband_high.mean": [
        3.282768602730357e-06
    ],
    "lowlevel.pitch_salience_mean": [
        0.5869266986846924
    ],
    "lowlevel.inharmonicity.mean": [
        0.057118091732263565
    ],
    "sfx.logattacktime.mean": [
        -2.49215030670166
    ],
    "lowlevel.lpc": [
        [
            1.0,
            -1.8015697002410889,
            0.6119853854179382,
            0.07714969664812088,
            0.09793407469987869,
            0.13243618607521057,
            -0.03832447901368141,
            -0.09795612841844559,
            -0.025111043825745583,
            0.08274983614683151,
            -0.03807979077100754
        ]
    ],
    "lowlevel.spectralcentroid": [
        281.0076599121094
    ]
}