{
    "lowlevel.hfc.mean": [
        1.184807584353348e-16
    ],
    "lowlevel.mfcc.mean": [
        [
            -1264.912841796875,
            3.0517578125e-05,
            -6.866455078125e-05,
            3.0517578125e-05,
            -8.0108642578125e-05,
            6.866455078125e-05,
            -3.0517578125e-05,
            -6.866455078125e-05,
            -4.9591064453125e-05,
            -1.9073486328125e-05,
            -2.288818359375e-05,
            -1.9073486328125e-05,
            -4.1961669921875e-05
        ]
    ],
    "lowlevel.zerocrossingrate.mean": [
        0.4997636675834656
    ],
    "lowlevel.spectral_energyband_low.mean": [
        7.52798097384397e-23
    ],
    "lowlevel.spectral_energyband_middle_low.mean": [
        3.191718095878751e-22
    ],
    "lowlevel.spectral_energyband_middle_high.mean": [
        1.57553046844329e-21
    ],
    "lowlevel.spectral_energyband_high.mean": [
        7.801418237974634e-21
    ],
    "lowlevel.pitch_salience_mean": [
        0.7903136610984802
    ],
    "lowlevel.inharmonicity.mean": [
        0.1703334003686905
    ],
    "sfx.logattacktime.mean": [
        -5.0
    ],
    "lowlevel.lpc": [
        [
            0.0,
            0.0,
            0.0,
            0.0,
            0.0,
            0.0,
            0.0,
            0.0,
            0.0,
            0.0,
            0.0
        ]
    ],
    "lowlevel.spectralcentroid": [
        0.0
    ]
}