{
    "lowlevel.hfc.mean": [
        64.52161407470703
    ],
    "lowlevel.mfcc.mean": [
        [
            -1007.4904174804688,
            18.59688377380371,
            -102.686767578125,
            -9.395781517028809,
            -23.77787208557129,
            -14.533310890197754,
            -7.476746559143066,
            -1.8739017248153687,
            5.3123955726623535,
            13.905749320983887,
            23.17732810974121,
            23.96279525756836,
            13.132564544677734
        ]
    ],
    "lowlevel.zerocrossingrate.mean": [
        0.2568243443965912
    ],
    "lowlevel.spectral_energyband_low.mean": [
        1.4032065109859104e-07
    ],
    "lowlevel.spectral_energyband_middle_low.mean": [
        0.005494039971381426
    ],
    "lowlevel.spectral_energyband_middle_high.mean": [
        0.04216507449746132
    ],
    "lowlevel.spectral_energyband_high.mean": [
        9.789393516257405e-05
    ],
    "lowlevel.pitch_salience_mean": [
        0.7547338604927063
    ],
    "lowlevel.inharmonicity.mean": [
        0.08570138365030289
    ],
    "sfx.logattacktime.mean": [
        0.22351181507110596
    ],
    "lowlevel.lpc": [
        [
            1.0,
            -3.0944290161132812,
            3.268641948699951,
            -0.9132909178733826,
            -0.43901586532592773,
            0.10124856233596802,
            -0.030317481607198715,
            0.14352728426456451,
            0.12629447877407074,
            -0.2475053071975708,
            0.09469245374202728
        ]
    ],
    "lowlevel.spectralcentroid": [
        1449.5457763671875
    ]
}