{
    "lowlevel.hfc.mean": [
        2.292503595352173
    ],
    "lowlevel.mfcc.mean": [
        [
            -1006.0398559570312,
            117.50251007080078,
            -23.804662704467773,
            -0.5212543606758118,
            -13.90549373626709,
            -25.432186126708984,
            -25.484617233276367,
            -11.96247673034668,
            -8.121650695800781,
            -5.910124778747559,
            -5.664993762969971,
            -1.7080700397491455,
            1.7873327732086182
        ]
    ],
    "lowlevel.zerocrossingrate.mean": [
        0.21648624539375305
    ],
    "lowlevel.spectral_energyband_low.mean": [
        8.90673527464969e-06
    ],
    "lowlevel.spectral_energyband_middle_low.mean": [
        0.004505791701376438
    ],
    "lowlevel.spectral_energyband_middle_high.mean": [
        0.000333751697326079
    ],
    "lowlevel.spectral_energyband_high.mean": [
        1.291994635721494e-06
    ],
    "lowlevel.pitch_salience_mean": [
        0.688970148563385
    ],
    "lowlevel.inharmonicity.mean": [
        0.08184778690338135
    ],
    "sfx.logattacktime.mean": [
        -0.1822652816772461
    ],
    "lowlevel.lpc": [
        [
            1.0,
            -2.7519211769104004,
            2.9472198486328125,
            -1.9544053077697754,
            1.3133492469787598,
            -0.8327145576477051,
            0.4808107912540436,
            -0.3752132058143616,
            0.3559429943561554,
            -0.3020411729812622,
            0.12202967703342438
        ]
    ],
    "lowlevel.spectralcentroid": [
        556.462158203125
    ]
}