{
    "lowlevel.hfc.mean": [
        2.357563062105328e-06
    ],
    "lowlevel.mfcc.mean": [
        [
            -1264.2457275390625,
            0.749531626701355,
            0.40180182456970215,
            0.20621970295906067,
            0.1570771485567093,
            0.11792325973510742,
            0.07807629555463791,
            0.06308259069919586,
            0.04807288199663162,
            0.029662081971764565,
            0.02113989368081093,
            0.00808583851903677,
            -0.015259350650012493
        ]
    ],
    "lowlevel.zerocrossingrate.mean": [
        0.4945504367351532
    ],
    "lowlevel.spectral_energyband_low.mean": [
        5.503544731055854e-09
    ],
    "lowlevel.spectral_energyband_middle_low.mean": [
        2.805191190446976e-09
    ],
    "lowlevel.spectral_energyband_middle_high.mean": [
        3.254128355667518e-10
    ],
    "lowlevel.spectral_energyband_high.mean": [
        7.821127773199876e-11
    ],
    "lowlevel.pitch_salience_mean": [
        0.7891847491264343
    ],
    "lowlevel.inharmonicity.mean": [
        0.16947443783283234
    ],
    "sfx.logattacktime.mean": [
        -5.0
    ],
    "lowlevel.lpc": [
        [
            1.0,
            -0.943139910697937,
            -0.10147780179977417,
            0.08610565960407257,
            -0.057805441319942474,
            0.0429430827498436,
            -0.03252862021327019,
            0.009192539379000664,
            -0.007350065745413303,
            0.0067703258246183395,
            0.0063473815098404884
        ]
    ],
    "lowlevel.spectralcentroid": [
        688.4904174804688
    ]
}