{
    "lowlevel.hfc.mean": [
        16.858806610107422
    ],
    "lowlevel.mfcc.mean": [
        [
            -886.4042358398438,
            137.1378173828125,
            -144.81585693359375,
            -37.743038177490234,
            -30.111608505249023,
            -12.784265518188477,
            -12.955887794494629,
            -18.277606964111328,
            -19.075300216674805,
            -20.45783042907715,
            -16.16874122619629,
            -18.66710662841797,
            -21.366134643554688
        ]
    ],
    "lowlevel.zerocrossingrate.mean": [
        0.14109009504318237
    ],
    "lowlevel.spectral_energyband_low.mean": [
        2.4877746085394392e-08
    ],
    "lowlevel.spectral_energyband_middle_low.mean": [
        0.0020133797079324722
    ],
    "lowlevel.spectral_energyband_middle_high.mean": [
        0.0110595328733325
    ],
    "lowlevel.spectral_energyband_high.mean": [
        4.5059291551297065e-06
    ],
    "lowlevel.pitch_salience_mean": [
        0.8490726351737976
    ],
    "lowlevel.inharmonicity.mean": [
        0.04385914281010628
    ],
    "sfx.logattacktime.mean": [
        -1.3333207368850708
    ],
    "lowlevel.lpc": [
        [
            1.0,
            -3.890428066253662,
            6.205809593200684,
            -5.389183521270752,
            3.1152517795562744,
            -1.2572942972183228,
            -0.4446699023246765,
            1.538670539855957,
            -1.3326160907745361,
            0.5531485676765442,
            -0.09556320309638977
        ]
    ],
    "lowlevel.spectralcentroid": [
        1366.7174072265625
    ]
}