{
    "lowlevel.hfc.mean": [
        1.3992055514222557e-08
    ],
    "lowlevel.mfcc.mean": [
        [
            -1264.892822265625,
            0.03902450203895569,
            0.0371234230697155,
            0.034450456500053406,
            0.03090345486998558,
            0.027307460084557533,
            0.023503927513957024,
            0.02008930966258049,
            0.017244169488549232,
            0.014983047731220722,
            0.01319695170968771,
            0.011765131726861,
            0.010432450100779533
        ]
    ],
    "lowlevel.zerocrossingrate.mean": [
        0.4966917932033539
    ],
    "lowlevel.spectral_energyband_low.mean": [
        1.7466321791670403e-11
    ],
    "lowlevel.spectral_energyband_middle_low.mean": [
        9.441926407394163e-12
    ],
    "lowlevel.spectral_energyband_middle_high.mean": [
        1.625956639293713e-12
    ],
    "lowlevel.spectral_energyband_high.mean": [
        6.39456315589676e-13
    ],
    "lowlevel.pitch_salience_mean": [
        0.7904147505760193
    ],
    "lowlevel.inharmonicity.mean": [
        0.1642887443304062
    ],
    "sfx.logattacktime.mean": [
        -5.0
    ],
    "lowlevel.lpc": [
        [
            0.0,
            0.0,
            0.0,
            0.0,
            0.0,
            0.0,
            0.0,
            0.0,
            0.0,
            0.0,
            0.0
        ]
    ],
    "lowlevel.spectralcentroid": [
        1054.9530029296875
    ]
}