{
    "lowlevel.hfc.mean": [
        2.2609546184539795
    ],
    "lowlevel.mfcc.mean": [
        [
            -937.7356567382812,
            185.1229705810547,
            -59.24482727050781,
            -20.00667953491211,
            -17.192232131958008,
            -5.156254291534424,
            20.39200782775879,
            13.60987377166748,
            -3.4317760467529297,
            2.9651236534118652,
            7.312960624694824,
            -9.587846755981445,
            -7.3824663162231445
        ]
    ],
    "lowlevel.zerocrossingrate.mean": [
        0.1226361095905304
    ],
    "lowlevel.spectral_energyband_low.mean": [
        0.0002735692251008004
    ],
    "lowlevel.spectral_energyband_middle_low.mean": [
        0.0018420199630782008
    ],
    "lowlevel.spectral_energyband_middle_high.mean": [
        0.0011608508648350835
    ],
    "lowlevel.spectral_energyband_high.mean": [
        2.2121791687368386e-07
    ],
    "lowlevel.pitch_salience_mean": [
        0.7425159215927124
    ],
    "lowlevel.inharmonicity.mean": [
        0.05128493160009384
    ],
    "sfx.logattacktime.mean": [
        -0.18831562995910645
    ],
    "lowlevel.lpc": [
        [
            1.0,
            -2.88407564163208,
            2.9709789752960205,
            -1.4943548440933228,
            0.7114592790603638,
            -0.2242344617843628,
            -0.0983518585562706,
            -0.1333741396665573,
            0.06970435380935669,
            0.2091534286737442,
            -0.12382645159959793
        ]
    ],
    "lowlevel.spectralcentroid": [
        888.1942749023438
    ]
}