{
    "lowlevel.hfc.mean": [
        1.3132787898939569e-05
    ],
    "lowlevel.mfcc.mean": [
        [
            -1263.97119140625,
            0.79390549659729,
            0.26347261667251587,
            0.19628368318080902,
            0.1299467831850052,
            0.11178020387887955,
            0.08693347126245499,
            0.06740434467792511,
            0.051711708307266235,
            0.048753105103969574,
            0.034229621291160583,
            0.032973505556583405,
            0.027031756937503815
        ]
    ],
    "lowlevel.zerocrossingrate.mean": [
        0.49452778697013855
    ],
    "lowlevel.spectral_energyband_low.mean": [
        7.043875172030312e-08
    ],
    "lowlevel.spectral_energyband_middle_low.mean": [
        8.40816305469616e-09
    ],
    "lowlevel.spectral_energyband_middle_high.mean": [
        1.4679943927120576e-09
    ],
    "lowlevel.spectral_energyband_high.mean": [
        3.771185030920776e-10
    ],
    "lowlevel.pitch_salience_mean": [
        0.7887062430381775
    ],
    "lowlevel.inharmonicity.mean": [
        0.16504624485969543
    ],
    "sfx.logattacktime.mean": [
        -2.6401174068450928
    ],
    "lowlevel.lpc": [
        [
            1.0,
            -0.8618417382240295,
            -0.20790544152259827,
            0.11253807693719864,
            -0.06136277690529823,
            0.028232788667082787,
            -0.006932833231985569,
            -0.013733001425862312,
            0.027776261791586876,
            -0.031785644590854645,
            0.01949918270111084
        ]
    ],
    "lowlevel.spectralcentroid": [
        413.0819091796875
    ]
}