{
    "lowlevel.hfc.mean": [
        97.39228057861328
    ],
    "lowlevel.mfcc.mean": [
        [
            -989.4642333984375,
            -20.482349395751953,
            -22.310026168823242,
            9.132669448852539,
            -7.558457851409912,
            10.898218154907227,
            10.188915252685547,
            14.333747863769531,
            -0.4567447304725647,
            -26.191938400268555,
            -12.87337589263916,
            27.955236434936523,
            49.61652374267578
        ]
    ],
    "lowlevel.zerocrossingrate.mean": [
        0.2682722508907318
    ],
    "lowlevel.spectral_energyband_low.mean": [
        1.2999879800190683e-05
    ],
    "lowlevel.spectral_energyband_middle_low.mean": [
        2.948915152956033e-06
    ],
    "lowlevel.spectral_energyband_middle_high.mean": [
        0.04157909378409386
    ],
    "lowlevel.spectral_energyband_high.mean": [
        0.002184642944484949
    ],
    "lowlevel.pitch_salience_mean": [
        0.714340090751648
    ],
    "lowlevel.inharmonicity.mean": [
        0.06988780200481415
    ],
    "sfx.logattacktime.mean": [
        0.12290280312299728
    ],
    "lowlevel.lpc": [
        [
            1.0,
            -2.6525840759277344,
            3.2513179779052734,
            -2.815434217453003,
            2.324268102645874,
            -1.672117829322815,
            0.8916269540786743,
            -0.5489795207977295,
            0.6028554439544678,
            -0.4228973984718323,
            0.12273205071687698
        ]
    ],
    "lowlevel.spectralcentroid": [
        2417.693115234375
    ]
}