{
    "lowlevel.hfc.mean": [
        0.31209516525268555
    ],
    "lowlevel.mfcc.mean": [
        [
            -1074.5521240234375,
            77.64688873291016,
            -33.79446792602539,
            12.585273742675781,
            20.890361785888672,
            27.386064529418945,
            24.4989013671875,
            8.335482597351074,
            -3.5071942806243896,
            6.461660385131836,
            6.88399076461792,
            1.6602249145507812,
            -1.2973451614379883
        ]
    ],
    "lowlevel.zerocrossingrate.mean": [
        0.08936969935894012
    ],
    "lowlevel.spectral_energyband_low.mean": [
        3.591634231270291e-05
    ],
    "lowlevel.spectral_energyband_middle_low.mean": [
        8.099761998892063e-07
    ],
    "lowlevel.spectral_energyband_middle_high.mean": [
        0.00012177581083960831
    ],
    "lowlevel.spectral_energyband_high.mean": [
        1.2430854440026451e-05
    ],
    "lowlevel.pitch_salience_mean": [
        0.4039066433906555
    ],
    "lowlevel.inharmonicity.mean": [
        0.07323336601257324
    ],
    "sfx.logattacktime.mean": [
        -1.443588137626648
    ],
    "lowlevel.lpc": [
        [
            1.0,
            -2.930743932723999,
            4.027252674102783,
            -3.5229504108428955,
            2.2272627353668213,
            -1.1205034255981445,
            0.4587423503398895,
            -0.09443038702011108,
            -0.002959311008453369,
            -0.05327818542718887,
            0.04274427145719528
        ]
    ],
    "lowlevel.spectralcentroid": [
        2162.02880859375
    ]
}