{
    "lowlevel.hfc.mean": [
        1.7892659902572632
    ],
    "lowlevel.mfcc.mean": [
        [
            -1167.0078125,
            22.83307647705078,
            -12.421478271484375,
            3.945528507232666,
            -2.048250913619995,
            -5.589180946350098,
            -9.849224090576172,
            -7.216605186462402,
            -4.420225143432617,
            -2.0750584602355957,
            -3.29770565032959,
            -0.5188969373703003,
            1.792570948600769
        ]
    ],
    "lowlevel.zerocrossingrate.mean": [
        0.3922503888607025
    ],
    "lowlevel.spectral_energyband_low.mean": [
        3.0364160465978784e-06
    ],
    "lowlevel.spectral_energyband_middle_low.mean": [
        0.00388406147249043
    ],
    "lowlevel.spectral_energyband_middle_high.mean": [
        0.00018447358161211014
    ],
    "lowlevel.spectral_energyband_high.mean": [
        4.738296411233023e-06
    ],
    "lowlevel.pitch_salience_mean": [
        0.6917272806167603
    ],
    "lowlevel.inharmonicity.mean": [
        0.13134028017520905
    ],
    "sfx.logattacktime.mean": [
        -3.2294797897338867
    ],
    "lowlevel.lpc": [
        [
            1.0,
            -2.220857858657837,
            1.4274072647094727,
            -0.04681964963674545,
            -0.16144661605358124,
            0.013422082178294659,
            0.002307957038283348,
            -0.034428682178258896,
            0.05289912223815918,
            -0.05805006995797157,
            0.029418593272566795
        ]
    ],
    "lowlevel.spectralcentroid": [
        598.8819580078125
    ]
}