{
    "lowlevel.hfc.mean": [
        4.572815895080566
    ],
    "lowlevel.mfcc.mean": [
        [
            -1002.8612670898438,
            58.97444152832031,
            -40.06351089477539,
            11.62513542175293,
            -6.960330009460449,
            -16.435768127441406,
            -27.773406982421875,
            -18.82877540588379,
            -14.482744216918945,
            -5.553015232086182,
            -9.152523040771484,
            -2.5882554054260254,
            6.312034606933594
        ]
    ],
    "lowlevel.zerocrossingrate.mean": [
        0.21964684128761292
    ],
    "lowlevel.spectral_energyband_low.mean": [
        1.4115051953922375e-06
    ],
    "lowlevel.spectral_energyband_middle_low.mean": [
        0.009875536896288395
    ],
    "lowlevel.spectral_energyband_middle_high.mean": [
        0.00048678411985747516
    ],
    "lowlevel.spectral_energyband_high.mean": [
        9.674710781837348e-06
    ],
    "lowlevel.pitch_salience_mean": [
        0.47131285071372986
    ],
    "lowlevel.inharmonicity.mean": [
        0.07603366672992706
    ],
    "sfx.logattacktime.mean": [
        -0.7325888276100159
    ],
    "lowlevel.lpc": [
        [
            1.0,
            -3.1947898864746094,
            4.412879467010498,
            -3.8404359817504883,
            2.717622756958008,
            -1.78226900100708,
            1.1682085990905762,
            -0.8846796751022339,
            0.7334346175193787,
            -0.47504034638404846,
            0.14726057648658752
        ]
    ],
    "lowlevel.spectralcentroid": [
        598.373291015625
    ]
}