{
    "lowlevel.hfc.mean": [
        3.5137813091278076
    ],
    "lowlevel.mfcc.mean": [
        [
            -1030.7662353515625,
            204.2433624267578,
            72.0431137084961,
            21.12158203125,
            9.81607437133789,
            8.338539123535156,
            3.615896701812744,
            -5.110014915466309,
            -10.206984519958496,
            -5.994118690490723,
            -1.013417363166809,
            0.18092241883277893,
            -3.4469850063323975
        ]
    ],
    "lowlevel.zerocrossingrate.mean": [
        0.07140429317951202
    ],
    "lowlevel.spectral_energyband_low.mean": [
        0.006964975502341986
    ],
    "lowlevel.spectral_energyband_middle_low.mean": [
        0.014277885667979717
    ],
    "lowlevel.spectral_energyband_middle_high.mean": [
        0.00016736678662709892
    ],
    "lowlevel.spectral_energyband_high.mean": [
        5.345557951841329e-07
    ],
    "lowlevel.pitch_salience_mean": [
        0.5549364686012268
    ],
    "lowlevel.inharmonicity.mean": [
        0.050201501697301865
    ],
    "sfx.logattacktime.mean": [
        -2.49215030670166
    ],
    "lowlevel.lpc": [
        [
            1.0,
            -1.748390793800354,
            0.427936315536499,
            0.13238050043582916,
            0.2746260464191437,
            0.14016029238700867,
            -0.14235647022724152,
            -0.1029684990644455,
            0.02931367978453636,
            -0.09354639053344727,
            0.0841098427772522
        ]
    ],
    "lowlevel.spectralcentroid": [
        276.80157470703125
    ]
}