{
    "lowlevel.hfc.mean": [
        1.6970417959782935e-08
    ],
    "lowlevel.mfcc.mean": [
        [
            -1264.9117431640625,
            3.0517578125e-05,
            -6.866455078125e-05,
            3.0517578125e-05,
            -8.0108642578125e-05,
            6.866455078125e-05,
            -3.0517578125e-05,
            -6.866455078125e-05,
            -4.9591064453125e-05,
            -1.9073486328125e-05,
            -2.288818359375e-05,
            -1.9073486328125e-05,
            -4.1961669921875e-05
        ]
    ],
    "lowlevel.zerocrossingrate.mean": [
        0.49794429540634155
    ],
    "lowlevel.spectral_energyband_low.mean": [
        2.6511223229740144e-13
    ],
    "lowlevel.spectral_energyband_middle_low.mean": [
        7.974302641822195e-12
    ],
    "lowlevel.spectral_energyband_middle_high.mean": [
        2.727565135557386e-12
    ],
    "lowlevel.spectral_energyband_high.mean": [
        9.411635967099263e-13
    ],
    "lowlevel.pitch_salience_mean": [
        0.7992412447929382
    ],
    "lowlevel.inharmonicity.mean": [
        0.15344423055648804
    ],
    "sfx.logattacktime.mean": [
        -3.644479274749756
    ],
    "lowlevel.lpc": [
        [
            0.0,
            0.0,
            0.0,
            0.0,
            0.0,
            0.0,
            0.0,
            0.0,
            0.0,
            0.0,
            0.0
        ]
    ],
    "lowlevel.spectralcentroid": [
        2634.47314453125
    ]
}