{
    "lowlevel.hfc.mean": [
        7.307628631591797
    ],
    "lowlevel.mfcc.mean": [
        [
            -1075.0347900390625,
            115.0460205078125,
            -4.843705654144287,
            -18.767791748046875,
            -20.512434005737305,
            -16.586477279663086,
            -10.109623908996582,
            -2.063941240310669,
            4.882002353668213,
            4.973912239074707,
            -4.0424113273620605,
            4.504083156585693,
            8.102017402648926
        ]
    ],
    "lowlevel.zerocrossingrate.mean": [
        0.28338778018951416
    ],
    "lowlevel.spectral_energyband_low.mean": [
        7.777907012496144e-05
    ],
    "lowlevel.spectral_energyband_middle_low.mean": [
        0.01305741909891367
    ],
    "lowlevel.spectral_energyband_middle_high.mean": [
        0.0007647078018635511
    ],
    "lowlevel.spectral_energyband_high.mean": [
        7.798719252605224e-07
    ],
    "lowlevel.pitch_salience_mean": [
        0.7475302815437317
    ],
    "lowlevel.inharmonicity.mean": [
        0.11348780989646912
    ],
    "sfx.logattacktime.mean": [
        -1.282333254814148
    ],
    "lowlevel.lpc": [
        [
            1.0,
            -1.6439151763916016,
            0.31302857398986816,
            0.19665974378585815,
            0.10350046306848526,
            0.054649338126182556,
            0.04246605187654495,
            0.010379108600318432,
            -0.025412429124116898,
            -0.057526569813489914,
            0.010500761680305004
        ]
    ],
    "lowlevel.spectralcentroid": [
        552.0457153320312
    ]
}