{
    "lowlevel.hfc.mean": [
        23.400358200073242
    ],
    "lowlevel.mfcc.mean": [
        [
            -897.7905883789062,
            120.83500671386719,
            -144.10263061523438,
            -39.0226936340332,
            -23.23029136657715,
            -17.735355377197266,
            -18.275365829467773,
            -19.0078182220459,
            -30.530128479003906,
            -28.221281051635742,
            -26.697282791137695,
            -21.36052131652832,
            -9.950112342834473
        ]
    ],
    "lowlevel.zerocrossingrate.mean": [
        0.15846021473407745
    ],
    "lowlevel.spectral_energyband_low.mean": [
        3.778766100026587e-08
    ],
    "lowlevel.spectral_energyband_middle_low.mean": [
        0.002895788988098502
    ],
    "lowlevel.spectral_energyband_middle_high.mean": [
        0.016673492267727852
    ],
    "lowlevel.spectral_energyband_high.mean": [
        5.57728026251425e-06
    ],
    "lowlevel.pitch_salience_mean": [
        0.8646708726882935
    ],
    "lowlevel.inharmonicity.mean": [
        0.047441575676202774
    ],
    "sfx.logattacktime.mean": [
        -1.7300950288772583
    ],
    "lowlevel.lpc": [
        [
            1.0,
            -3.526149034500122,
            4.705211639404297,
            -2.811506986618042,
            0.6299671530723572,
            0.20090745389461517,
            -0.4842097759246826,
            0.3126967251300812,
            0.10107952356338501,
            -0.17110435664653778,
            0.046365439891815186
        ]
    ],
    "lowlevel.spectralcentroid": [
        1306.0440673828125
    ]
}