{
    "lowlevel.hfc.mean": [
        0.8364053964614868
    ],
    "lowlevel.mfcc.mean": [
        [
            -1052.12841796875,
            85.04751586914062,
            -90.52763366699219,
            -45.88228225708008,
            -3.315192461013794,
            -13.778435707092285,
            -30.72690773010254,
            -7.303954601287842,
            6.984097480773926,
            -2.629303216934204,
            -9.528037071228027,
            -7.540777683258057,
            2.769895076751709
        ]
    ],
    "lowlevel.zerocrossingrate.mean": [
        0.1564677506685257
    ],
    "lowlevel.spectral_energyband_low.mean": [
        6.102440863742231e-08
    ],
    "lowlevel.spectral_energyband_middle_low.mean": [
        0.0008107884787023067
    ],
    "lowlevel.spectral_energyband_middle_high.mean": [
        0.0003603024815674871
    ],
    "lowlevel.spectral_energyband_high.mean": [
        1.3818895183703717e-07
    ],
    "lowlevel.pitch_salience_mean": [
        0.6500439643859863
    ],
    "lowlevel.inharmonicity.mean": [
        0.04133138433098793
    ],
    "sfx.logattacktime.mean": [
        -1.4493696689605713
    ],
    "lowlevel.lpc": [
        [
            1.0,
            -2.876723289489746,
            3.3505213260650635,
            -2.5468454360961914,
            1.4853609800338745,
            -0.20069828629493713,
            -0.16972008347511292,
            -0.2460574507713318,
            0.46951669454574585,
            -0.4585472643375397,
            0.19853252172470093
        ]
    ],
    "lowlevel.spectralcentroid": [
        966.21240234375
    ]
}