{
    "lowlevel.hfc.mean": [
        2.687647111088154e-06
    ],
    "lowlevel.mfcc.mean": [
        [
            -1264.2200927734375,
            0.8905340433120728,
            0.6790580153465271,
            0.44513553380966187,
            0.2531901001930237,
            0.10791727900505066,
            -0.0022380193695425987,
            -0.06697715073823929,
            -0.07150913774967194,
            -0.028087783604860306,
            0.023564450442790985,
            0.0441928394138813,
            0.021245192736387253
        ]
    ],
    "lowlevel.zerocrossingrate.mean": [
        0.49412333965301514
    ],
    "lowlevel.spectral_energyband_low.mean": [
        1.051808506957741e-08
    ],
    "lowlevel.spectral_energyband_middle_low.mean": [
        7.172856975046216e-09
    ],
    "lowlevel.spectral_energyband_middle_high.mean": [
        7.747993219231475e-11
    ],
    "lowlevel.spectral_energyband_high.mean": [
        1.624352388707173e-11
    ],
    "lowlevel.pitch_salience_mean": [
        0.7906157374382019
    ],
    "lowlevel.inharmonicity.mean": [
        0.16841402649879456
    ],
    "sfx.logattacktime.mean": [
        -5.0
    ],
    "lowlevel.lpc": [
        [
            1.0,
            -1.094137191772461,
            0.03182680532336235,
            -0.10105414688587189,
            0.16032089293003082,
            -0.18522505462169647,
            0.1860000640153885,
            -0.10538936406373978,
            0.16183918714523315,
            -0.17255127429962158,
            0.12187156081199646
        ]
    ],
    "lowlevel.spectralcentroid": [
        240.887939453125
    ]
}