{
    "lowlevel.hfc.mean": [
        0.049020666629076004
    ],
    "lowlevel.mfcc.mean": [
        [
            -1103.7205810546875,
            148.50074768066406,
            27.70111083984375,
            -5.079697132110596,
            10.565374374389648,
            8.847604751586914,
            -2.8679375648498535,
            -6.2202277183532715,
            -9.966829299926758,
            -10.04664134979248,
            1.9516173601150513,
            11.29249095916748,
            8.379596710205078
        ]
    ],
    "lowlevel.zerocrossingrate.mean": [
        0.02100423164665699
    ],
    "lowlevel.spectral_energyband_low.mean": [
        3.441872831899673e-05
    ],
    "lowlevel.spectral_energyband_middle_low.mean": [
        0.00011214050755370408
    ],
    "lowlevel.spectral_energyband_middle_high.mean": [
        8.327067007485311e-06
    ],
    "lowlevel.spectral_energyband_high.mean": [
        1.0724993337873912e-08
    ],
    "lowlevel.pitch_salience_mean": [
        0.38071539998054504
    ],
    "lowlevel.inharmonicity.mean": [
        0.013719753362238407
    ],
    "sfx.logattacktime.mean": [
        -0.8738074898719788
    ],
    "lowlevel.lpc": [
        [
            1.0,
            -1.7070058584213257,
            0.3661251664161682,
            0.18116521835327148,
            0.22534680366516113,
            0.003884670790284872,
            0.08086833357810974,
            -0.08620741218328476,
            -0.021569158881902695,
            -0.1505865752696991,
            0.10988185554742813
        ]
    ],
    "lowlevel.spectralcentroid": [
        372.3661193847656
    ]
}