{
    "lowlevel.hfc.mean": [
        0.01935425028204918
    ],
    "lowlevel.mfcc.mean": [
        [
            -1140.8604736328125,
            121.15171813964844,
            31.306560516357422,
            -7.617035388946533,
            -3.3416528701782227,
            9.971623420715332,
            16.547748565673828,
            16.281892776489258,
            11.968457221984863,
            3.2224693298339844,
            -5.544209957122803,
            -8.909869194030762,
            -2.918133497238159
        ]
    ],
    "lowlevel.zerocrossingrate.mean": [
        0.04666319116950035
    ],
    "lowlevel.spectral_energyband_low.mean": [
        3.064433258259669e-05
    ],
    "lowlevel.spectral_energyband_middle_low.mean": [
        5.837180196976988e-06
    ],
    "lowlevel.spectral_energyband_middle_high.mean": [
        1.8012871805694886e-05
    ],
    "lowlevel.spectral_energyband_high.mean": [
        1.0564247254762904e-08
    ],
    "lowlevel.pitch_salience_mean": [
        0.3035700023174286
    ],
    "lowlevel.inharmonicity.mean": [
        0.13456092774868011
    ],
    "sfx.logattacktime.mean": [
        -0.9075642228126526
    ],
    "lowlevel.lpc": [
        [
            1.0,
            -1.4971357583999634,
            0.17984206974506378,
            0.09654992818832397,
            0.1619032323360443,
            -0.000970230030361563,
            0.08559722453355789,
            0.0027959737926721573,
            0.08063717186450958,
            0.03415311872959137,
            -0.14186443388462067
        ]
    ],
    "lowlevel.spectralcentroid": [
        460.0460205078125
    ]
}