{
    "lowlevel.hfc.mean": [
        2.7607065931078978e-05
    ],
    "lowlevel.mfcc.mean": [
        [
            -1263.5941162109375,
            0.9305238127708435,
            0.2850196361541748,
            0.21957933902740479,
            0.1213575080037117,
            0.10088265687227249,
            0.07815729081630707,
            0.06582411378622055,
            0.04610401391983032,
            0.02468292973935604,
            -0.012951197102665901,
            -0.04306703060865402,
            -0.061507467180490494
        ]
    ],
    "lowlevel.zerocrossingrate.mean": [
        0.49489039182662964
    ],
    "lowlevel.spectral_energyband_low.mean": [
        5.11848874396037e-08
    ],
    "lowlevel.spectral_energyband_middle_low.mean": [
        3.610980670032404e-08
    ],
    "lowlevel.spectral_energyband_middle_high.mean": [
        3.6412475257208143e-09
    ],
    "lowlevel.spectral_energyband_high.mean": [
        8.977376064756015e-10
    ],
    "lowlevel.pitch_salience_mean": [
        0.7912979125976562
    ],
    "lowlevel.inharmonicity.mean": [
        0.17495378851890564
    ],
    "sfx.logattacktime.mean": [
        -5.0
    ],
    "lowlevel.lpc": [
        [
            1.0,
            -1.0353493690490723,
            0.07842203229665756,
            -0.07921663671731949,
            0.07265258580446243,
            -0.07129961252212524,
            0.0691298097372055,
            -0.0575874000787735,
            0.049333661794662476,
            -0.03740863502025604,
            0.021790098398923874
        ]
    ],
    "lowlevel.spectralcentroid": [
        685.4617309570312
    ]
}