{
    "lowlevel.hfc.mean": [
        103.12775421142578
    ],
    "lowlevel.mfcc.mean": [
        [
            -862.2296752929688,
            18.16782569885254,
            -93.59172058105469,
            18.246206283569336,
            -2.8411643505096436,
            -27.888614654541016,
            -21.157955169677734,
            0.5066841244697571,
            -10.949285507202148,
            4.3211188316345215,
            3.1086089611053467,
            8.783919334411621,
            37.978187561035156
        ]
    ],
    "lowlevel.zerocrossingrate.mean": [
        0.20067539811134338
    ],
    "lowlevel.spectral_energyband_low.mean": [
        9.400604540132917e-06
    ],
    "lowlevel.spectral_energyband_middle_low.mean": [
        0.01401671115309
    ],
    "lowlevel.spectral_energyband_middle_high.mean": [
        0.05265802517533302
    ],
    "lowlevel.spectral_energyband_high.mean": [
        0.00041048001730814576
    ],
    "lowlevel.pitch_salience_mean": [
        0.7062599062919617
    ],
    "lowlevel.inharmonicity.mean": [
        0.04667181521654129
    ],
    "sfx.logattacktime.mean": [
        0.02631734125316143
    ],
    "lowlevel.lpc": [
        [
            1.0,
            -3.522547960281372,
            5.73736572265625,
            -6.362839698791504,
            5.98792839050293,
            -4.8785505294799805,
            3.2381792068481445,
            -1.826460838317871,
            0.9653472900390625,
            -0.45203840732574463,
            0.12585873901844025
        ]
    ],
    "lowlevel.spectralcentroid": [
        1832.522705078125
    ]
}