{
    "lowlevel.hfc.mean": [
        8.491055268677883e-06
    ],
    "lowlevel.mfcc.mean": [
        [
            -1263.774169921875,
            1.0755096673965454,
            0.39411070942878723,
            0.24671322107315063,
            0.1779213845729828,
            0.11144261062145233,
            0.09055846929550171,
            0.0537949874997139,
            0.03426453098654747,
            0.008498777635395527,
            -0.011180710047483444,
            -0.03534054011106491,
            -0.06949682533740997
        ]
    ],
    "lowlevel.zerocrossingrate.mean": [
        0.4932951033115387
    ],
    "lowlevel.spectral_energyband_low.mean": [
        1.4474245801920915e-08
    ],
    "lowlevel.spectral_energyband_middle_low.mean": [
        1.0190278842969747e-08
    ],
    "lowlevel.spectral_energyband_middle_high.mean": [
        1.0904495084673727e-09
    ],
    "lowlevel.spectral_energyband_high.mean": [
        2.919580133209365e-10
    ],
    "lowlevel.pitch_salience_mean": [
        0.7906349301338196
    ],
    "lowlevel.inharmonicity.mean": [
        0.16885708272457123
    ],
    "sfx.logattacktime.mean": [
        -5.0
    ],
    "lowlevel.lpc": [
        [
            1.0,
            -0.9123092293739319,
            -0.10304334759712219,
            0.029494840651750565,
            -0.012563078664243221,
            -0.0006718898075632751,
            0.019955523312091827,
            -0.021913954988121986,
            0.01787703111767769,
            -0.021831464022397995,
            0.016529778018593788
        ]
    ],
    "lowlevel.spectralcentroid": [
        805.4990844726562
    ]
}