{
    "lowlevel.hfc.mean": [
        91.23534393310547
    ],
    "lowlevel.mfcc.mean": [
        [
            -1144.5902099609375,
            2.1985297203063965,
            7.03899621963501,
            3.6326417922973633,
            1.6309309005737305,
            -2.364799976348877,
            -3.912734031677246,
            -3.9620654582977295,
            -5.070371627807617,
            -4.771249771118164,
            -3.5711019039154053,
            -1.5578453540802002,
            0.5516185164451599
        ]
    ],
    "lowlevel.zerocrossingrate.mean": [
        0.43651413917541504
    ],
    "lowlevel.spectral_energyband_low.mean": [
        0.0002688723034225404
    ],
    "lowlevel.spectral_energyband_middle_low.mean": [
        0.03826127573847771
    ],
    "lowlevel.spectral_energyband_middle_high.mean": [
        0.0025101350620388985
    ],
    "lowlevel.spectral_energyband_high.mean": [
        0.008075956255197525
    ],
    "lowlevel.pitch_salience_mean": [
        0.7739313840866089
    ],
    "lowlevel.inharmonicity.mean": [
        0.12687011063098907
    ],
    "sfx.logattacktime.mean": [
        -3.2642273902893066
    ],
    "lowlevel.lpc": [
        [
            1.0,
            -1.4996803998947144,
            1.7981257438659668,
            -2.0068061351776123,
            1.7178963422775269,
            -1.7480945587158203,
            1.446260929107666,
            -1.2722834348678589,
            0.8877748847007751,
            -0.525302529335022,
            0.24013471603393555
        ]
    ],
    "lowlevel.spectralcentroid": [
        3575.14453125
    ]
}