{
    "lowlevel.hfc.mean": [
        4.7349911369565234e-07
    ],
    "lowlevel.mfcc.mean": [
        [
            -1264.5482177734375,
            0.4658288061618805,
            0.3605458736419678,
            0.24496102333068848,
            0.16026398539543152,
            0.11536680161952972,
            0.09312168508768082,
            0.07544813305139542,
            0.05574142932891846,
            0.03549451753497124,
            0.0156089523807168,
            -0.005193156190216541,
            -0.02644827403128147
        ]
    ],
    "lowlevel.zerocrossingrate.mean": [
        0.4946253001689911
    ],
    "lowlevel.spectral_energyband_low.mean": [
        1.0185822185704296e-09
    ],
    "lowlevel.spectral_energyband_middle_low.mean": [
        5.400017100143373e-10
    ],
    "lowlevel.spectral_energyband_middle_high.mean": [
        6.417574111017288e-11
    ],
    "lowlevel.spectral_energyband_high.mean": [
        1.5815971796118156e-11
    ],
    "lowlevel.pitch_salience_mean": [
        0.7904156446456909
    ],
    "lowlevel.inharmonicity.mean": [
        0.16428020596504211
    ],
    "sfx.logattacktime.mean": [
        -5.0
    ],
    "lowlevel.lpc": [
        [
            1.0,
            -0.9068936109542847,
            -0.13669420778751373,
            0.09241607040166855,
            -0.06592310220003128,
            0.023929182440042496,
            -0.008176700212061405,
            0.01970554143190384,
            -0.028843475505709648,
            0.031716883182525635,
            -0.011339493095874786
        ]
    ],
    "lowlevel.spectralcentroid": [
        656.721435546875
    ]
}