{
    "lowlevel.hfc.mean": [
        1.6365633010864258
    ],
    "lowlevel.mfcc.mean": [
        [
            -992.2474365234375,
            74.28252410888672,
            -48.387351989746094,
            -9.320403099060059,
            -9.451824188232422,
            -7.539847373962402,
            -4.507172584533691,
            1.224698543548584,
            -10.078495979309082,
            -1.4441078901290894,
            -7.2829413414001465,
            -17.202720642089844,
            -4.502633094787598
        ]
    ],
    "lowlevel.zerocrossingrate.mean": [
        0.21147148311138153
    ],
    "lowlevel.spectral_energyband_low.mean": [
        1.6731654568502563e-06
    ],
    "lowlevel.spectral_energyband_middle_low.mean": [
        0.0003972210979554802
    ],
    "lowlevel.spectral_energyband_middle_high.mean": [
        0.0009931876556947827
    ],
    "lowlevel.spectral_energyband_high.mean": [
        7.055611604300793e-06
    ],
    "lowlevel.pitch_salience_mean": [
        0.7419738173484802
    ],
    "lowlevel.inharmonicity.mean": [
        0.07481987774372101
    ],
    "sfx.logattacktime.mean": [
        -0.21028505265712738
    ],
    "lowlevel.lpc": [
        [
            1.0,
            -3.0766029357910156,
            4.1708598136901855,
            -3.637239456176758,
            2.5675389766693115,
            -1.5930851697921753,
            0.9634219408035278,
            -0.683836817741394,
            0.5293668508529663,
            -0.3331315815448761,
            0.10652977228164673
        ]
    ],
    "lowlevel.spectralcentroid": [
        1415.5411376953125
    ]
}