{
    "lowlevel.hfc.mean": [
        4.430442004377255e-07
    ],
    "lowlevel.mfcc.mean": [
        [
            -1264.65869140625,
            0.29819703102111816,
            0.15441308915615082,
            0.0486827977001667,
            0.021956807002425194,
            0.0281501617282629,
            0.016381802037358284,
            -0.010902619920670986,
            -0.02586396411061287,
            -0.018959714099764824,
            -0.001441143685951829,
            0.01328317541629076,
            0.01649269089102745
        ]
    ],
    "lowlevel.zerocrossingrate.mean": [
        0.49533265829086304
    ],
    "lowlevel.spectral_energyband_low.mean": [
        1.7770726556953775e-10
    ],
    "lowlevel.spectral_energyband_middle_low.mean": [
        3.1451324877806996e-10
    ],
    "lowlevel.spectral_energyband_middle_high.mean": [
        1.0804659944518846e-10
    ],
    "lowlevel.spectral_energyband_high.mean": [
        1.633646516674414e-11
    ],
    "lowlevel.pitch_salience_mean": [
        0.7913303971290588
    ],
    "lowlevel.inharmonicity.mean": [
        0.17117571830749512
    ],
    "sfx.logattacktime.mean": [
        -5.0
    ],
    "lowlevel.lpc": [
        [
            1.0,
            -0.9726462364196777,
            -0.07473086565732956,
            0.033060669898986816,
            0.057559166103601456,
            -0.06278369575738907,
            0.0593053363263607,
            -0.033180247992277145,
            0.014799135737121105,
            0.022539034485816956,
            -0.010477506555616856
        ]
    ],
    "lowlevel.spectralcentroid": [
        1572.8524169921875
    ]
}