{
    "lowlevel.hfc.mean": [
        0.046513285487890244
    ],
    "lowlevel.mfcc.mean": [
        [
            -1110.1820068359375,
            130.6990966796875,
            10.901211738586426,
            -11.893733024597168,
            2.7382826805114746,
            9.266825675964355,
            13.579421043395996,
            16.00090789794922,
            11.408862113952637,
            4.667679309844971,
            -3.78702449798584,
            -10.970481872558594,
            -6.905818462371826
        ]
    ],
    "lowlevel.zerocrossingrate.mean": [
        0.0353090763092041
    ],
    "lowlevel.spectral_energyband_low.mean": [
        3.7075395084684715e-05
    ],
    "lowlevel.spectral_energyband_middle_low.mean": [
        1.6810570741654374e-05
    ],
    "lowlevel.spectral_energyband_middle_high.mean": [
        4.280934444977902e-05
    ],
    "lowlevel.spectral_energyband_high.mean": [
        1.972004959327478e-08
    ],
    "lowlevel.pitch_salience_mean": [
        0.3294064998626709
    ],
    "lowlevel.inharmonicity.mean": [
        0.13797608017921448
    ],
    "sfx.logattacktime.mean": [
        -1.6694666147232056
    ],
    "lowlevel.lpc": [
        [
            1.0,
            -1.9090055227279663,
            0.6706489324569702,
            0.2447967529296875,
            0.1378212422132492,
            -0.14071741700172424,
            0.05943281948566437,
            -0.057941462844610214,
            0.03606989234685898,
            -0.05516315624117851,
            0.01712007448077202
        ]
    ],
    "lowlevel.spectralcentroid": [
        588.2801513671875
    ]
}