{
    "lowlevel.hfc.mean": [
        1.320597675658064e-08
    ],
    "lowlevel.mfcc.mean": [
        [
            -1264.91259765625,
            3.0517578125e-05,
            -6.866455078125e-05,
            3.0517578125e-05,
            -8.0108642578125e-05,
            6.866455078125e-05,
            -3.0517578125e-05,
            -6.866455078125e-05,
            -4.9591064453125e-05,
            -1.9073486328125e-05,
            -2.288818359375e-05,
            -1.9073486328125e-05,
            -4.1961669921875e-05
        ]
    ],
    "lowlevel.zerocrossingrate.mean": [
        0.4973379373550415
    ],
    "lowlevel.spectral_energyband_low.mean": [
        8.845401590817838e-15
    ],
    "lowlevel.spectral_energyband_middle_low.mean": [
        1.961090490031677e-14
    ],
    "lowlevel.spectral_energyband_middle_high.mean": [
        6.532493729977107e-13
    ],
    "lowlevel.spectral_energyband_high.mean": [
        1.6428691089823144e-12
    ],
    "lowlevel.pitch_salience_mean": [
        0.8013947606086731
    ],
    "lowlevel.inharmonicity.mean": [
        0.16280151903629303
    ],
    "sfx.logattacktime.mean": [
        -5.0
    ],
    "lowlevel.lpc": [
        [
            0.0,
            0.0,
            0.0,
            0.0,
            0.0,
            0.0,
            0.0,
            0.0,
            0.0,
            0.0,
            0.0
        ]
    ],
    "lowlevel.spectralcentroid": [
        5927.88232421875
    ]
}