{
    "lowlevel.hfc.mean": [
        58.875545501708984
    ],
    "lowlevel.mfcc.mean": [
        [
            -1174.1182861328125,
            9.103110313415527,
            6.6742353439331055,
            0.20991596579551697,
            -1.288196325302124,
            -2.557429075241089,
            -2.7516751289367676,
            -3.5770323276519775,
            -2.799539089202881,
            -2.6897661685943604,
            -2.038227081298828,
            -1.4375689029693604,
            0.9947413206100464
        ]
    ],
    "lowlevel.zerocrossingrate.mean": [
        0.4398944675922394
    ],
    "lowlevel.spectral_energyband_low.mean": [
        9.912031964631751e-05
    ],
    "lowlevel.spectral_energyband_middle_low.mean": [
        0.04475253447890282
    ],
    "lowlevel.spectral_energyband_middle_high.mean": [
        0.0014362845104187727
    ],
    "lowlevel.spectral_energyband_high.mean": [
        0.0037219272926449776
    ],
    "lowlevel.pitch_salience_mean": [
        0.7727800011634827
    ],
    "lowlevel.inharmonicity.mean": [
        0.12769359350204468
    ],
    "sfx.logattacktime.mean": [
        -1.991226077079773
    ],
    "lowlevel.lpc": [
        [
            1.0,
            -1.167212963104248,
            1.3362958431243896,
            -1.9035173654556274,
            1.6081900596618652,
            -1.7346540689468384,
            1.4316914081573486,
            -1.2642576694488525,
            0.9097456336021423,
            -0.5619645714759827,
            0.378305047750473
        ]
    ],
    "lowlevel.spectralcentroid": [
        2883.710693359375
    ]
}