{
    "lowlevel.hfc.mean": [
        0.7137688398361206
    ],
    "lowlevel.mfcc.mean": [
        [
            -1095.3790283203125,
            61.02108383178711,
            -63.70066452026367,
            -38.59296417236328,
            -3.7996439933776855,
            -14.711332321166992,
            -22.243417739868164,
            -2.2904818058013916,
            7.829160690307617,
            -8.380605697631836,
            -12.724516868591309,
            1.4145292043685913,
            7.947421073913574
        ]
    ],
    "lowlevel.zerocrossingrate.mean": [
        0.2260843962430954
    ],
    "lowlevel.spectral_energyband_low.mean": [
        3.842558271571761e-08
    ],
    "lowlevel.spectral_energyband_middle_low.mean": [
        0.000586048059631139
    ],
    "lowlevel.spectral_energyband_middle_high.mean": [
        0.0003345971636008471
    ],
    "lowlevel.spectral_energyband_high.mean": [
        3.0279437623903505e-07
    ],
    "lowlevel.pitch_salience_mean": [
        0.6911526918411255
    ],
    "lowlevel.inharmonicity.mean": [
        0.07607106864452362
    ],
    "sfx.logattacktime.mean": [
        -1.5769957304000854
    ],
    "lowlevel.lpc": [
        [
            1.0,
            -2.878169298171997,
            3.658195972442627,
            -3.4848504066467285,
            2.7350783348083496,
            -1.265418529510498,
            0.5030028820037842,
            -0.4762130081653595,
            0.40506070852279663,
            -0.3572605848312378,
            0.16839787364006042
        ]
    ],
    "lowlevel.spectralcentroid": [
        1033.8399658203125
    ]
}