{
    "lowlevel.hfc.mean": [
        134.31515502929688
    ],
    "lowlevel.mfcc.mean": [
        [
            -1139.6304931640625,
            24.931190490722656,
            -20.93539047241211,
            -10.461406707763672,
            -7.346024036407471,
            -0.6610700488090515,
            2.657895565032959,
            4.958056926727295,
            6.252001762390137,
            1.2397481203079224,
            -6.533351898193359,
            -6.5276031494140625,
            0.2254323661327362
        ]
    ],
    "lowlevel.zerocrossingrate.mean": [
        0.37301701307296753
    ],
    "lowlevel.spectral_energyband_low.mean": [
        8.920037362258881e-05
    ],
    "lowlevel.spectral_energyband_middle_low.mean": [
        7.576451025670394e-05
    ],
    "lowlevel.spectral_energyband_middle_high.mean": [
        0.14132624864578247
    ],
    "lowlevel.spectral_energyband_high.mean": [
        0.00015390390763059258
    ],
    "lowlevel.pitch_salience_mean": [
        0.693053662776947
    ],
    "lowlevel.inharmonicity.mean": [
        0.12975378334522247
    ],
    "sfx.logattacktime.mean": [
        -1.5956085920333862
    ],
    "lowlevel.lpc": [
        [
            1.0,
            -2.334084987640381,
            2.0541694164276123,
            -1.2635554075241089,
            1.030126690864563,
            -0.8121439218521118,
            0.6862518191337585,
            -0.634863555431366,
            0.521405816078186,
            -0.40648773312568665,
            0.1830534040927887
        ]
    ],
    "lowlevel.spectralcentroid": [
        983.4496459960938
    ]
}