{
    "lowlevel.hfc.mean": [
        98.5237808227539
    ],
    "lowlevel.mfcc.mean": [
        [
            -1204.07666015625,
            9.516641616821289,
            -4.952184677124023,
            -2.4804911613464355,
            -3.2310359477996826,
            -0.5947785377502441,
            1.8885859251022339,
            2.70485258102417,
            2.691169023513794,
            0.033826254308223724,
            -2.114736318588257,
            -1.3563268184661865,
            -0.3582990765571594
        ]
    ],
    "lowlevel.zerocrossingrate.mean": [
        0.44414615631103516
    ],
    "lowlevel.spectral_energyband_low.mean": [
        0.00012592959683388472
    ],
    "lowlevel.spectral_energyband_middle_low.mean": [
        0.0007275614771060646
    ],
    "lowlevel.spectral_energyband_middle_high.mean": [
        0.10440632700920105
    ],
    "lowlevel.spectral_energyband_high.mean": [
        0.00015784957213327289
    ],
    "lowlevel.pitch_salience_mean": [
        0.7602531313896179
    ],
    "lowlevel.inharmonicity.mean": [
        0.13699544966220856
    ],
    "sfx.logattacktime.mean": [
        -3.9453952312469482
    ],
    "lowlevel.lpc": [
        [
            1.0,
            -1.9271682500839233,
            1.0530929565429688,
            -0.17708554863929749,
            0.14427536725997925,
            -0.08762335032224655,
            0.07743103802204132,
            -0.09062903374433517,
            0.07146632671356201,
            -0.19996975362300873,
            0.17171820998191833
        ]
    ],
    "lowlevel.spectralcentroid": [
        975.0592651367188
    ]
}