{
    "lowlevel.hfc.mean": [
        112.48924255371094
    ],
    "lowlevel.mfcc.mean": [
        [
            -951.947021484375,
            -22.56790542602539,
            -40.54345703125,
            9.868130683898926,
            -13.081275939941406,
            -1.2198381423950195,
            -4.307774066925049,
            2.3183584213256836,
            30.724964141845703,
            12.1766939163208,
            11.274231910705566,
            -5.648574352264404,
            -20.119932174682617
        ]
    ],
    "lowlevel.zerocrossingrate.mean": [
        0.26625755429267883
    ],
    "lowlevel.spectral_energyband_low.mean": [
        1.3979708455735818e-05
    ],
    "lowlevel.spectral_energyband_middle_low.mean": [
        0.002159450203180313
    ],
    "lowlevel.spectral_energyband_middle_high.mean": [
        0.0474429577589035
    ],
    "lowlevel.spectral_energyband_high.mean": [
        0.0010530315339565277
    ],
    "lowlevel.pitch_salience_mean": [
        0.6828687787055969
    ],
    "lowlevel.inharmonicity.mean": [
        0.07351614534854889
    ],
    "sfx.logattacktime.mean": [
        0.1296183168888092
    ],
    "lowlevel.lpc": [
        [
            1.0,
            -2.784126043319702,
            3.8357033729553223,
            -4.001347541809082,
            3.748586893081665,
            -2.9696948528289795,
            2.0448391437530518,
            -1.2228200435638428,
            0.45042285323143005,
            0.06088794767856598,
            -0.0817241370677948
        ]
    ],
    "lowlevel.spectralcentroid": [
        2368.1767578125
    ]
}