{
    "lowlevel.hfc.mean": [
        9.184749671931058e-08
    ],
    "lowlevel.mfcc.mean": [
        [
            -1264.9100341796875,
            3.0517578125e-05,
            -6.866455078125e-05,
            3.0517578125e-05,
            -8.0108642578125e-05,
            6.866455078125e-05,
            -3.0517578125e-05,
            -6.866455078125e-05,
            -4.9591064453125e-05,
            -1.9073486328125e-05,
            -2.288818359375e-05,
            -1.9073486328125e-05,
            -4.1961669921875e-05
        ]
    ],
    "lowlevel.zerocrossingrate.mean": [
        0.49988776445388794
    ],
    "lowlevel.spectral_energyband_low.mean": [
        2.6032567664103817e-16
    ],
    "lowlevel.spectral_energyband_middle_low.mean": [
        9.762162713806586e-16
    ],
    "lowlevel.spectral_energyband_middle_high.mean": [
        4.817483370366362e-15
    ],
    "lowlevel.spectral_energyband_high.mean": [
        4.805296351800825e-12
    ],
    "lowlevel.pitch_salience_mean": [
        0.7973741292953491
    ],
    "lowlevel.inharmonicity.mean": [
        0.18933510780334473
    ],
    "sfx.logattacktime.mean": [
        -3.2294797897338867
    ],
    "lowlevel.lpc": [
        [
            0.0,
            0.0,
            0.0,
            0.0,
            0.0,
            0.0,
            0.0,
            0.0,
            0.0,
            0.0,
            0.0
        ]
    ],
    "lowlevel.spectralcentroid": [
        13252.7568359375
    ]
}