{
    "lowlevel.hfc.mean": [
        25.95411491394043
    ],
    "lowlevel.mfcc.mean": [
        [
            -1140.6124267578125,
            -64.53221893310547,
            -5.272752285003662,
            -13.739809036254883,
            18.504047393798828,
            31.151456832885742,
            -5.142091274261475,
            -18.225563049316406,
            -3.358886957168579,
            27.319377899169922,
            13.786547660827637,
            -18.550682067871094,
            -0.0109467888250947
        ]
    ],
    "lowlevel.zerocrossingrate.mean": [
        0.390829861164093
    ],
    "lowlevel.spectral_energyband_low.mean": [
        5.3784233955411764e-08
    ],
    "lowlevel.spectral_energyband_middle_low.mean": [
        1.0543179662647617e-08
    ],
    "lowlevel.spectral_energyband_middle_high.mean": [
        0.0008624665206298232
    ],
    "lowlevel.spectral_energyband_high.mean": [
        0.0027780085802078247
    ],
    "lowlevel.pitch_salience_mean": [
        0.7653425335884094
    ],
    "lowlevel.inharmonicity.mean": [
        0.1212727352976799
    ],
    "sfx.logattacktime.mean": [
        -2.4349236488342285
    ],
    "lowlevel.lpc": [
        [
            1.0,
            -0.7481655478477478,
            0.4915326237678528,
            -0.25627532601356506,
            0.5361895561218262,
            -0.7001558542251587,
            0.41554272174835205,
            -0.16431662440299988,
            0.1934633105993271,
            -0.28201743960380554,
            0.29769742488861084
        ]
    ],
    "lowlevel.spectralcentroid": [
        7301.634765625
    ]
}