{
    "lowlevel.hfc.mean": [
        2.9046203053439967e-05
    ],
    "lowlevel.mfcc.mean": [
        [
            -1259.8172607421875,
            4.855630874633789,
            1.7812776565551758,
            0.7496859431266785,
            0.06797515600919724,
            -0.464423269033432,
            -0.378236323595047,
            0.06768933683633804,
            0.0532224141061306,
            0.013457962311804295,
            0.23627211153507233,
            0.10393891483545303,
            -0.21894584596157074
        ]
    ],
    "lowlevel.zerocrossingrate.mean": [
        0.4680206775665283
    ],
    "lowlevel.spectral_energyband_low.mean": [
        9.619713026154386e-09
    ],
    "lowlevel.spectral_energyband_middle_low.mean": [
        2.37827375570987e-08
    ],
    "lowlevel.spectral_energyband_middle_high.mean": [
        4.005860976263875e-09
    ],
    "lowlevel.spectral_energyband_high.mean": [
        1.3606663573639821e-09
    ],
    "lowlevel.pitch_salience_mean": [
        0.7985986471176147
    ],
    "lowlevel.inharmonicity.mean": [
        0.16755564510822296
    ],
    "sfx.logattacktime.mean": [
        -3.0533738136291504
    ],
    "lowlevel.lpc": [
        [
            1.0,
            -1.0778392553329468,
            0.26347312331199646,
            -0.23283196985721588,
            0.1953808069229126,
            -0.20886366069316864,
            0.11950207501649857,
            -0.08538021147251129,
            0.06315092742443085,
            0.011860636994242668,
            -0.017642296850681305
        ]
    ],
    "lowlevel.spectralcentroid": [
        875.7205200195312
    ]
}