{
    "lowlevel.hfc.mean": [
        12.628106117248535
    ],
    "lowlevel.mfcc.mean": [
        [
            -1027.416748046875,
            31.510526657104492,
            -2.893324375152588,
            12.552938461303711,
            20.57647705078125,
            17.4412899017334,
            6.75621223449707,
            3.0315310955047607,
            1.6813149452209473,
            1.0543862581253052,
            0.18522009253501892,
            -1.330379843711853,
            -2.8046462535858154
        ]
    ],
    "lowlevel.zerocrossingrate.mean": [
        0.28105220198631287
    ],
    "lowlevel.spectral_energyband_low.mean": [
        0.006243599578738213
    ],
    "lowlevel.spectral_energyband_middle_low.mean": [
        0.0028042583726346493
    ],
    "lowlevel.spectral_energyband_middle_high.mean": [
        0.00223171547986567
    ],
    "lowlevel.spectral_energyband_high.mean": [
        0.0009884031023830175
    ],
    "lowlevel.pitch_salience_mean": [
        0.6338224411010742
    ],
    "lowlevel.inharmonicity.mean": [
        0.1025736853480339
    ],
    "sfx.logattacktime.mean": [
        -3.4983105659484863
    ],
    "lowlevel.lpc": [
        [
            1.0,
            -2.090092897415161,
            2.5283920764923096,
            -2.752159595489502,
            2.712334632873535,
            -2.5571749210357666,
            2.2248454093933105,
            -1.773298740386963,
            1.2361997365951538,
            -0.7079254984855652,
            0.21523050963878632
        ]
    ],
    "lowlevel.spectralcentroid": [
        2408.4169921875
    ]
}