{
    "lowlevel.hfc.mean": [
        4.721965069620637e-06
    ],
    "lowlevel.mfcc.mean": [
        [
            -1264.1912841796875,
            0.7460018992424011,
            0.3179401159286499,
            0.15870124101638794,
            0.11531585454940796,
            0.07983386516571045,
            0.08007048070430756,
            0.07510069757699966,
            0.06495025753974915,
            0.05259372293949127,
            0.0228256992995739,
            0.002192658605054021,
            0.0010264606680721045
        ]
    ],
    "lowlevel.zerocrossingrate.mean": [
        0.4963681697845459
    ],
    "lowlevel.spectral_energyband_low.mean": [
        2.2314814884794032e-08
    ],
    "lowlevel.spectral_energyband_middle_low.mean": [
        4.202034720179881e-09
    ],
    "lowlevel.spectral_energyband_middle_high.mean": [
        7.08804570592747e-10
    ],
    "lowlevel.spectral_energyband_high.mean": [
        1.2228115742196621e-10
    ],
    "lowlevel.pitch_salience_mean": [
        0.7892463207244873
    ],
    "lowlevel.inharmonicity.mean": [
        0.16653400659561157
    ],
    "sfx.logattacktime.mean": [
        -3.440530776977539
    ],
    "lowlevel.lpc": [
        [
            1.0,
            -1.0413777828216553,
            0.06468167155981064,
            -0.08218424767255783,
            0.08100809901952744,
            -0.06999707967042923,
            0.06686477363109589,
            -0.07242220640182495,
            0.06854364275932312,
            -0.04081948101520538,
            0.03085980750620365
        ]
    ],
    "lowlevel.spectralcentroid": [
        494.47760009765625
    ]
}