{
    "lowlevel.hfc.mean": [
        0.06170747056603432
    ],
    "lowlevel.mfcc.mean": [
        [
            -1125.6051025390625,
            119.19634246826172,
            11.747225761413574,
            -8.721138954162598,
            3.771818161010742,
            7.868221282958984,
            12.044075012207031,
            14.973201751708984,
            10.795849800109863,
            3.242438793182373,
            -3.8891396522521973,
            -9.662949562072754,
            -5.293389320373535
        ]
    ],
    "lowlevel.zerocrossingrate.mean": [
        0.07323039323091507
    ],
    "lowlevel.spectral_energyband_low.mean": [
        3.6837835068581626e-05
    ],
    "lowlevel.spectral_energyband_middle_low.mean": [
        1.4327341887110379e-05
    ],
    "lowlevel.spectral_energyband_middle_high.mean": [
        5.964928277535364e-05
    ],
    "lowlevel.spectral_energyband_high.mean": [
        1.5936256758664058e-08
    ],
    "lowlevel.pitch_salience_mean": [
        0.35048210620880127
    ],
    "lowlevel.inharmonicity.mean": [
        0.1412486433982849
    ],
    "sfx.logattacktime.mean": [
        -1.6699268817901611
    ],
    "lowlevel.lpc": [
        [
            1.0,
            -1.753795862197876,
            0.40201982855796814,
            0.2495068907737732,
            0.19888009130954742,
            -0.01958082616329193,
            0.014412244781851768,
            -0.07868745177984238,
            0.006063528824597597,
            -0.00022250041365623474,
            -0.015583307482302189
        ]
    ],
    "lowlevel.spectralcentroid": [
        635.8304443359375
    ]
}