{
    "lowlevel.hfc.mean": [
        0.13728664815425873
    ],
    "lowlevel.mfcc.mean": [
        [
            -1146.9732666015625,
            63.530723571777344,
            -4.180253028869629,
            -8.27168083190918,
            1.7202194929122925,
            1.910892128944397,
            -3.8502376079559326,
            -2.9455299377441406,
            -1.392465353012085,
            -2.090245485305786,
            -1.7723513841629028,
            -0.395071417093277,
            -0.8130325675010681
        ]
    ],
    "lowlevel.zerocrossingrate.mean": [
        0.3115060031414032
    ],
    "lowlevel.spectral_energyband_low.mean": [
        1.3616833712148946e-05
    ],
    "lowlevel.spectral_energyband_middle_low.mean": [
        0.00015130263636820018
    ],
    "lowlevel.spectral_energyband_middle_high.mean": [
        4.7424247895833105e-05
    ],
    "lowlevel.spectral_energyband_high.mean": [
        3.1060773153512855e-07
    ],
    "lowlevel.pitch_salience_mean": [
        0.773888885974884
    ],
    "lowlevel.inharmonicity.mean": [
        0.1456613838672638
    ],
    "sfx.logattacktime.mean": [
        -3.1673173904418945
    ],
    "lowlevel.lpc": [
        [
            1.0,
            -1.661894679069519,
            0.6924352645874023,
            -0.5283805727958679,
            0.734172523021698,
            -0.35201650857925415,
            0.40846577286720276,
            -0.3835437297821045,
            0.3023192286491394,
            -0.31975165009498596,
            0.11877018213272095
        ]
    ],
    "lowlevel.spectralcentroid": [
        862.5541381835938
    ]
}