{
    "lowlevel.hfc.mean": [
        0.0005968178738839924
    ],
    "lowlevel.mfcc.mean": [
        [
            -1249.7689208984375,
            7.031513690948486,
            -2.906217575073242,
            -4.034943580627441,
            -3.022165060043335,
            -0.759350597858429,
            0.13158880174160004,
            0.5802034139633179,
            -0.5221203565597534,
            -0.7724350690841675,
            -0.18340852856636047,
            0.6187953948974609,
            0.16342319548130035
        ]
    ],
    "lowlevel.zerocrossingrate.mean": [
        0.4454171359539032
    ],
    "lowlevel.spectral_energyband_low.mean": [
        9.034085146630844e-10
    ],
    "lowlevel.spectral_energyband_middle_low.mean": [
        1.1358198293009991e-07
    ],
    "lowlevel.spectral_energyband_middle_high.mean": [
        3.1612063366992516e-07
    ],
    "lowlevel.spectral_energyband_high.mean": [
        1.5785486695563122e-08
    ],
    "lowlevel.pitch_salience_mean": [
        0.8142054677009583
    ],
    "lowlevel.inharmonicity.mean": [
        0.13556694984436035
    ],
    "sfx.logattacktime.mean": [
        -2.9542505741119385
    ],
    "lowlevel.lpc": [
        [
            1.0,
            -1.075741171836853,
            0.14386893808841705,
            -0.139426589012146,
            0.1583731770515442,
            -0.14300987124443054,
            0.09268036484718323,
            -0.09449733048677444,
            0.2046489715576172,
            -0.12840008735656738,
            0.09735877811908722
        ]
    ],
    "lowlevel.spectralcentroid": [
        1283.4921875
    ]
}