{
    "lowlevel.hfc.mean": [
        1.5899992433787702e-07
    ],
    "lowlevel.mfcc.mean": [
        [
            -1264.754150390625,
            0.2237285077571869,
            0.1905621886253357,
            0.1473017930984497,
            0.10541170090436935,
            0.07379790395498276,
            0.054415617138147354,
            0.044839560985565186,
            0.04017563536763191,
            0.03648047894239426,
            0.0322817787528038,
            0.028114544227719307,
            0.02477709949016571
        ]
    ],
    "lowlevel.zerocrossingrate.mean": [
        0.49628669023513794
    ],
    "lowlevel.spectral_energyband_low.mean": [
        8.126248007833681e-10
    ],
    "lowlevel.spectral_energyband_middle_low.mean": [
        9.544538770445143e-11
    ],
    "lowlevel.spectral_energyband_middle_high.mean": [
        1.919758275958916e-11
    ],
    "lowlevel.spectral_energyband_high.mean": [
        4.982001356595989e-12
    ],
    "lowlevel.pitch_salience_mean": [
        0.7893372178077698
    ],
    "lowlevel.inharmonicity.mean": [
        0.1684359610080719
    ],
    "sfx.logattacktime.mean": [
        -5.0
    ],
    "lowlevel.lpc": [
        [
            1.0,
            -0.9044756293296814,
            -0.14383432269096375,
            0.10647866874933243,
            -0.07919514924287796,
            0.043182533234357834,
            -0.018270496279001236,
            -0.020934762433171272,
            0.0335574634373188,
            0.0005433047190308571,
            -0.0124948900192976
        ]
    ],
    "lowlevel.spectralcentroid": [
        465.8330993652344
    ]
}