{
    "lowlevel.hfc.mean": [
        1.0554662942886353
    ],
    "lowlevel.mfcc.mean": [
        [
            -974.4199829101562,
            154.20289611816406,
            -49.560829162597656,
            -17.761804580688477,
            2.325798273086548,
            12.921344757080078,
            19.247455596923828,
            7.216729640960693,
            -1.5759977102279663,
            10.698710441589355,
            9.750602722167969,
            -12.042518615722656,
            -7.201959609985352
        ]
    ],
    "lowlevel.zerocrossingrate.mean": [
        0.13448499143123627
    ],
    "lowlevel.spectral_energyband_low.mean": [
        0.000285417860141024
    ],
    "lowlevel.spectral_energyband_middle_low.mean": [
        0.0009723499533720315
    ],
    "lowlevel.spectral_energyband_middle_high.mean": [
        0.0007903665537014604
    ],
    "lowlevel.spectral_energyband_high.mean": [
        2.1554095042120025e-07
    ],
    "lowlevel.pitch_salience_mean": [
        0.7022284865379333
    ],
    "lowlevel.inharmonicity.mean": [
        0.055959753692150116
    ],
    "sfx.logattacktime.mean": [
        0.11311683058738708
    ],
    "lowlevel.lpc": [
        [
            1.0,
            -3.0724213123321533,
            3.9785211086273193,
            -3.529913902282715,
            2.8198764324188232,
            -1.6389871835708618,
            0.7394058108329773,
            -0.6161216497421265,
            0.40026992559432983,
            -0.043576642870903015,
            -0.0347299724817276
        ]
    ],
    "lowlevel.spectralcentroid": [
        772.1644287109375
    ]
}