{
    "lowlevel.hfc.mean": [
        39.31725311279297
    ],
    "lowlevel.mfcc.mean": [
        [
            -949.9628295898438,
            57.46538543701172,
            -140.5664825439453,
            -23.734840393066406,
            -28.36148452758789,
            -10.003423690795898,
            -14.861536026000977,
            -19.568376541137695,
            -23.7842960357666,
            -13.089491844177246,
            5.0189924240112305,
            10.184576988220215,
            20.330183029174805
        ]
    ],
    "lowlevel.zerocrossingrate.mean": [
        0.19725355505943298
    ],
    "lowlevel.spectral_energyband_low.mean": [
        4.875698422779351e-08
    ],
    "lowlevel.spectral_energyband_middle_low.mean": [
        0.003034583292901516
    ],
    "lowlevel.spectral_energyband_middle_high.mean": [
        0.027758797630667686
    ],
    "lowlevel.spectral_energyband_high.mean": [
        2.290766678925138e-05
    ],
    "lowlevel.pitch_salience_mean": [
        0.8113293051719666
    ],
    "lowlevel.inharmonicity.mean": [
        0.06227065250277519
    ],
    "sfx.logattacktime.mean": [
        -1.7619147300720215
    ],
    "lowlevel.lpc": [
        [
            1.0,
            -3.3086745738983154,
            3.850334644317627,
            -1.4429988861083984,
            -0.2683130204677582,
            -0.046574681997299194,
            0.2888125479221344,
            -0.11142963916063309,
            0.1817391961812973,
            -0.2052006870508194,
            0.0676703229546547
        ]
    ],
    "lowlevel.spectralcentroid": [
        1371.5712890625
    ]
}