{
    "lowlevel.hfc.mean": [
        1.193851684178071e-08
    ],
    "lowlevel.mfcc.mean": [
        [
            -1264.91845703125,
            3.0517578125e-05,
            -6.866455078125e-05,
            3.0517578125e-05,
            -8.0108642578125e-05,
            6.866455078125e-05,
            -3.0517578125e-05,
            -6.866455078125e-05,
            -4.9591064453125e-05,
            -1.9073486328125e-05,
            -2.288818359375e-05,
            -1.9073486328125e-05,
            -4.1961669921875e-05
        ]
    ],
    "lowlevel.zerocrossingrate.mean": [
        0.4960424304008484
    ],
    "lowlevel.spectral_energyband_low.mean": [
        2.1368640364116676e-12
    ],
    "lowlevel.spectral_energyband_middle_low.mean": [
        3.738809609132865e-12
    ],
    "lowlevel.spectral_energyband_middle_high.mean": [
        4.019825704942859e-12
    ],
    "lowlevel.spectral_energyband_high.mean": [
        4.545183673876352e-13
    ],
    "lowlevel.pitch_salience_mean": [
        0.7917093634605408
    ],
    "lowlevel.inharmonicity.mean": [
        0.16116584837436676
    ],
    "sfx.logattacktime.mean": [
        -2.583761692047119
    ],
    "lowlevel.lpc": [
        [
            0.0,
            0.0,
            0.0,
            0.0,
            0.0,
            0.0,
            0.0,
            0.0,
            0.0,
            0.0,
            0.0
        ]
    ],
    "lowlevel.spectralcentroid": [
        2019.0089111328125
    ]
}