{
    "lowlevel.hfc.mean": [
        1.1520049838509294e-06
    ],
    "lowlevel.mfcc.mean": [
        [
            -1264.59716796875,
            0.32682347297668457,
            0.08935757726430893,
            -0.013845437206327915,
            0.008093848824501038,
            0.007355004549026489,
            -0.03211509808897972,
            -0.021061891689896584,
            0.035542819648981094,
            0.04231281206011772,
            -0.02260999195277691,
            -0.07418689876794815,
            -0.05393269285559654
        ]
    ],
    "lowlevel.zerocrossingrate.mean": [
        0.4969779849052429
    ],
    "lowlevel.spectral_energyband_low.mean": [
        1.5088795490836304e-10
    ],
    "lowlevel.spectral_energyband_middle_low.mean": [
        8.159021236409103e-10
    ],
    "lowlevel.spectral_energyband_middle_high.mean": [
        3.5236966122731417e-10
    ],
    "lowlevel.spectral_energyband_high.mean": [
        2.295662965279277e-11
    ],
    "lowlevel.pitch_salience_mean": [
        0.7914778590202332
    ],
    "lowlevel.inharmonicity.mean": [
        0.1713177114725113
    ],
    "sfx.logattacktime.mean": [
        -2.533815383911133
    ],
    "lowlevel.lpc": [
        [
            1.0,
            -1.1498713493347168,
            0.0486447848379612,
            -0.028303053230047226,
            0.1102781593799591,
            -0.018831750378012657,
            0.08322423696517944,
            -0.0016139540821313858,
            0.04641171917319298,
            -0.00018526986241340637,
            -0.049353938549757004
        ]
    ],
    "lowlevel.spectralcentroid": [
        1316.558349609375
    ]
}