{
    "lowlevel.hfc.mean": [
        0.6053346991539001
    ],
    "lowlevel.mfcc.mean": [
        [
            -1127.1988525390625,
            77.77083587646484,
            -33.832366943359375,
            -6.812387466430664,
            7.015409469604492,
            -4.439395427703857,
            -0.6888565421104431,
            -2.5440289974212646,
            -8.07518196105957,
            -4.281009197235107,
            -0.18677932024002075,
            0.6316688656806946,
            3.2241103649139404
        ]
    ],
    "lowlevel.zerocrossingrate.mean": [
        0.28727686405181885
    ],
    "lowlevel.spectral_energyband_low.mean": [
        1.749944203766063e-05
    ],
    "lowlevel.spectral_energyband_middle_low.mean": [
        0.0006034173420630395
    ],
    "lowlevel.spectral_energyband_middle_high.mean": [
        0.0003070552775170654
    ],
    "lowlevel.spectral_energyband_high.mean": [
        1.2909049473819323e-07
    ],
    "lowlevel.pitch_salience_mean": [
        0.6620679497718811
    ],
    "lowlevel.inharmonicity.mean": [
        0.11325515061616898
    ],
    "sfx.logattacktime.mean": [
        -1.6269879341125488
    ],
    "lowlevel.lpc": [
        [
            1.0,
            -2.412738561630249,
            1.3607426881790161,
            0.42194703221321106,
            -0.05200473591685295,
            -0.28600433468818665,
            -0.13922862708568573,
            -0.029569018632173538,
            0.10480638593435287,
            0.11630795896053314,
            -0.08165301382541656
        ]
    ],
    "lowlevel.spectralcentroid": [
        807.5140991210938
    ]
}