{
    "lowlevel.hfc.mean": [
        12.907122611999512
    ],
    "lowlevel.mfcc.mean": [
        [
            -1054.454345703125,
            37.97312927246094,
            -51.2852783203125,
            -31.276426315307617,
            -12.608237266540527,
            -16.63261604309082,
            -15.271722793579102,
            -2.5067715644836426,
            2.4288997650146484,
            -6.985205173492432,
            0.8817847371101379,
            21.17605209350586,
            21.84267234802246
        ]
    ],
    "lowlevel.zerocrossingrate.mean": [
        0.24095290899276733
    ],
    "lowlevel.spectral_energyband_low.mean": [
        3.2722942933105514e-07
    ],
    "lowlevel.spectral_energyband_middle_low.mean": [
        0.0013760944129899144
    ],
    "lowlevel.spectral_energyband_middle_high.mean": [
        0.010598661378026009
    ],
    "lowlevel.spectral_energyband_high.mean": [
        1.200333281303756e-05
    ],
    "lowlevel.pitch_salience_mean": [
        0.6495081186294556
    ],
    "lowlevel.inharmonicity.mean": [
        0.07799665629863739
    ],
    "sfx.logattacktime.mean": [
        -1.542348027229309
    ],
    "lowlevel.lpc": [
        [
            1.0,
            -3.096006155014038,
            4.471380233764648,
            -4.697534561157227,
            4.039516448974609,
            -2.5745162963867188,
            1.2123442888259888,
            -0.29937875270843506,
            -0.183976948261261,
            0.15469980239868164,
            -0.01364884339272976
        ]
    ],
    "lowlevel.spectralcentroid": [
        1143.1304931640625
    ]
}