{
    "lowlevel.hfc.mean": [
        6.499406337738037
    ],
    "lowlevel.mfcc.mean": [
        [
            -991.6431274414062,
            74.26018524169922,
            -109.428466796875,
            -7.853785514831543,
            -22.434465408325195,
            -21.569774627685547,
            -19.63928985595703,
            -3.352595090866089,
            17.55062484741211,
            45.36321258544922,
            54.000511169433594,
            27.222509384155273,
            21.717161178588867
        ]
    ],
    "lowlevel.zerocrossingrate.mean": [
        0.11263341456651688
    ],
    "lowlevel.spectral_energyband_low.mean": [
        9.148582194029586e-07
    ],
    "lowlevel.spectral_energyband_middle_low.mean": [
        0.005472733173519373
    ],
    "lowlevel.spectral_energyband_middle_high.mean": [
        0.0018917645793408155
    ],
    "lowlevel.spectral_energyband_high.mean": [
        1.6888390064195846e-06
    ],
    "lowlevel.pitch_salience_mean": [
        0.4677855968475342
    ],
    "lowlevel.inharmonicity.mean": [
        0.025984371080994606
    ],
    "sfx.logattacktime.mean": [
        -0.2756683826446533
    ],
    "lowlevel.lpc": [
        [
            1.0,
            -3.098177909851074,
            3.3179471492767334,
            -1.1893768310546875,
            -0.06014417111873627,
            0.025059647858142853,
            -0.1206018328666687,
            0.04369932413101196,
            0.33443111181259155,
            -0.3693132996559143,
            0.11920338869094849
        ]
    ],
    "lowlevel.spectralcentroid": [
        1024.994140625
    ]
}