{
    "lowlevel.hfc.mean": [
        1.861529028701625e-07
    ],
    "lowlevel.mfcc.mean": [
        [
            -1264.73828125,
            0.24293473362922668,
            0.20247158408164978,
            0.15234774351119995,
            0.10742726176977158,
            0.07656493782997131,
            0.059082262217998505,
            0.05002410709857941,
            0.0438799150288105,
            0.03764515370130539,
            0.03088889829814434,
            0.024558009579777718,
            0.019679974764585495
        ]
    ],
    "lowlevel.zerocrossingrate.mean": [
        0.496046781539917
    ],
    "lowlevel.spectral_energyband_low.mean": [
        9.674795409253534e-10
    ],
    "lowlevel.spectral_energyband_middle_low.mean": [
        1.1619855078137675e-10
    ],
    "lowlevel.spectral_energyband_middle_high.mean": [
        2.4541242302222877e-11
    ],
    "lowlevel.spectral_energyband_high.mean": [
        5.3667578193972165e-12
    ],
    "lowlevel.pitch_salience_mean": [
        0.7888504862785339
    ],
    "lowlevel.inharmonicity.mean": [
        0.1672188639640808
    ],
    "sfx.logattacktime.mean": [
        -5.0
    ],
    "lowlevel.lpc": [
        [
            1.0,
            -0.9481271505355835,
            -0.07250048220157623,
            0.038873590528964996,
            -0.04816262796521187,
            0.04361642152070999,
            -0.029175635427236557,
            0.02637604810297489,
            0.013883943669497967,
            -0.026143956929445267,
            0.005869944579899311
        ]
    ],
    "lowlevel.spectralcentroid": [
        572.1768798828125
    ]
}