{
    "lowlevel.hfc.mean": [
        18.626102447509766
    ],
    "lowlevel.mfcc.mean": [
        [
            -956.8318481445312,
            56.12753677368164,
            -64.12850189208984,
            1.477488398551941,
            -10.49946117401123,
            -6.337939739227295,
            -9.404083251953125,
            -9.091667175292969,
            -9.252762794494629,
            -7.9976019859313965,
            -14.59969711303711,
            -11.36005973815918,
            0.8266491889953613
        ]
    ],
    "lowlevel.zerocrossingrate.mean": [
        0.24549593031406403
    ],
    "lowlevel.spectral_energyband_low.mean": [
        7.402689789159922e-06
    ],
    "lowlevel.spectral_energyband_middle_low.mean": [
        0.007645102217793465
    ],
    "lowlevel.spectral_energyband_middle_high.mean": [
        0.010484911501407623
    ],
    "lowlevel.spectral_energyband_high.mean": [
        7.399865717161447e-05
    ],
    "lowlevel.pitch_salience_mean": [
        0.7307312488555908
    ],
    "lowlevel.inharmonicity.mean": [
        0.08379580825567245
    ],
    "sfx.logattacktime.mean": [
        -0.06139861419796944
    ],
    "lowlevel.lpc": [
        [
            1.0,
            -3.410036563873291,
            5.036184787750244,
            -4.715099334716797,
            3.8790366649627686,
            -3.1829521656036377,
            2.3313872814178467,
            -1.5097836256027222,
            0.815313458442688,
            -0.27675366401672363,
            0.03908844664692879
        ]
    ],
    "lowlevel.spectralcentroid": [
        1289.1749267578125
    ]
}