{
    "lowlevel.hfc.mean": [
        4.138519670959795e-06
    ],
    "lowlevel.mfcc.mean": [
        [
            -1264.1947021484375,
            0.7319397330284119,
            0.2987789213657379,
            0.15977266430854797,
            0.1306503862142563,
            0.08288002014160156,
            0.07139035314321518,
            0.0643048882484436,
            0.04808111488819122,
            0.04033178091049194,
            0.032155558466911316,
            0.02710801549255848,
            0.025213828310370445
        ]
    ],
    "lowlevel.zerocrossingrate.mean": [
        0.49562859535217285
    ],
    "lowlevel.spectral_energyband_low.mean": [
        1.9921854388371685e-08
    ],
    "lowlevel.spectral_energyband_middle_low.mean": [
        2.809371402179295e-09
    ],
    "lowlevel.spectral_energyband_middle_high.mean": [
        5.855380624808504e-10
    ],
    "lowlevel.spectral_energyband_high.mean": [
        1.271487221066181e-10
    ],
    "lowlevel.pitch_salience_mean": [
        0.7882553339004517
    ],
    "lowlevel.inharmonicity.mean": [
        0.1695450395345688
    ],
    "sfx.logattacktime.mean": [
        -5.0
    ],
    "lowlevel.lpc": [
        [
            1.0,
            -0.9999046325683594,
            0.0059945485554635525,
            -0.013420689851045609,
            0.009109837003052235,
            -0.00958101637661457,
            0.015008109621703625,
            -0.003163185901939869,
            -0.0018461239524185658,
            0.010619048960506916,
            -0.007990792393684387
        ]
    ],
    "lowlevel.spectralcentroid": [
        511.5541076660156
    ]
}