{
    "lowlevel.hfc.mean": [
        9.087820053100586
    ],
    "lowlevel.mfcc.mean": [
        [
            -1125.665283203125,
            110.60118103027344,
            5.0258941650390625,
            -26.69624900817871,
            -30.963321685791016,
            -27.253528594970703,
            -17.375308990478516,
            -11.027280807495117,
            -5.60452127456665,
            -0.746695339679718,
            -1.9944069385528564,
            -1.6871932744979858,
            1.6570262908935547
        ]
    ],
    "lowlevel.zerocrossingrate.mean": [
        0.2679247558116913
    ],
    "lowlevel.spectral_energyband_low.mean": [
        1.0661949545465177e-06
    ],
    "lowlevel.spectral_energyband_middle_low.mean": [
        0.018515516072511673
    ],
    "lowlevel.spectral_energyband_middle_high.mean": [
        0.00038333176053129137
    ],
    "lowlevel.spectral_energyband_high.mean": [
        6.852116740674319e-08
    ],
    "lowlevel.pitch_salience_mean": [
        0.6562178730964661
    ],
    "lowlevel.inharmonicity.mean": [
        0.0944170206785202
    ],
    "sfx.logattacktime.mean": [
        -1.4663254022598267
    ],
    "lowlevel.lpc": [
        [
            1.0,
            -1.7492767572402954,
            0.35990065336227417,
            0.22435592114925385,
            0.17702148854732513,
            0.10094667971134186,
            0.030147964134812355,
            -0.11165498942136765,
            0.08208467066287994,
            -0.1916046291589737,
            0.07918379455804825
        ]
    ],
    "lowlevel.spectralcentroid": [
        491.19146728515625
    ]
}