{
    "lowlevel.hfc.mean": [
        3.2980209653032944e-05
    ],
    "lowlevel.mfcc.mean": [
        [
            -1262.08349609375,
            2.307931900024414,
            0.7622724175453186,
            0.605490505695343,
            0.36806750297546387,
            0.2432897835969925,
            0.16749495267868042,
            0.16110903024673462,
            0.09209646284580231,
            0.03572896495461464,
            -0.06605377048254013,
            -0.142903134226799,
            -0.1684465855360031
        ]
    ],
    "lowlevel.zerocrossingrate.mean": [
        0.4868059754371643
    ],
    "lowlevel.spectral_energyband_low.mean": [
        5.474984021702767e-08
    ],
    "lowlevel.spectral_energyband_middle_low.mean": [
        4.140035514410556e-08
    ],
    "lowlevel.spectral_energyband_middle_high.mean": [
        4.494113081676687e-09
    ],
    "lowlevel.spectral_energyband_high.mean": [
        1.1906703401010077e-09
    ],
    "lowlevel.pitch_salience_mean": [
        0.7910972833633423
    ],
    "lowlevel.inharmonicity.mean": [
        0.16229991614818573
    ],
    "sfx.logattacktime.mean": [
        -5.0
    ],
    "lowlevel.lpc": [
        [
            1.0,
            -1.0309052467346191,
            0.07733162492513657,
            -0.07759572565555573,
            0.07841771841049194,
            -0.06879283487796783,
            0.05615942180156708,
            -0.04839826375246048,
            0.04729461297392845,
            -0.04795628786087036,
            0.025836452841758728
        ]
    ],
    "lowlevel.spectralcentroid": [
        710.2933959960938
    ]
}