{
    "lowlevel.hfc.mean": [
        235.79074096679688
    ],
    "lowlevel.mfcc.mean": [
        [
            -994.4050903320312,
            10.733880043029785,
            -19.493310928344727,
            11.53948974609375,
            -3.460927724838257,
            -0.30063414573669434,
            -11.4135103225708,
            -5.203164577484131,
            -9.978724479675293,
            -4.01183557510376,
            -3.602168560028076,
            -1.1333067417144775,
            -4.490877628326416
        ]
    ],
    "lowlevel.zerocrossingrate.mean": [
        0.3544216752052307
    ],
    "lowlevel.spectral_energyband_low.mean": [
        1.9662980776047334e-05
    ],
    "lowlevel.spectral_energyband_middle_low.mean": [
        0.019613899290561676
    ],
    "lowlevel.spectral_energyband_middle_high.mean": [
        0.05046249181032181
    ],
    "lowlevel.spectral_energyband_high.mean": [
        0.019421018660068512
    ],
    "lowlevel.pitch_salience_mean": [
        0.721440851688385
    ],
    "lowlevel.inharmonicity.mean": [
        0.15648505091667175
    ],
    "sfx.logattacktime.mean": [
        -1.3189228773117065
    ],
    "lowlevel.lpc": [
        [
            1.0,
            -3.1995742321014404,
            4.992325782775879,
            -4.965585708618164,
            3.6407437324523926,
            -2.391561985015869,
            1.7750027179718018,
            -1.4345200061798096,
            0.9956920146942139,
            -0.47657108306884766,
            0.10911931842565536
        ]
    ],
    "lowlevel.spectralcentroid": [
        3166.439697265625
    ]
}