{
    "lowlevel.hfc.mean": [
        53.46153259277344
    ],
    "lowlevel.mfcc.mean": [
        [
            -1149.478271484375,
            3.61360239982605,
            9.254770278930664,
            3.8170971870422363,
            0.5510692000389099,
            -1.7471845149993896,
            -3.743579864501953,
            -4.212586879730225,
            -4.098698616027832,
            -3.505788564682007,
            -3.165656328201294,
            -1.3221575021743774,
            -0.048133231699466705
        ]
    ],
    "lowlevel.zerocrossingrate.mean": [
        0.43955543637275696
    ],
    "lowlevel.spectral_energyband_low.mean": [
        0.00021309699513949454
    ],
    "lowlevel.spectral_energyband_middle_low.mean": [
        0.03674143925309181
    ],
    "lowlevel.spectral_energyband_middle_high.mean": [
        0.0017693617846816778
    ],
    "lowlevel.spectral_energyband_high.mean": [
        0.0043600378558039665
    ],
    "lowlevel.pitch_salience_mean": [
        0.7744153141975403
    ],
    "lowlevel.inharmonicity.mean": [
        0.1474294364452362
    ],
    "sfx.logattacktime.mean": [
        -2.1850461959838867
    ],
    "lowlevel.lpc": [
        [
            1.0,
            -1.6377841234207153,
            1.9950892925262451,
            -2.2888336181640625,
            2.060344934463501,
            -2.044940948486328,
            1.707197666168213,
            -1.4711999893188477,
            1.0568122863769531,
            -0.6342727541923523,
            0.28547802567481995
        ]
    ],
    "lowlevel.spectralcentroid": [
        2764.05908203125
    ]
}