{
    "lowlevel.hfc.mean": [
        1.44226021348004e-07
    ],
    "lowlevel.mfcc.mean": [
        [
            -1264.9100341796875,
            3.0517578125e-05,
            -6.866455078125e-05,
            3.0517578125e-05,
            -8.0108642578125e-05,
            6.866455078125e-05,
            -3.0517578125e-05,
            -6.866455078125e-05,
            -4.9591064453125e-05,
            -1.9073486328125e-05,
            -2.288818359375e-05,
            -1.9073486328125e-05,
            -4.1961669921875e-05
        ]
    ],
    "lowlevel.zerocrossingrate.mean": [
        0.5005724430084229
    ],
    "lowlevel.spectral_energyband_low.mean": [
        2.919891711077228e-16
    ],
    "lowlevel.spectral_energyband_middle_low.mean": [
        1.7246087379162883e-15
    ],
    "lowlevel.spectral_energyband_middle_high.mean": [
        8.523575657673303e-15
    ],
    "lowlevel.spectral_energyband_high.mean": [
        7.934324204594834e-12
    ],
    "lowlevel.pitch_salience_mean": [
        0.7969325184822083
    ],
    "lowlevel.inharmonicity.mean": [
        0.18453244864940643
    ],
    "sfx.logattacktime.mean": [
        -2.8055906295776367
    ],
    "lowlevel.lpc": [
        [
            0.0,
            0.0,
            0.0,
            0.0,
            0.0,
            0.0,
            0.0,
            0.0,
            0.0,
            0.0,
            0.0
        ]
    ],
    "lowlevel.spectralcentroid": [
        13270.2568359375
    ]
}