{
    "lowlevel.hfc.mean": [
        58.51142120361328
    ],
    "lowlevel.mfcc.mean": [
        [
            -1054.5870361328125,
            -23.2446231842041,
            -48.039005279541016,
            5.424294471740723,
            -13.973579406738281,
            -9.070197105407715,
            -12.71435546875,
            -1.4116992950439453,
            -8.21898078918457,
            14.312673568725586,
            15.118993759155273,
            18.021089553833008,
            27.47099494934082
        ]
    ],
    "lowlevel.zerocrossingrate.mean": [
        0.3438510298728943
    ],
    "lowlevel.spectral_energyband_low.mean": [
        2.0560792108881287e-06
    ],
    "lowlevel.spectral_energyband_middle_low.mean": [
        0.001865481142885983
    ],
    "lowlevel.spectral_energyband_middle_high.mean": [
        0.010898609645664692
    ],
    "lowlevel.spectral_energyband_high.mean": [
        0.0037454161792993546
    ],
    "lowlevel.pitch_salience_mean": [
        0.7821701765060425
    ],
    "lowlevel.inharmonicity.mean": [
        0.12717515230178833
    ],
    "sfx.logattacktime.mean": [
        -2.401400566101074
    ],
    "lowlevel.lpc": [
        [
            1.0,
            -1.8179832696914673,
            1.9185996055603027,
            -1.7270174026489258,
            1.5589447021484375,
            -1.4256467819213867,
            1.234537124633789,
            -0.8784303069114685,
            0.5256197452545166,
            -0.19245201349258423,
            0.011016818694770336
        ]
    ],
    "lowlevel.spectralcentroid": [
        4234.78515625
    ]
}