{
    "lowlevel.hfc.mean": [
        0.05136170983314514
    ],
    "lowlevel.mfcc.mean": [
        [
            -1257.032958984375,
            3.3861894607543945,
            -0.9640036821365356,
            -0.33970922231674194,
            -0.053379226475954056,
            -0.29096388816833496,
            -0.17435677349567413,
            0.4370258152484894,
            0.6137475371360779,
            0.17503251135349274,
            -0.07449065893888474,
            -0.021099135279655457,
            -0.2795013189315796
        ]
    ],
    "lowlevel.zerocrossingrate.mean": [
        0.48162388801574707
    ],
    "lowlevel.spectral_energyband_low.mean": [
        1.9315608312808763e-07
    ],
    "lowlevel.spectral_energyband_middle_low.mean": [
        3.1129773560678586e-05
    ],
    "lowlevel.spectral_energyband_middle_high.mean": [
        2.8344113161438145e-05
    ],
    "lowlevel.spectral_energyband_high.mean": [
        4.420965282747602e-08
    ],
    "lowlevel.pitch_salience_mean": [
        0.7871460914611816
    ],
    "lowlevel.inharmonicity.mean": [
        0.16658808290958405
    ],
    "sfx.logattacktime.mean": [
        -3.498318672180176
    ],
    "lowlevel.lpc": [
        [
            1.0,
            -1.9014191627502441,
            0.6998611092567444,
            0.19745202362537384,
            0.08025358617305756,
            0.07305661588907242,
            0.002487907186150551,
            -0.07076457142829895,
            -0.09448990225791931,
            -0.13128215074539185,
            0.1614384651184082
        ]
    ],
    "lowlevel.spectralcentroid": [
        1143.47216796875
    ]
}