{
    "lowlevel.hfc.mean": [
        1.0805484056472778
    ],
    "lowlevel.mfcc.mean": [
        [
            -1089.765625,
            61.98337173461914,
            -64.25489807128906,
            -37.75053024291992,
            -4.829714298248291,
            -13.085999488830566,
            -25.266441345214844,
            -3.4273202419281006,
            12.883469581604004,
            -0.01941322349011898,
            -11.01805591583252,
            -3.811063766479492,
            3.6170358657836914
        ]
    ],
    "lowlevel.zerocrossingrate.mean": [
        0.2186821848154068
    ],
    "lowlevel.spectral_energyband_low.mean": [
        7.156687331644207e-08
    ],
    "lowlevel.spectral_energyband_middle_low.mean": [
        0.001028271741233766
    ],
    "lowlevel.spectral_energyband_middle_high.mean": [
        0.0004839556058868766
    ],
    "lowlevel.spectral_energyband_high.mean": [
        3.2444128805764194e-07
    ],
    "lowlevel.pitch_salience_mean": [
        0.6417744755744934
    ],
    "lowlevel.inharmonicity.mean": [
        0.07550559937953949
    ],
    "sfx.logattacktime.mean": [
        -1.6122231483459473
    ],
    "lowlevel.lpc": [
        [
            1.0,
            -2.88279128074646,
            3.5608737468719482,
            -3.1705996990203857,
            2.3175346851348877,
            -0.8797131776809692,
            0.21641913056373596,
            -0.3704683184623718,
            0.4549308717250824,
            -0.4461330771446228,
            0.20761245489120483
        ]
    ],
    "lowlevel.spectralcentroid": [
        1006.4183349609375
    ]
}