{
    "lowlevel.hfc.mean": [
        0.5349262356758118
    ],
    "lowlevel.mfcc.mean": [
        [
            -1089.8369140625,
            76.64763641357422,
            -65.12065887451172,
            -33.12679672241211,
            -12.43449878692627,
            -17.717130661010742,
            -23.45969581604004,
            -4.5021891593933105,
            4.575674533843994,
            -7.04541015625,
            -11.169819831848145,
            0.5451169013977051,
            8.980233192443848
        ]
    ],
    "lowlevel.zerocrossingrate.mean": [
        0.20142167806625366
    ],
    "lowlevel.spectral_energyband_low.mean": [
        4.5277555926759305e-08
    ],
    "lowlevel.spectral_energyband_middle_low.mean": [
        0.0007456780876964331
    ],
    "lowlevel.spectral_energyband_middle_high.mean": [
        0.00027094603865407407
    ],
    "lowlevel.spectral_energyband_high.mean": [
        1.3398408782450133e-07
    ],
    "lowlevel.pitch_salience_mean": [
        0.6464928388595581
    ],
    "lowlevel.inharmonicity.mean": [
        0.07172044366598129
    ],
    "sfx.logattacktime.mean": [
        -1.1900513172149658
    ],
    "lowlevel.lpc": [
        [
            1.0,
            -3.2017874717712402,
            4.530097484588623,
            -4.435009479522705,
            3.5990512371063232,
            -2.1992335319519043,
            1.1836133003234863,
            -0.8952144980430603,
            0.762939453125,
            -0.5103673934936523,
            0.16920419037342072
        ]
    ],
    "lowlevel.spectralcentroid": [
        721.5973510742188
    ]
}