{
    "lowlevel.hfc.mean": [
        2.336877287234529e-06
    ],
    "lowlevel.mfcc.mean": [
        [
            -1263.5916748046875,
            1.648220181465149,
            1.1326279640197754,
            0.5941519141197205,
            0.2193385660648346,
            0.01642564870417118,
            -0.09191657602787018,
            -0.14851440489292145,
            -0.14618389308452606,
            -0.07918956130743027,
            0.023810945451259613,
            0.1096101924777031,
            0.12836217880249023
        ]
    ],
    "lowlevel.zerocrossingrate.mean": [
        0.48338720202445984
    ],
    "lowlevel.spectral_energyband_low.mean": [
        2.0109807152834946e-09
    ],
    "lowlevel.spectral_energyband_middle_low.mean": [
        3.460449038428237e-09
    ],
    "lowlevel.spectral_energyband_middle_high.mean": [
        2.5455842989074995e-10
    ],
    "lowlevel.spectral_energyband_high.mean": [
        6.586180212320158e-11
    ],
    "lowlevel.pitch_salience_mean": [
        0.7943518757820129
    ],
    "lowlevel.inharmonicity.mean": [
        0.1736782193183899
    ],
    "sfx.logattacktime.mean": [
        -3.8664042949676514
    ],
    "lowlevel.lpc": [
        [
            1.0,
            -0.8993833661079407,
            -0.1459708958864212,
            -0.014326456934213638,
            0.06386777758598328,
            -0.04926284775137901,
            0.053318291902542114,
            -0.07641240209341049,
            0.14078202843666077,
            -0.20772883296012878,
            0.15173766016960144
        ]
    ],
    "lowlevel.spectralcentroid": [
        1062.0477294921875
    ]
}