{
    "lowlevel.hfc.mean": [
        9.8024320602417
    ],
    "lowlevel.mfcc.mean": [
        [
            -1142.507080078125,
            112.03168487548828,
            25.246919631958008,
            -2.729658842086792,
            -7.729121208190918,
            -4.654356479644775,
            2.843334197998047,
            2.416393995285034,
            0.3263632357120514,
            -0.9669859409332275,
            -2.126295328140259,
            -1.2243616580963135,
            0.13827082514762878
        ]
    ],
    "lowlevel.zerocrossingrate.mean": [
        0.31457939743995667
    ],
    "lowlevel.spectral_energyband_low.mean": [
        0.0012778282398357987
    ],
    "lowlevel.spectral_energyband_middle_low.mean": [
        0.007208214607089758
    ],
    "lowlevel.spectral_energyband_middle_high.mean": [
        0.004770773928612471
    ],
    "lowlevel.spectral_energyband_high.mean": [
        9.429072633793112e-07
    ],
    "lowlevel.pitch_salience_mean": [
        0.7654919028282166
    ],
    "lowlevel.inharmonicity.mean": [
        0.12663528323173523
    ],
    "sfx.logattacktime.mean": [
        -2.3263752460479736
    ],
    "lowlevel.lpc": [
        [
            1.0,
            -3.492018222808838,
            4.159912586212158,
            -2.1972012519836426,
            2.3785195350646973,
            -3.66465163230896,
            2.3063554763793945,
            -2.1789064407348633,
            4.226212978363037,
            -3.555119276046753,
            1.017871379852295
        ]
    ],
    "lowlevel.spectralcentroid": [
        984.2230224609375
    ]
}