{
    "lowlevel.hfc.mean": [
        9.400824637850747e-06
    ],
    "lowlevel.mfcc.mean": [
        [
            -1262.7525634765625,
            2.5793516635894775,
            1.5481069087982178,
            0.6417115926742554,
            0.1400793194770813,
            -0.09174758940935135,
            -0.19673585891723633,
            -0.1945793777704239,
            -0.11132396012544632,
            -0.008042894303798676,
            0.07837720960378647,
            0.12696251273155212,
            0.10455657541751862
        ]
    ],
    "lowlevel.zerocrossingrate.mean": [
        0.48334792256355286
    ],
    "lowlevel.spectral_energyband_low.mean": [
        1.0721944221359081e-08
    ],
    "lowlevel.spectral_energyband_middle_low.mean": [
        1.9868400258360452e-08
    ],
    "lowlevel.spectral_energyband_middle_high.mean": [
        5.865133934079836e-10
    ],
    "lowlevel.spectral_energyband_high.mean": [
        1.2761550149953393e-10
    ],
    "lowlevel.pitch_salience_mean": [
        0.7951715588569641
    ],
    "lowlevel.inharmonicity.mean": [
        0.1721925139427185
    ],
    "sfx.logattacktime.mean": [
        -5.0
    ],
    "lowlevel.lpc": [
        [
            1.0,
            -1.0495768785476685,
            0.010412126779556274,
            -0.11493242532014847,
            0.19653485715389252,
            -0.22024762630462646,
            0.20728962123394012,
            -0.15747596323490143,
            0.12575072050094604,
            -0.07571223378181458,
            0.08943776786327362
        ]
    ],
    "lowlevel.spectralcentroid": [
        441.99737548828125
    ]
}