{
    "lowlevel.hfc.mean": [
        13.528358459472656
    ],
    "lowlevel.mfcc.mean": [
        [
            -1089.3389892578125,
            106.44335174560547,
            -17.532306671142578,
            -11.530214309692383,
            1.0090051889419556,
            0.8822491765022278,
            -7.467423915863037,
            -3.417219400405884,
            -0.027780456468462944,
            1.2146880626678467,
            0.6496040225028992,
            2.659637212753296,
            -0.2535150349140167
        ]
    ],
    "lowlevel.zerocrossingrate.mean": [
        0.3077939748764038
    ],
    "lowlevel.spectral_energyband_low.mean": [
        0.0009657798218540847
    ],
    "lowlevel.spectral_energyband_middle_low.mean": [
        0.0037386477924883366
    ],
    "lowlevel.spectral_energyband_middle_high.mean": [
        0.005208565853536129
    ],
    "lowlevel.spectral_energyband_high.mean": [
        0.0004130980814807117
    ],
    "lowlevel.pitch_salience_mean": [
        0.7633386254310608
    ],
    "lowlevel.inharmonicity.mean": [
        0.12067043036222458
    ],
    "sfx.logattacktime.mean": [
        -2.2211928367614746
    ],
    "lowlevel.lpc": [
        [
            1.0,
            -3.7196340560913086,
            5.500199317932129,
            -3.2719204425811768,
            -0.681050717830658,
            1.6300467252731323,
            0.3441641628742218,
            -1.556520938873291,
            0.8988152146339417,
            -0.07643218338489532,
            -0.06274427473545074
        ]
    ],
    "lowlevel.spectralcentroid": [
        1722.931640625
    ]
}