{
    "lowlevel.hfc.mean": [
        1.143493500421755e-05
    ],
    "lowlevel.mfcc.mean": [
        [
            -1260.531005859375,
            5.047756671905518,
            2.702781915664673,
            0.9832445979118347,
            0.3602367043495178,
            0.17622798681259155,
            -0.0048164790496230125,
            -0.20875273644924164,
            -0.4801947772502899,
            -0.6951175928115845,
            -0.5234935283660889,
            -0.06931570172309875,
            0.09989409893751144
        ]
    ],
    "lowlevel.zerocrossingrate.mean": [
        0.4602389931678772
    ],
    "lowlevel.spectral_energyband_low.mean": [
        5.826605864456269e-09
    ],
    "lowlevel.spectral_energyband_middle_low.mean": [
        1.5857784418926713e-08
    ],
    "lowlevel.spectral_energyband_middle_high.mean": [
        1.871347521387179e-09
    ],
    "lowlevel.spectral_energyband_high.mean": [
        3.31438487766178e-10
    ],
    "lowlevel.pitch_salience_mean": [
        0.7970149517059326
    ],
    "lowlevel.inharmonicity.mean": [
        0.164030522108078
    ],
    "sfx.logattacktime.mean": [
        -2.537230968475342
    ],
    "lowlevel.lpc": [
        [
            1.0,
            -0.9483274221420288,
            -0.1375214159488678,
            -0.00951269082725048,
            0.1960448920726776,
            -0.20918802917003632,
            0.16443876922130585,
            -0.09202777594327927,
            0.06971411406993866,
            -0.06538292020559311,
            0.05167423188686371
        ]
    ],
    "lowlevel.spectralcentroid": [
        777.3910522460938
    ]
}