{
    "lowlevel.hfc.mean": [
        0.12544097006320953
    ],
    "lowlevel.mfcc.mean": [
        [
            -1179.446044921875,
            42.66150665283203,
            0.9532871246337891,
            -2.6500914096832275,
            2.071239709854126,
            -1.6847002506256104,
            -6.92573356628418,
            -3.432316303253174,
            -2.0170698165893555,
            -0.48762252926826477,
            -1.980111002922058,
            -0.736677885055542,
            0.8713692426681519
        ]
    ],
    "lowlevel.zerocrossingrate.mean": [
        0.3447740375995636
    ],
    "lowlevel.spectral_energyband_low.mean": [
        1.8097571228281595e-05
    ],
    "lowlevel.spectral_energyband_middle_low.mean": [
        0.00022223845007829368
    ],
    "lowlevel.spectral_energyband_middle_high.mean": [
        1.941633854585234e-05
    ],
    "lowlevel.spectral_energyband_high.mean": [
        5.731079681936535e-07
    ],
    "lowlevel.pitch_salience_mean": [
        0.760400652885437
    ],
    "lowlevel.inharmonicity.mean": [
        0.1473303735256195
    ],
    "sfx.logattacktime.mean": [
        -2.0434656143188477
    ],
    "lowlevel.lpc": [
        [
            1.0,
            -1.6383957862854004,
            0.9973155856132507,
            -1.165963053703308,
            1.2262372970581055,
            -0.7785634994506836,
            0.7114269137382507,
            -0.621783971786499,
            0.6536417007446289,
            -0.4984913170337677,
            0.12342705577611923
        ]
    ],
    "lowlevel.spectralcentroid": [
        738.667236328125
    ]
}