{
    "lowlevel.hfc.mean": [
        0.11756955832242966
    ],
    "lowlevel.mfcc.mean": [
        [
            -1154.681640625,
            52.21102523803711,
            -4.650027751922607,
            -5.80637788772583,
            4.899549961090088,
            2.8029863834381104,
            -6.359764575958252,
            -4.7659196853637695,
            -3.382506847381592,
            -3.4503467082977295,
            -7.444234371185303,
            -4.955338001251221,
            -0.5504803657531738
        ]
    ],
    "lowlevel.zerocrossingrate.mean": [
        0.3100898861885071
    ],
    "lowlevel.spectral_energyband_low.mean": [
        1.841775701905135e-05
    ],
    "lowlevel.spectral_energyband_middle_low.mean": [
        0.0001532243622932583
    ],
    "lowlevel.spectral_energyband_middle_high.mean": [
        3.618916525738314e-05
    ],
    "lowlevel.spectral_energyband_high.mean": [
        4.873649004366598e-07
    ],
    "lowlevel.pitch_salience_mean": [
        0.7437143921852112
    ],
    "lowlevel.inharmonicity.mean": [
        0.13492199778556824
    ],
    "sfx.logattacktime.mean": [
        -2.709940195083618
    ],
    "lowlevel.lpc": [
        [
            1.0,
            -1.5925438404083252,
            0.7075143456459045,
            -0.6946653723716736,
            0.94892817735672,
            -0.6469279527664185,
            0.550664484500885,
            -0.40061435103416443,
            0.348482608795166,
            -0.22626478970050812,
            0.015169795602560043
        ]
    ],
    "lowlevel.spectralcentroid": [
        841.7905883789062
    ]
}