{
    "lowlevel.hfc.mean": [
        9.258386853616685e-06
    ],
    "lowlevel.mfcc.mean": [
        [
            -1261.4036865234375,
            4.158437252044678,
            2.4772496223449707,
            1.1337964534759521,
            0.4531368315219879,
            0.018748747184872627,
            -0.3921903967857361,
            -0.687941312789917,
            -0.877000093460083,
            -1.0084621906280518,
            -0.952674388885498,
            -0.6368957161903381,
            -0.26071539521217346
        ]
    ],
    "lowlevel.zerocrossingrate.mean": [
        0.46100011467933655
    ],
    "lowlevel.spectral_energyband_low.mean": [
        2.273137678088233e-09
    ],
    "lowlevel.spectral_energyband_middle_low.mean": [
        1.6812791159281915e-08
    ],
    "lowlevel.spectral_energyband_middle_high.mean": [
        1.2690415385208098e-09
    ],
    "lowlevel.spectral_energyband_high.mean": [
        2.0054845284445122e-10
    ],
    "lowlevel.pitch_salience_mean": [
        0.7972031235694885
    ],
    "lowlevel.inharmonicity.mean": [
        0.1610289365053177
    ],
    "sfx.logattacktime.mean": [
        -2.4403202533721924
    ],
    "lowlevel.lpc": [
        [
            1.0,
            -0.8173884153366089,
            -0.40856364369392395,
            0.0872000902891159,
            0.21622008085250854,
            -0.1905336230993271,
            0.15322373807430267,
            -0.07141623646020889,
            0.12243714928627014,
            -0.193911612033844,
            0.11992687731981277
        ]
    ],
    "lowlevel.spectralcentroid": [
        937.2868041992188
    ]
}