{
    "lowlevel.hfc.mean": [
        7.323409557342529
    ],
    "lowlevel.mfcc.mean": [
        [
            -916.4161376953125,
            80.23383331298828,
            -48.58598709106445,
            14.384124755859375,
            -1.2950105667114258,
            -27.402286529541016,
            -44.732940673828125,
            -19.708269119262695,
            -13.195530891418457,
            -10.413825988769531,
            -15.667781829833984,
            -5.1139607429504395,
            8.166082382202148
        ]
    ],
    "lowlevel.zerocrossingrate.mean": [
        0.13810625672340393
    ],
    "lowlevel.spectral_energyband_low.mean": [
        2.008722049140488e-06
    ],
    "lowlevel.spectral_energyband_middle_low.mean": [
        0.015737976878881454
    ],
    "lowlevel.spectral_energyband_middle_high.mean": [
        0.0007505134562961757
    ],
    "lowlevel.spectral_energyband_high.mean": [
        1.0820693205459975e-05
    ],
    "lowlevel.pitch_salience_mean": [
        0.3634383976459503
    ],
    "lowlevel.inharmonicity.mean": [
        0.04329025745391846
    ],
    "sfx.logattacktime.mean": [
        -0.12322203069925308
    ],
    "lowlevel.lpc": [
        [
            1.0,
            -3.2133591175079346,
            4.485716342926025,
            -3.9172203540802,
            2.5816988945007324,
            -1.3270719051361084,
            0.6038202047348022,
            -0.4407898783683777,
            0.5038934946060181,
            -0.43120718002319336,
            0.1566273272037506
        ]
    ],
    "lowlevel.spectralcentroid": [
        603.4047241210938
    ]
}