{
    "lowlevel.hfc.mean": [
        1.376484751701355
    ],
    "lowlevel.mfcc.mean": [
        [
            -1213.85791015625,
            13.184774398803711,
            -5.733683109283447,
            2.379586935043335,
            0.08574162423610687,
            -4.15225076675415,
            -6.644733905792236,
            -2.0416247844696045,
            -1.3848575353622437,
            -1.6522032022476196,
            -1.8718421459197998,
            -0.5066784024238586,
            0.771492600440979
        ]
    ],
    "lowlevel.zerocrossingrate.mean": [
        0.44174909591674805
    ],
    "lowlevel.spectral_energyband_low.mean": [
        3.0398202852666145e-06
    ],
    "lowlevel.spectral_energyband_middle_low.mean": [
        0.002902768552303314
    ],
    "lowlevel.spectral_energyband_middle_high.mean": [
        0.00014749217370990664
    ],
    "lowlevel.spectral_energyband_high.mean": [
        1.8060122783936094e-06
    ],
    "lowlevel.pitch_salience_mean": [
        0.7416103482246399
    ],
    "lowlevel.inharmonicity.mean": [
        0.1490318775177002
    ],
    "sfx.logattacktime.mean": [
        -3.229435682296753
    ],
    "lowlevel.lpc": [
        [
            1.0,
            -2.8176534175872803,
            3.0561676025390625,
            -1.6754955053329468,
            0.4370613694190979,
            0.1776079386472702,
            -0.23745927214622498,
            -0.034911781549453735,
            0.34035688638687134,
            -0.4117332696914673,
            0.16853658854961395
        ]
    ],
    "lowlevel.spectralcentroid": [
        613.1943969726562
    ]
}