{
    "lowlevel.hfc.mean": [
        304.93109130859375
    ],
    "lowlevel.mfcc.mean": [
        [
            -1042.77978515625,
            -9.5620698928833,
            2.3231682777404785,
            3.219806432723999,
            1.1303597688674927,
            -3.743582010269165,
            -5.673703670501709,
            -6.173699855804443,
            -6.761934757232666,
            -5.127949237823486,
            -4.612020015716553,
            -2.8256547451019287,
            -0.8399661183357239
        ]
    ],
    "lowlevel.zerocrossingrate.mean": [
        0.4194382429122925
    ],
    "lowlevel.spectral_energyband_low.mean": [
        0.00019564777903724462
    ],
    "lowlevel.spectral_energyband_middle_low.mean": [
        0.032220035791397095
    ],
    "lowlevel.spectral_energyband_middle_high.mean": [
        0.006918586790561676
    ],
    "lowlevel.spectral_energyband_high.mean": [
        0.03218992054462433
    ],
    "lowlevel.pitch_salience_mean": [
        0.7849215269088745
    ],
    "lowlevel.inharmonicity.mean": [
        0.13918808102607727
    ],
    "sfx.logattacktime.mean": [
        -2.176091194152832
    ],
    "lowlevel.lpc": [
        [
            1.0,
            -1.5029959678649902,
            1.8857420682907104,
            -2.0275793075561523,
            1.8642113208770752,
            -1.8205276727676392,
            1.5080028772354126,
            -1.291892647743225,
            0.8477417230606079,
            -0.5309655070304871,
            0.15373991429805756
        ]
    ],
    "lowlevel.spectralcentroid": [
        5556.72314453125
    ]
}