{
    "lowlevel.hfc.mean": [
        0.0007601397228427231
    ],
    "lowlevel.mfcc.mean": [
        [
            -1258.9110107421875,
            -0.3602742552757263,
            0.10389705747365952,
            0.019297318533062935,
            -0.00403678510338068,
            0.036666542291641235,
            0.0025470915716141462,
            0.01408571470528841,
            -0.018030548468232155,
            -0.01537497341632843,
            -0.02650618739426136,
            -0.034152910113334656,
            -0.01703498512506485
        ]
    ],
    "lowlevel.zerocrossingrate.mean": [
        0.47494885325431824
    ],
    "lowlevel.spectral_energyband_low.mean": [
        5.785141254932569e-10
    ],
    "lowlevel.spectral_energyband_middle_low.mean": [
        2.500549545203512e-09
    ],
    "lowlevel.spectral_energyband_middle_high.mean": [
        1.4089468258760007e-08
    ],
    "lowlevel.spectral_energyband_high.mean": [
        6.902207871917199e-08
    ],
    "lowlevel.pitch_salience_mean": [
        0.8016148209571838
    ],
    "lowlevel.inharmonicity.mean": [
        0.16050298511981964
    ],
    "sfx.logattacktime.mean": [
        -5.0
    ],
    "lowlevel.lpc": [
        [
            1.0,
            -0.5025670528411865,
            0.556749701499939,
            -0.4284989535808563,
            0.44645267724990845,
            -0.4046855866909027,
            0.37624356150627136,
            -0.31046080589294434,
            0.24348226189613342,
            -0.16707196831703186,
            0.10229595005512238
        ]
    ],
    "lowlevel.spectralcentroid": [
        8230.3525390625
    ]
}