{
    "lowlevel.hfc.mean": [
        59.76994323730469
    ],
    "lowlevel.mfcc.mean": [
        [
            -1168.5899658203125,
            -0.8767279386520386,
            0.8435055613517761,
            4.625267505645752,
            1.3406848907470703,
            -0.8689615726470947,
            -2.695099353790283,
            -3.0856001377105713,
            -1.7569142580032349,
            -0.27092310786247253,
            0.9356831908226013,
            1.84114408493042,
            1.9787533283233643
        ]
    ],
    "lowlevel.zerocrossingrate.mean": [
        0.42655783891677856
    ],
    "lowlevel.spectral_energyband_low.mean": [
        0.0001866418751887977
    ],
    "lowlevel.spectral_energyband_middle_low.mean": [
        0.011365838348865509
    ],
    "lowlevel.spectral_energyband_middle_high.mean": [
        0.0027442695572972298
    ],
    "lowlevel.spectral_energyband_high.mean": [
        0.0060867080464959145
    ],
    "lowlevel.pitch_salience_mean": [
        0.7975001931190491
    ],
    "lowlevel.inharmonicity.mean": [
        0.14654456079006195
    ],
    "sfx.logattacktime.mean": [
        -1.6955368518829346
    ],
    "lowlevel.lpc": [
        [
            1.0,
            -1.6772712469100952,
            2.0388424396514893,
            -2.351050615310669,
            2.323038101196289,
            -2.145374298095703,
            1.7715513706207275,
            -1.4006458520889282,
            0.8884932398796082,
            -0.5448163747787476,
            0.16476742923259735
        ]
    ],
    "lowlevel.spectralcentroid": [
        4343.23828125
    ]
}