{
    "lowlevel.hfc.mean": [
        3.557310719770612e-06
    ],
    "lowlevel.mfcc.mean": [
        [
            -1264.3118896484375,
            0.6549995541572571,
            0.288221538066864,
            0.09365992993116379,
            0.05392277240753174,
            0.03553985431790352,
            0.002266251016408205,
            -0.021631058305501938,
            0.015410228632390499,
            0.09846813231706619,
            0.12121555954217911,
            0.05357540398836136,
            -0.015301251783967018
        ]
    ],
    "lowlevel.zerocrossingrate.mean": [
        0.4959654211997986
    ],
    "lowlevel.spectral_energyband_low.mean": [
        6.997489254700895e-09
    ],
    "lowlevel.spectral_energyband_middle_low.mean": [
        4.524951968676305e-09
    ],
    "lowlevel.spectral_energyband_middle_high.mean": [
        4.5009793114836327e-10
    ],
    "lowlevel.spectral_energyband_high.mean": [
        7.455356471064434e-11
    ],
    "lowlevel.pitch_salience_mean": [
        0.7909789085388184
    ],
    "lowlevel.inharmonicity.mean": [
        0.17406781017780304
    ],
    "sfx.logattacktime.mean": [
        -5.0
    ],
    "lowlevel.lpc": [
        [
            1.0,
            -1.0942001342773438,
            0.07272043079137802,
            -0.08131798356771469,
            0.08433748036623001,
            -0.05457286536693573,
            0.0687374398112297,
            -0.04377540946006775,
            0.04769780859351158,
            -0.005963364616036415,
            0.017821092158555984
        ]
    ],
    "lowlevel.spectralcentroid": [
        624.947021484375
    ]
}