{
    "lowlevel.hfc.mean": [
        1.1485356092453003
    ],
    "lowlevel.mfcc.mean": [
        [
            -1116.8741455078125,
            75.42448425292969,
            -43.49214553833008,
            -5.799386501312256,
            4.199881553649902,
            -4.4379754066467285,
            0.04207418113946915,
            -6.299490451812744,
            -9.407567024230957,
            -3.8970184326171875,
            -1.7139222621917725,
            -0.1299847960472107,
            6.6766815185546875
        ]
    ],
    "lowlevel.zerocrossingrate.mean": [
        0.29470115900039673
    ],
    "lowlevel.spectral_energyband_low.mean": [
        1.5847290342207998e-05
    ],
    "lowlevel.spectral_energyband_middle_low.mean": [
        0.0008105310844257474
    ],
    "lowlevel.spectral_energyband_middle_high.mean": [
        0.0005976796383038163
    ],
    "lowlevel.spectral_energyband_high.mean": [
        3.559066499292385e-07
    ],
    "lowlevel.pitch_salience_mean": [
        0.6606862545013428
    ],
    "lowlevel.inharmonicity.mean": [
        0.12022628635168076
    ],
    "sfx.logattacktime.mean": [
        -1.5863924026489258
    ],
    "lowlevel.lpc": [
        [
            1.0,
            -2.9028236865997314,
            2.472945213317871,
            0.005090375430881977,
            -0.4363560974597931,
            -0.3916836380958557,
            0.05075957998633385,
            0.20176047086715698,
            0.14974409341812134,
            -0.17317631840705872,
            0.025590304285287857
        ]
    ],
    "lowlevel.spectralcentroid": [
        1009.3336181640625
    ]
}