{
    "lowlevel.hfc.mean": [
        5.335423946380615
    ],
    "lowlevel.mfcc.mean": [
        [
            -1129.5740966796875,
            101.75154876708984,
            11.03844928741455,
            -15.00745677947998,
            -21.87835121154785,
            -16.78639030456543,
            -11.871565818786621,
            -19.77838134765625,
            -11.873828887939453,
            3.866917848587036,
            2.3190598487854004,
            2.521059513092041,
            2.098145008087158
        ]
    ],
    "lowlevel.zerocrossingrate.mean": [
        0.2796883285045624
    ],
    "lowlevel.spectral_energyband_low.mean": [
        1.0644868098097504e-06
    ],
    "lowlevel.spectral_energyband_middle_low.mean": [
        0.010555376298725605
    ],
    "lowlevel.spectral_energyband_middle_high.mean": [
        2.0232666429365054e-05
    ],
    "lowlevel.spectral_energyband_high.mean": [
        2.4001218434932525e-07
    ],
    "lowlevel.pitch_salience_mean": [
        0.6171382665634155
    ],
    "lowlevel.inharmonicity.mean": [
        0.13324378430843353
    ],
    "sfx.logattacktime.mean": [
        -1.1842927932739258
    ],
    "lowlevel.lpc": [
        [
            1.0,
            -1.3951497077941895,
            0.09718146920204163,
            0.10484036803245544,
            0.07570379227399826,
            0.05639766901731491,
            0.04648445546627045,
            0.03578121215105057,
            0.03250099718570709,
            0.03333596885204315,
            -0.07924529910087585
        ]
    ],
    "lowlevel.spectralcentroid": [
        511.6780090332031
    ]
}