{
    "lowlevel.hfc.mean": [
        1.1956623792648315
    ],
    "lowlevel.mfcc.mean": [
        [
            -1213.788818359375,
            17.8096981048584,
            1.6022157669067383,
            -1.3393769264221191,
            -3.8836350440979004,
            -3.7415964603424072,
            -3.3505122661590576,
            -2.1478748321533203,
            -0.8580177426338196,
            0.5571492910385132,
            0.9830203652381897,
            0.7486769556999207,
            -0.020670577883720398
        ]
    ],
    "lowlevel.zerocrossingrate.mean": [
        0.4408506155014038
    ],
    "lowlevel.spectral_energyband_low.mean": [
        3.7392931062640855e-06
    ],
    "lowlevel.spectral_energyband_middle_low.mean": [
        0.002267725532874465
    ],
    "lowlevel.spectral_energyband_middle_high.mean": [
        1.9285036614746787e-05
    ],
    "lowlevel.spectral_energyband_high.mean": [
        2.0566869807225885e-06
    ],
    "lowlevel.pitch_salience_mean": [
        0.7766708731651306
    ],
    "lowlevel.inharmonicity.mean": [
        0.1854490339756012
    ],
    "sfx.logattacktime.mean": [
        -2.7253594398498535
    ],
    "lowlevel.lpc": [
        [
            1.0,
            -1.1297036409378052,
            0.013061443343758583,
            0.012218886986374855,
            0.01103676576167345,
            0.009736045263707638,
            0.008039220236241817,
            0.006795906461775303,
            0.005220440682023764,
            0.0031979307532310486,
            0.08572608977556229
        ]
    ],
    "lowlevel.spectralcentroid": [
        588.8168334960938
    ]
}