{
    "lowlevel.hfc.mean": [
        13.658153533935547
    ],
    "lowlevel.mfcc.mean": [
        [
            -1177.974609375,
            17.57123374938965,
            9.383990287780762,
            0.06684289872646332,
            0.38064348697662354,
            0.17687898874282837,
            -0.5971105098724365,
            0.3111695349216461,
            -2.5818734169006348,
            -2.006375789642334,
            -1.9920768737792969,
            -1.5155915021896362,
            -1.9084968566894531
        ]
    ],
    "lowlevel.zerocrossingrate.mean": [
        0.3955078125
    ],
    "lowlevel.spectral_energyband_low.mean": [
        0.0018691300647333264
    ],
    "lowlevel.spectral_energyband_middle_low.mean": [
        0.0345369316637516
    ],
    "lowlevel.spectral_energyband_middle_high.mean": [
        0.0006813514046370983
    ],
    "lowlevel.spectral_energyband_high.mean": [
        0.0004477272159419954
    ],
    "lowlevel.pitch_salience_mean": [
        0.7862889766693115
    ],
    "lowlevel.inharmonicity.mean": [
        0.16119933128356934
    ],
    "sfx.logattacktime.mean": [
        -2.5045595169067383
    ],
    "lowlevel.lpc": [
        [
            1.0,
            -0.9026627540588379,
            0.4766131043434143,
            -0.6579822301864624,
            0.3196924328804016,
            -0.7279577851295471,
            0.3854314088821411,
            -0.3050648272037506,
            0.32487279176712036,
            -0.059153154492378235,
            0.16096848249435425
        ]
    ],
    "lowlevel.spectralcentroid": [
        1057.97705078125
    ]
}