{
    "lowlevel.hfc.mean": [
        243.20526123046875
    ],
    "lowlevel.mfcc.mean": [
        [
            -833.4486083984375,
            43.1197624206543,
            26.250194549560547,
            -0.6376153230667114,
            14.941203117370605,
            4.648939609527588,
            -10.507463455200195,
            -2.9448957443237305,
            -4.698009490966797,
            -7.259673118591309,
            -6.16818380355835,
            -2.016336679458618,
            -6.85455846786499
        ]
    ],
    "lowlevel.zerocrossingrate.mean": [
        0.2363010048866272
    ],
    "lowlevel.spectral_energyband_low.mean": [
        0.008447540923953056
    ],
    "lowlevel.spectral_energyband_middle_low.mean": [
        0.1657140851020813
    ],
    "lowlevel.spectral_energyband_middle_high.mean": [
        0.014538664370775223
    ],
    "lowlevel.spectral_energyband_high.mean": [
        0.0201285257935524
    ],
    "lowlevel.pitch_salience_mean": [
        0.6798045039176941
    ],
    "lowlevel.inharmonicity.mean": [
        0.10655874013900757
    ],
    "sfx.logattacktime.mean": [
        -2.1488943099975586
    ],
    "lowlevel.lpc": [
        [
            1.0,
            -1.545433759689331,
            1.7029584646224976,
            -1.7991278171539307,
            1.4828369617462158,
            -1.6122186183929443,
            1.422342300415039,
            -1.2847758531570435,
            0.9936672449111938,
            -0.5857573747634888,
            0.25579848885536194
        ]
    ],
    "lowlevel.spectralcentroid": [
        2671.6337890625
    ]
}