{
    "lowlevel.hfc.mean": [
        0.10175015032291412
    ],
    "lowlevel.mfcc.mean": [
        [
            -1085.046630859375,
            95.00962829589844,
            3.813687801361084,
            -5.43480920791626,
            9.836626052856445,
            8.078832626342773,
            -7.752098083496094,
            -4.437835693359375,
            -0.6294163465499878,
            -0.7679866552352905,
            -5.899740695953369,
            -2.7888824939727783,
            2.72487473487854
        ]
    ],
    "lowlevel.zerocrossingrate.mean": [
        0.17473144829273224
    ],
    "lowlevel.spectral_energyband_low.mean": [
        4.083060775883496e-05
    ],
    "lowlevel.spectral_energyband_middle_low.mean": [
        0.00014312048733700067
    ],
    "lowlevel.spectral_energyband_middle_high.mean": [
        2.5419818484806456e-05
    ],
    "lowlevel.spectral_energyband_high.mean": [
        5.910510481044184e-07
    ],
    "lowlevel.pitch_salience_mean": [
        0.7147523164749146
    ],
    "lowlevel.inharmonicity.mean": [
        0.10088846832513809
    ],
    "sfx.logattacktime.mean": [
        -2.0809574127197266
    ],
    "lowlevel.lpc": [
        [
            1.0,
            -1.6134291887283325,
            0.8073176741600037,
            -0.6594042181968689,
            0.6844905018806458,
            -0.4744853377342224,
            0.46426886320114136,
            -0.35275736451148987,
            0.4250757396221161,
            -0.314505934715271,
            0.043213702738285065
        ]
    ],
    "lowlevel.spectralcentroid": [
        782.7362670898438
    ]
}