{
    "lowlevel.hfc.mean": [
        7.077174086589366e-05
    ],
    "lowlevel.mfcc.mean": [
        [
            -1252.208251953125,
            12.495539665222168,
            3.978485107421875,
            1.9117450714111328,
            3.1718413829803467,
            2.0073461532592773,
            -0.24279479682445526,
            -0.8843852877616882,
            -0.791336715221405,
            -1.1607224941253662,
            -1.283084511756897,
            -0.8162708282470703,
            -0.5297649502754211
        ]
    ],
    "lowlevel.zerocrossingrate.mean": [
        0.42352294921875
    ],
    "lowlevel.spectral_energyband_low.mean": [
        4.814471665781639e-08
    ],
    "lowlevel.spectral_energyband_middle_low.mean": [
        1.0407652695221259e-07
    ],
    "lowlevel.spectral_energyband_middle_high.mean": [
        1.502457180890815e-08
    ],
    "lowlevel.spectral_energyband_high.mean": [
        1.6989307738413117e-09
    ],
    "lowlevel.pitch_salience_mean": [
        0.8047107458114624
    ],
    "lowlevel.inharmonicity.mean": [
        0.14657488465309143
    ],
    "sfx.logattacktime.mean": [
        -2.9454636573791504
    ],
    "lowlevel.lpc": [
        [
            1.0,
            -1.0630958080291748,
            -0.05914982780814171,
            0.07552285492420197,
            0.06597387790679932,
            -0.09156957268714905,
            0.08535140752792358,
            0.012390084564685822,
            0.04398351535201073,
            -0.04096152260899544,
            -0.012517434544861317
        ]
    ],
    "lowlevel.spectralcentroid": [
        1058.7197265625
    ]
}