{
    "lowlevel.hfc.mean": [
        2.5731415576046857e-07
    ],
    "lowlevel.mfcc.mean": [
        [
            -1264.6993408203125,
            0.2747681736946106,
            0.21196021139621735,
            0.1448146402835846,
            0.09799861162900925,
            0.07379049807786942,
            0.05574651062488556,
            0.02985488809645176,
            -0.0025890490505844355,
            -0.028037868440151215,
            -0.035793837159872055,
            -0.029028842225670815,
            -0.021845877170562744
        ]
    ],
    "lowlevel.zerocrossingrate.mean": [
        0.4935568869113922
    ],
    "lowlevel.spectral_energyband_low.mean": [
        1.1234854019326335e-10
    ],
    "lowlevel.spectral_energyband_middle_low.mean": [
        1.7527547468976223e-10
    ],
    "lowlevel.spectral_energyband_middle_high.mean": [
        5.238214723091161e-11
    ],
    "lowlevel.spectral_energyband_high.mean": [
        1.1549552980660849e-11
    ],
    "lowlevel.pitch_salience_mean": [
        0.7920516133308411
    ],
    "lowlevel.inharmonicity.mean": [
        0.16879890859127045
    ],
    "sfx.logattacktime.mean": [
        -5.0
    ],
    "lowlevel.lpc": [
        [
            1.0,
            -0.8695574402809143,
            -0.05847559869289398,
            -0.05936438590288162,
            0.027645325288176537,
            -0.05315028503537178,
            0.021946445107460022,
            0.037195637822151184,
            0.01041666604578495,
            -0.02065877616405487,
            -0.002572710392996669
        ]
    ],
    "lowlevel.spectralcentroid": [
        1759.6588134765625
    ]
}