{
    "lowlevel.hfc.mean": [
        39.04219436645508
    ],
    "lowlevel.mfcc.mean": [
        [
            -893.3281860351562,
            45.1107063293457,
            -70.9549331665039,
            9.81287956237793,
            -13.29013442993164,
            -25.05868911743164,
            -17.608583450317383,
            -13.967209815979004,
            -23.678482055664062,
            1.6326491832733154,
            1.7013896703720093,
            7.9644904136657715,
            24.535011291503906
        ]
    ],
    "lowlevel.zerocrossingrate.mean": [
        0.18473407626152039
    ],
    "lowlevel.spectral_energyband_low.mean": [
        1.1641153832897544e-05
    ],
    "lowlevel.spectral_energyband_middle_low.mean": [
        0.0391298308968544
    ],
    "lowlevel.spectral_energyband_middle_high.mean": [
        0.012979652732610703
    ],
    "lowlevel.spectral_energyband_high.mean": [
        0.00012362455890979618
    ],
    "lowlevel.pitch_salience_mean": [
        0.5649564862251282
    ],
    "lowlevel.inharmonicity.mean": [
        0.060574740171432495
    ],
    "sfx.logattacktime.mean": [
        -0.06465499103069305
    ],
    "lowlevel.lpc": [
        [
            1.0,
            -3.4756181240081787,
            5.380508899688721,
            -5.388088703155518,
            4.561712265014648,
            -3.7128472328186035,
            2.8271610736846924,
            -1.8974652290344238,
            0.958853006362915,
            -0.3061157464981079,
            0.056022848933935165
        ]
    ],
    "lowlevel.spectralcentroid": [
        1073.1419677734375
    ]
}