{
    "lowlevel.hfc.mean": [
        1.6343826700904174e-06
    ],
    "lowlevel.mfcc.mean": [
        [
            -1264.4202880859375,
            0.5952620506286621,
            0.3476656377315521,
            0.10173919051885605,
            -0.036356449127197266,
            -0.04660686478018761,
            0.024930408224463463,
            0.10609056055545807,
            0.1341262012720108,
            0.09340967237949371,
            0.021569065749645233,
            -0.033212076872587204,
            -0.054552409797906876
        ]
    ],
    "lowlevel.zerocrossingrate.mean": [
        0.4950300455093384
    ],
    "lowlevel.spectral_energyband_low.mean": [
        2.396157050554848e-09
    ],
    "lowlevel.spectral_energyband_middle_low.mean": [
        2.6032791478058925e-09
    ],
    "lowlevel.spectral_energyband_middle_high.mean": [
        3.1954439094761256e-10
    ],
    "lowlevel.spectral_energyband_high.mean": [
        5.860893367848341e-12
    ],
    "lowlevel.pitch_salience_mean": [
        0.7910885810852051
    ],
    "lowlevel.inharmonicity.mean": [
        0.1660134196281433
    ],
    "sfx.logattacktime.mean": [
        -5.0
    ],
    "lowlevel.lpc": [
        [
            1.0,
            -1.3333646059036255,
            0.1363031566143036,
            0.008080233819782734,
            0.17853620648384094,
            -0.027301644906401634,
            0.10938818752765656,
            -0.09133923798799515,
            -0.012170448899269104,
            0.007877372205257416,
            0.03333992883563042
        ]
    ],
    "lowlevel.spectralcentroid": [
        485.1632385253906
    ]
}