{
    "lowlevel.hfc.mean": [
        31.487653732299805
    ],
    "lowlevel.mfcc.mean": [
        [
            -911.7384643554688,
            10.889451026916504,
            -59.19285583496094,
            16.685754776000977,
            -27.971920013427734,
            -17.98009490966797,
            6.720536231994629,
            -6.0080366134643555,
            15.673398971557617,
            21.65830421447754,
            17.851032257080078,
            19.225332260131836,
            -12.060111999511719
        ]
    ],
    "lowlevel.zerocrossingrate.mean": [
        0.22993561625480652
    ],
    "lowlevel.spectral_energyband_low.mean": [
        1.2908413737022784e-05
    ],
    "lowlevel.spectral_energyband_middle_low.mean": [
        0.004928202833980322
    ],
    "lowlevel.spectral_energyband_middle_high.mean": [
        0.0103678023442626
    ],
    "lowlevel.spectral_energyband_high.mean": [
        0.0012483657337725163
    ],
    "lowlevel.pitch_salience_mean": [
        0.7770897150039673
    ],
    "lowlevel.inharmonicity.mean": [
        0.05353986844420433
    ],
    "sfx.logattacktime.mean": [
        0.20018766820430756
    ],
    "lowlevel.lpc": [
        [
            1.0,
            -3.297985076904297,
            4.935698986053467,
            -4.839102268218994,
            4.026194095611572,
            -3.2246739864349365,
            2.5820107460021973,
            -1.9754148721694946,
            1.0922263860702515,
            -0.2981705665588379,
            0.020197488367557526
        ]
    ],
    "lowlevel.spectralcentroid": [
        2208.621826171875
    ]
}