{
    "lowlevel.hfc.mean": [
        5.6564331316621974e-05
    ],
    "lowlevel.mfcc.mean": [
        [
            -1251.385498046875,
            14.431464195251465,
            5.997486591339111,
            1.9803587198257446,
            2.053326368331909,
            1.61785089969635,
            0.2805517017841339,
            -0.05906315892934799,
            -0.06901931762695312,
            -0.8522960543632507,
            -1.169191837310791,
            -0.16680195927619934,
            0.6140397787094116
        ]
    ],
    "lowlevel.zerocrossingrate.mean": [
        0.42250463366508484
    ],
    "lowlevel.spectral_energyband_low.mean": [
        7.78867246253867e-08
    ],
    "lowlevel.spectral_energyband_middle_low.mean": [
        1.1112450692962739e-07
    ],
    "lowlevel.spectral_energyband_middle_high.mean": [
        1.3179177749123028e-08
    ],
    "lowlevel.spectral_energyband_high.mean": [
        3.6594768881847983e-10
    ],
    "lowlevel.pitch_salience_mean": [
        0.8020710349082947
    ],
    "lowlevel.inharmonicity.mean": [
        0.16655150055885315
    ],
    "sfx.logattacktime.mean": [
        -3.389172077178955
    ],
    "lowlevel.lpc": [
        [
            1.0,
            -1.1753647327423096,
            -0.060588639229536057,
            -0.005103836767375469,
            0.27927160263061523,
            -0.26740697026252747,
            0.3315144181251526,
            -0.11075795441865921,
            0.2793222665786743,
            -0.32001185417175293,
            0.05534876137971878
        ]
    ],
    "lowlevel.spectralcentroid": [
        580.06494140625
    ]
}