{
    "lowlevel.hfc.mean": [
        0.14283566176891327
    ],
    "lowlevel.mfcc.mean": [
        [
            -1103.226806640625,
            86.84988403320312,
            1.5107426643371582,
            -6.709658145904541,
            7.789907455444336,
            5.3962883949279785,
            -4.882883548736572,
            -1.3273240327835083,
            1.441885232925415,
            0.4842647612094879,
            -3.4704959392547607,
            -1.6650054454803467,
            1.511640191078186
        ]
    ],
    "lowlevel.zerocrossingrate.mean": [
        0.21170847117900848
    ],
    "lowlevel.spectral_energyband_low.mean": [
        2.4439288608846255e-05
    ],
    "lowlevel.spectral_energyband_middle_low.mean": [
        0.0001415246952092275
    ],
    "lowlevel.spectral_energyband_middle_high.mean": [
        5.3523053793469444e-05
    ],
    "lowlevel.spectral_energyband_high.mean": [
        4.76407535643375e-07
    ],
    "lowlevel.pitch_salience_mean": [
        0.7539466619491577
    ],
    "lowlevel.inharmonicity.mean": [
        0.13435563445091248
    ],
    "sfx.logattacktime.mean": [
        -2.4485390186309814
    ],
    "lowlevel.lpc": [
        [
            1.0,
            -1.5771845579147339,
            0.6755942106246948,
            -0.6392067074775696,
            0.7777426838874817,
            -0.5106583833694458,
            0.597969651222229,
            -0.3965713083744049,
            0.28457799553871155,
            -0.24111828207969666,
            0.04028773680329323
        ]
    ],
    "lowlevel.spectralcentroid": [
        900.1847534179688
    ]
}