{
    "lowlevel.hfc.mean": [
        2.8034030492563033e-06
    ],
    "lowlevel.mfcc.mean": [
        [
            -1264.387939453125,
            0.5435169339179993,
            0.19885100424289703,
            0.046158257871866226,
            0.03140402212738991,
            0.04731243476271629,
            0.07640562951564789,
            0.086916483938694,
            0.07403045892715454,
            0.0431937612593174,
            -0.011612060479819775,
            -0.054808810353279114,
            -0.056693561375141144
        ]
    ],
    "lowlevel.zerocrossingrate.mean": [
        0.49601295590400696
    ],
    "lowlevel.spectral_energyband_low.mean": [
        3.5981848611754685e-09
    ],
    "lowlevel.spectral_energyband_middle_low.mean": [
        2.741109339510217e-09
    ],
    "lowlevel.spectral_energyband_middle_high.mean": [
        7.888359965235736e-10
    ],
    "lowlevel.spectral_energyband_high.mean": [
        7.531542750571774e-11
    ],
    "lowlevel.pitch_salience_mean": [
        0.7907491326332092
    ],
    "lowlevel.inharmonicity.mean": [
        0.16789355874061584
    ],
    "sfx.logattacktime.mean": [
        -5.0
    ],
    "lowlevel.lpc": [
        [
            1.0,
            -1.114571452140808,
            0.13784463703632355,
            -0.13912267982959747,
            0.14985333383083344,
            -0.11232922226190567,
            0.10941307991743088,
            -0.10500103235244751,
            0.1023828461766243,
            -0.050098028033971786,
            0.03963340446352959
        ]
    ],
    "lowlevel.spectralcentroid": [
        602.6172485351562
    ]
}