{
    "lowlevel.hfc.mean": [
        0.18306151032447815
    ],
    "lowlevel.mfcc.mean": [
        [
            -1097.2911376953125,
            121.47257995605469,
            -4.720065593719482,
            -8.40201473236084,
            6.750204086303711,
            8.60262393951416,
            6.827186107635498,
            12.196610450744629,
            10.388813972473145,
            2.9382901191711426,
            -2.4172041416168213,
            -8.567461013793945,
            -7.658354759216309
        ]
    ],
    "lowlevel.zerocrossingrate.mean": [
        0.07671117782592773
    ],
    "lowlevel.spectral_energyband_low.mean": [
        3.35439617629163e-05
    ],
    "lowlevel.spectral_energyband_middle_low.mean": [
        2.6839150450541638e-05
    ],
    "lowlevel.spectral_energyband_middle_high.mean": [
        0.00017853312601801008
    ],
    "lowlevel.spectral_energyband_high.mean": [
        8.998752321076608e-08
    ],
    "lowlevel.pitch_salience_mean": [
        0.43154242634773254
    ],
    "lowlevel.inharmonicity.mean": [
        0.12008368223905563
    ],
    "sfx.logattacktime.mean": [
        -1.6703877449035645
    ],
    "lowlevel.lpc": [
        [
            1.0,
            -2.0351412296295166,
            0.8584784865379333,
            0.32930856943130493,
            0.002417655661702156,
            -0.14200246334075928,
            -0.02946164645254612,
            0.011488303542137146,
            0.03667066618800163,
            -0.0327349416911602,
            0.008926089853048325
        ]
    ],
    "lowlevel.spectralcentroid": [
        845.1904907226562
    ]
}