{
    "lowlevel.hfc.mean": [
        5.803101885248907e-06
    ],
    "lowlevel.mfcc.mean": [
        [
            -1264.0234375,
            0.9098197221755981,
            0.3378956615924835,
            0.08311790227890015,
            0.011664063669741154,
            -0.04266459122300148,
            -0.06260007619857788,
            -0.08656838536262512,
            -0.10344123095273972,
            -0.07704369723796844,
            -0.04229173809289932,
            -0.002048322930932045,
            0.04071567952632904
        ]
    ],
    "lowlevel.zerocrossingrate.mean": [
        0.4938925802707672
    ],
    "lowlevel.spectral_energyband_low.mean": [
        1.831341744917836e-09
    ],
    "lowlevel.spectral_energyband_middle_low.mean": [
        9.254791599744294e-09
    ],
    "lowlevel.spectral_energyband_middle_high.mean": [
        9.010265311637511e-10
    ],
    "lowlevel.spectral_energyband_high.mean": [
        1.2285301942416282e-10
    ],
    "lowlevel.pitch_salience_mean": [
        0.7924375534057617
    ],
    "lowlevel.inharmonicity.mean": [
        0.16639235615730286
    ],
    "sfx.logattacktime.mean": [
        -3.197288751602173
    ],
    "lowlevel.lpc": [
        [
            1.0,
            -0.961060106754303,
            -0.2104925960302353,
            0.18186450004577637,
            -0.04457005485892296,
            0.012201662175357342,
            -0.0021625966764986515,
            -0.0020524421706795692,
            0.009993043728172779,
            -0.004484914243221283,
            0.041013896465301514
        ]
    ],
    "lowlevel.spectralcentroid": [
        583.0233154296875
    ]
}