{
    "lowlevel.hfc.mean": [
        75.00741577148438
    ],
    "lowlevel.mfcc.mean": [
        [
            -910.6397705078125,
            89.75238037109375,
            -50.955387115478516,
            8.292312622070312,
            -17.23764419555664,
            -22.200454711914062,
            -18.076404571533203,
            -17.716888427734375,
            -21.675539016723633,
            -12.59933090209961,
            -11.70229721069336,
            -13.400090217590332,
            -12.39292049407959
        ]
    ],
    "lowlevel.zerocrossingrate.mean": [
        0.20606856048107147
    ],
    "lowlevel.spectral_energyband_low.mean": [
        1.950004843820352e-05
    ],
    "lowlevel.spectral_energyband_middle_low.mean": [
        0.19212734699249268
    ],
    "lowlevel.spectral_energyband_middle_high.mean": [
        0.008575721643865108
    ],
    "lowlevel.spectral_energyband_high.mean": [
        5.183056782698259e-05
    ],
    "lowlevel.pitch_salience_mean": [
        0.56768399477005
    ],
    "lowlevel.inharmonicity.mean": [
        0.07401756942272186
    ],
    "sfx.logattacktime.mean": [
        -0.011708074249327183
    ],
    "lowlevel.lpc": [
        [
            1.0,
            -2.972905158996582,
            3.2670774459838867,
            -1.6317611932754517,
            0.5015200972557068,
            -0.2314344048500061,
            0.08899888396263123,
            -0.12115450203418732,
            0.22085386514663696,
            -0.2029912769794464,
            0.08344098925590515
        ]
    ],
    "lowlevel.spectralcentroid": [
        507.2769775390625
    ]
}