{
    "lowlevel.hfc.mean": [
        2.5763278007507324
    ],
    "lowlevel.mfcc.mean": [
        [
            -1131.0831298828125,
            51.47885513305664,
            -29.190889358520508,
            -27.67333984375,
            -13.78012752532959,
            -12.434463500976562,
            -10.095049858093262,
            0.35543492436408997,
            2.0074939727783203,
            0.6420176029205322,
            0.7715353965759277,
            18.70747947692871,
            14.960201263427734
        ]
    ],
    "lowlevel.zerocrossingrate.mean": [
        0.2820974290370941
    ],
    "lowlevel.spectral_energyband_low.mean": [
        2.1956563500680204e-07
    ],
    "lowlevel.spectral_energyband_middle_low.mean": [
        0.0007249208283610642
    ],
    "lowlevel.spectral_energyband_middle_high.mean": [
        0.0020485464483499527
    ],
    "lowlevel.spectral_energyband_high.mean": [
        3.858152695102035e-07
    ],
    "lowlevel.pitch_salience_mean": [
        0.6981602907180786
    ],
    "lowlevel.inharmonicity.mean": [
        0.10420267283916473
    ],
    "sfx.logattacktime.mean": [
        -1.6187231540679932
    ],
    "lowlevel.lpc": [
        [
            1.0,
            -2.5335912704467773,
            2.3585259914398193,
            -1.2587536573410034,
            0.4291608929634094,
            0.18798890709877014,
            -0.29926741123199463,
            0.4255093038082123,
            -0.25144392251968384,
            -0.26172763109207153,
            0.21248610317707062
        ]
    ],
    "lowlevel.spectralcentroid": [
        969.2213134765625
    ]
}