{
    "lowlevel.hfc.mean": [
        1.2010457515716553
    ],
    "lowlevel.mfcc.mean": [
        [
            -1150.5240478515625,
            89.2728271484375,
            15.184671401977539,
            -2.723153591156006,
            -13.301950454711914,
            -16.325332641601562,
            -9.852859497070312,
            -12.543516159057617,
            -7.14152717590332,
            4.662717342376709,
            -1.7754675149917603,
            -5.46393346786499,
            1.9179009199142456
        ]
    ],
    "lowlevel.zerocrossingrate.mean": [
        0.29621848464012146
    ],
    "lowlevel.spectral_energyband_low.mean": [
        6.362854037433863e-05
    ],
    "lowlevel.spectral_energyband_middle_low.mean": [
        0.0025390861555933952
    ],
    "lowlevel.spectral_energyband_middle_high.mean": [
        1.919826172525063e-05
    ],
    "lowlevel.spectral_energyband_high.mean": [
        1.052096507692113e-07
    ],
    "lowlevel.pitch_salience_mean": [
        0.7944083213806152
    ],
    "lowlevel.inharmonicity.mean": [
        0.13556475937366486
    ],
    "sfx.logattacktime.mean": [
        -1.3714373111724854
    ],
    "lowlevel.lpc": [
        [
            1.0,
            -1.5054594278335571,
            0.1832301765680313,
            0.14656701683998108,
            0.11188028752803802,
            0.057206615805625916,
            0.02758636139333248,
            0.010139958001673222,
            -0.00022266432642936707,
            0.02616133540868759,
            -0.05174827203154564
        ]
    ],
    "lowlevel.spectralcentroid": [
        478.367919921875
    ]
}