{
    "lowlevel.hfc.mean": [
        5.158830873597253e-08
    ],
    "lowlevel.mfcc.mean": [
        [
            -1264.9117431640625,
            3.0517578125e-05,
            -6.866455078125e-05,
            3.0517578125e-05,
            -8.0108642578125e-05,
            6.866455078125e-05,
            -3.0517578125e-05,
            -6.866455078125e-05,
            -4.9591064453125e-05,
            -1.9073486328125e-05,
            -2.288818359375e-05,
            -1.9073486328125e-05,
            -4.1961669921875e-05
        ]
    ],
    "lowlevel.zerocrossingrate.mean": [
        0.4770343601703644
    ],
    "lowlevel.spectral_energyband_low.mean": [
        1.2178838666720981e-11
    ],
    "lowlevel.spectral_energyband_middle_low.mean": [
        3.796081504692239e-11
    ],
    "lowlevel.spectral_energyband_middle_high.mean": [
        1.0828784050009865e-11
    ],
    "lowlevel.spectral_energyband_high.mean": [
        1.8907904755782745e-12
    ],
    "lowlevel.pitch_salience_mean": [
        0.7960888743400574
    ],
    "lowlevel.inharmonicity.mean": [
        0.17020149528980255
    ],
    "sfx.logattacktime.mean": [
        -5.0
    ],
    "lowlevel.lpc": [
        [
            0.0,
            0.0,
            0.0,
            0.0,
            0.0,
            0.0,
            0.0,
            0.0,
            0.0,
            0.0,
            0.0
        ]
    ],
    "lowlevel.spectralcentroid": [
        1650.8994140625
    ]
}