{
    "lowlevel.hfc.mean": [
        19.050312042236328
    ],
    "lowlevel.mfcc.mean": [
        [
            -1054.5711669921875,
            47.70855712890625,
            -61.782142639160156,
            -9.329487800598145,
            -19.602115631103516,
            -8.842965126037598,
            -8.9934720993042,
            -9.74848747253418,
            -8.861295700073242,
            -11.309196472167969,
            -4.454582691192627,
            -3.1521189212799072,
            -10.538520812988281
        ]
    ],
    "lowlevel.zerocrossingrate.mean": [
        0.3282681107521057
    ],
    "lowlevel.spectral_energyband_low.mean": [
        1.2696926887656446e-07
    ],
    "lowlevel.spectral_energyband_middle_low.mean": [
        0.002304854104295373
    ],
    "lowlevel.spectral_energyband_middle_high.mean": [
        0.005778257269412279
    ],
    "lowlevel.spectral_energyband_high.mean": [
        0.0013778622960671782
    ],
    "lowlevel.pitch_salience_mean": [
        0.8002789616584778
    ],
    "lowlevel.inharmonicity.mean": [
        0.1372688114643097
    ],
    "sfx.logattacktime.mean": [
        -2.3059821128845215
    ],
    "lowlevel.lpc": [
        [
            1.0,
            -3.2052314281463623,
            5.601950168609619,
            -7.252832889556885,
            7.747561454772949,
            -7.262722969055176,
            6.097585201263428,
            -4.469542503356934,
            2.630610466003418,
            -1.0980634689331055,
            0.2611599266529083
        ]
    ],
    "lowlevel.spectralcentroid": [
        2691.30224609375
    ]
}