{
    "lowlevel.hfc.mean": [
        1.7691876053049782e-07
    ],
    "lowlevel.mfcc.mean": [
        [
            -1264.9100341796875,
            3.0517578125e-05,
            -6.866455078125e-05,
            3.0517578125e-05,
            -8.0108642578125e-05,
            6.866455078125e-05,
            -3.0517578125e-05,
            -6.866455078125e-05,
            -4.9591064453125e-05,
            -1.9073486328125e-05,
            -2.288818359375e-05,
            -1.9073486328125e-05,
            -4.1961669921875e-05
        ]
    ],
    "lowlevel.zerocrossingrate.mean": [
        0.5011196732521057
    ],
    "lowlevel.spectral_energyband_low.mean": [
        2.5786571429119937e-17
    ],
    "lowlevel.spectral_energyband_middle_low.mean": [
        7.605813235861782e-16
    ],
    "lowlevel.spectral_energyband_middle_high.mean": [
        8.052878601851141e-15
    ],
    "lowlevel.spectral_energyband_high.mean": [
        1.000921914795505e-11
    ],
    "lowlevel.pitch_salience_mean": [
        0.7979955673217773
    ],
    "lowlevel.inharmonicity.mean": [
        0.19938427209854126
    ],
    "sfx.logattacktime.mean": [
        -2.8736002445220947
    ],
    "lowlevel.lpc": [
        [
            0.0,
            0.0,
            0.0,
            0.0,
            0.0,
            0.0,
            0.0,
            0.0,
            0.0,
            0.0,
            0.0
        ]
    ],
    "lowlevel.spectralcentroid": [
        13253.3359375
    ]
}