{
    "lowlevel.hfc.mean": [
        1.7493358850479126
    ],
    "lowlevel.mfcc.mean": [
        [
            -990.8474731445312,
            130.26519775390625,
            -14.760916709899902,
            7.4954376220703125,
            5.7682414054870605,
            -7.6847920417785645,
            -16.101612091064453,
            -1.5948739051818848,
            -5.450958251953125,
            -7.588018894195557,
            -9.644498825073242,
            -8.863630294799805,
            -5.7473249435424805
        ]
    ],
    "lowlevel.zerocrossingrate.mean": [
        0.20017361640930176
    ],
    "lowlevel.spectral_energyband_low.mean": [
        0.002045361790806055
    ],
    "lowlevel.spectral_energyband_middle_low.mean": [
        0.00642520934343338
    ],
    "lowlevel.spectral_energyband_middle_high.mean": [
        0.0002683571074157953
    ],
    "lowlevel.spectral_energyband_high.mean": [
        9.319574587607349e-07
    ],
    "lowlevel.pitch_salience_mean": [
        0.4976428747177124
    ],
    "lowlevel.inharmonicity.mean": [
        0.07277161628007889
    ],
    "sfx.logattacktime.mean": [
        -0.23638524115085602
    ],
    "lowlevel.lpc": [
        [
            1.0,
            -2.7321698665618896,
            2.9056618213653564,
            -1.8717598915100098,
            1.082625389099121,
            -0.49467733502388,
            0.20095130801200867,
            -0.16415825486183167,
            0.25105035305023193,
            -0.32143282890319824,
            0.1449894905090332
        ]
    ],
    "lowlevel.spectralcentroid": [
        395.4879455566406
    ]
}