{
    "lowlevel.hfc.mean": [
        3.444979768119083e-07
    ],
    "lowlevel.mfcc.mean": [
        [
            -1264.611572265625,
            0.3876305818557739,
            0.2896328568458557,
            0.16976813971996307,
            0.06607947498559952,
            -0.0003255054180044681,
            -0.031174831092357635,
            -0.03994527459144592,
            -0.04035068675875664,
            -0.03941681981086731,
            -0.03847483545541763,
            -0.037021081894636154,
            -0.034869484603405
        ]
    ],
    "lowlevel.zerocrossingrate.mean": [
        0.49471670389175415
    ],
    "lowlevel.spectral_energyband_low.mean": [
        2.159550038793867e-10
    ],
    "lowlevel.spectral_energyband_middle_low.mean": [
        5.843200923116854e-10
    ],
    "lowlevel.spectral_energyband_middle_high.mean": [
        4.234238307199156e-11
    ],
    "lowlevel.spectral_energyband_high.mean": [
        9.792881783265983e-12
    ],
    "lowlevel.pitch_salience_mean": [
        0.7917323708534241
    ],
    "lowlevel.inharmonicity.mean": [
        0.16715003550052643
    ],
    "sfx.logattacktime.mean": [
        -3.197288751602173
    ],
    "lowlevel.lpc": [
        [
            1.0,
            -0.9993337392807007,
            -0.023540053516626358,
            0.03674580529332161,
            -0.0510522834956646,
            0.03649868071079254,
            -0.017684007063508034,
            -0.0058792466297745705,
            0.00999651849269867,
            -0.02472682297229767,
            0.05443264916539192
        ]
    ],
    "lowlevel.spectralcentroid": [
        991.0907592773438
    ]
}