{
    "lowlevel.hfc.mean": [
        91.11357879638672
    ],
    "lowlevel.mfcc.mean": [
        [
            -1150.5850830078125,
            5.078769207000732,
            8.35625171661377,
            3.4814186096191406,
            1.5401489734649658,
            -1.9040323495864868,
            -3.197942018508911,
            -3.4619767665863037,
            -3.9999334812164307,
            -3.300839424133301,
            -1.9019581079483032,
            -0.8183510899543762,
            -0.27961257100105286
        ]
    ],
    "lowlevel.zerocrossingrate.mean": [
        0.44055524468421936
    ],
    "lowlevel.spectral_energyband_low.mean": [
        0.0007352764951065183
    ],
    "lowlevel.spectral_energyband_middle_low.mean": [
        0.03299865871667862
    ],
    "lowlevel.spectral_energyband_middle_high.mean": [
        0.002423916943371296
    ],
    "lowlevel.spectral_energyband_high.mean": [
        0.00830670353025198
    ],
    "lowlevel.pitch_salience_mean": [
        0.7890340685844421
    ],
    "lowlevel.inharmonicity.mean": [
        0.20470257103443146
    ],
    "sfx.logattacktime.mean": [
        -2.186556816101074
    ],
    "lowlevel.lpc": [
        [
            1.0,
            -1.4671953916549683,
            1.7719714641571045,
            -1.9952714443206787,
            1.7431451082229614,
            -1.7795735597610474,
            1.456109642982483,
            -1.2714954614639282,
            0.8824433088302612,
            -0.5421345233917236,
            0.24154597520828247
        ]
    ],
    "lowlevel.spectralcentroid": [
        3795.546875
    ]
}