{
    "lowlevel.hfc.mean": [
        7.821261882781982
    ],
    "lowlevel.mfcc.mean": [
        [
            -1099.96533203125,
            110.80587768554688,
            14.264034271240234,
            -10.025798797607422,
            -24.903907775878906,
            -20.684085845947266,
            -9.274635314941406,
            -13.041960716247559,
            -1.9621994495391846,
            -4.1634392738342285,
            -12.549459457397461,
            -4.290091514587402,
            -1.1879297494888306
        ]
    ],
    "lowlevel.zerocrossingrate.mean": [
        0.27640819549560547
    ],
    "lowlevel.spectral_energyband_low.mean": [
        0.00046515039866790175
    ],
    "lowlevel.spectral_energyband_middle_low.mean": [
        0.01463218405842781
    ],
    "lowlevel.spectral_energyband_middle_high.mean": [
        0.0011335070012137294
    ],
    "lowlevel.spectral_energyband_high.mean": [
        4.5685581540055864e-07
    ],
    "lowlevel.pitch_salience_mean": [
        0.7501952052116394
    ],
    "lowlevel.inharmonicity.mean": [
        0.11016643047332764
    ],
    "sfx.logattacktime.mean": [
        -1.1724138259887695
    ],
    "lowlevel.lpc": [
        [
            1.0,
            -2.4948129653930664,
            2.026167392730713,
            -0.4607316851615906,
            -0.41402697563171387,
            0.4035731256008148,
            0.24765554070472717,
            -0.38784369826316833,
            -0.006495319306850433,
            0.15050065517425537,
            -0.06276877969503403
        ]
    ],
    "lowlevel.spectralcentroid": [
        521.8312377929688
    ]
}