{
    "lowlevel.hfc.mean": [
        1.9002902507781982
    ],
    "lowlevel.mfcc.mean": [
        [
            -981.0452880859375,
            140.3042449951172,
            -18.86199188232422,
            -1.8139430284500122,
            1.3154284954071045,
            -19.364784240722656,
            -14.715364456176758,
            1.5623829364776611,
            -2.857053279876709,
            -11.40512752532959,
            -4.625888824462891,
            -1.3654069900512695,
            -6.345536708831787
        ]
    ],
    "lowlevel.zerocrossingrate.mean": [
        0.20458008348941803
    ],
    "lowlevel.spectral_energyband_low.mean": [
        0.0015525484923273325
    ],
    "lowlevel.spectral_energyband_middle_low.mean": [
        0.0029716535937041044
    ],
    "lowlevel.spectral_energyband_middle_high.mean": [
        0.0005315164453350008
    ],
    "lowlevel.spectral_energyband_high.mean": [
        5.792169872620434e-07
    ],
    "lowlevel.pitch_salience_mean": [
        0.7147259712219238
    ],
    "lowlevel.inharmonicity.mean": [
        0.07649093121290207
    ],
    "sfx.logattacktime.mean": [
        -0.6035199165344238
    ],
    "lowlevel.lpc": [
        [
            1.0,
            -2.7475411891937256,
            3.080030679702759,
            -2.4882559776306152,
            2.0248355865478516,
            -1.3006500005722046,
            0.9075397253036499,
            -0.827152669429779,
            0.5904777646064758,
            -0.41823458671569824,
            0.18206316232681274
        ]
    ],
    "lowlevel.spectralcentroid": [
        582.228271484375
    ]
}