{
    "lowlevel.hfc.mean": [
        7.215764981083339e-07
    ],
    "lowlevel.mfcc.mean": [
        [
            -1264.4976806640625,
            0.5225916504859924,
            0.37222981452941895,
            0.2240602672100067,
            0.13590118288993835,
            0.10360771417617798,
            0.09003531187772751,
            0.07287567853927612,
            0.05472320690751076,
            0.043540388345718384,
            0.03797703608870506,
            0.032786775380373,
            0.027508491650223732
        ]
    ],
    "lowlevel.zerocrossingrate.mean": [
        0.4948398470878601
    ],
    "lowlevel.spectral_energyband_low.mean": [
        3.2392768467559563e-09
    ],
    "lowlevel.spectral_energyband_middle_low.mean": [
        6.063811675005581e-10
    ],
    "lowlevel.spectral_energyband_middle_high.mean": [
        9.585903598674506e-11
    ],
    "lowlevel.spectral_energyband_high.mean": [
        2.2163252136331302e-11
    ],
    "lowlevel.pitch_salience_mean": [
        0.7885507941246033
    ],
    "lowlevel.inharmonicity.mean": [
        0.1741456836462021
    ],
    "sfx.logattacktime.mean": [
        -5.0
    ],
    "lowlevel.lpc": [
        [
            1.0,
            -1.0041639804840088,
            0.03541814163327217,
            -0.04530775547027588,
            0.03436637669801712,
            -0.033103447407484055,
            0.020044848322868347,
            -0.022211046889424324,
            0.025286907330155373,
            -0.03117845579981804,
            0.02601521834731102
        ]
    ],
    "lowlevel.spectralcentroid": [
        597.4769897460938
    ]
}