{
    "lowlevel.hfc.mean": [
        0.9839977025985718
    ],
    "lowlevel.mfcc.mean": [
        [
            -1087.837890625,
            60.57326126098633,
            -62.75685501098633,
            -33.32937240600586,
            -7.307155609130859,
            -14.168949127197266,
            -20.46660614013672,
            2.305873394012451,
            13.78444766998291,
            -7.341225624084473,
            -14.683201789855957,
            1.3189716339111328,
            10.110601425170898
        ]
    ],
    "lowlevel.zerocrossingrate.mean": [
        0.2259177416563034
    ],
    "lowlevel.spectral_energyband_low.mean": [
        4.840333645006467e-08
    ],
    "lowlevel.spectral_energyband_middle_low.mean": [
        0.0007932276930660009
    ],
    "lowlevel.spectral_energyband_middle_high.mean": [
        0.0005643567419610918
    ],
    "lowlevel.spectral_energyband_high.mean": [
        3.2612601330583857e-07
    ],
    "lowlevel.pitch_salience_mean": [
        0.6581849455833435
    ],
    "lowlevel.inharmonicity.mean": [
        0.07276050001382828
    ],
    "sfx.logattacktime.mean": [
        -1.2926419973373413
    ],
    "lowlevel.lpc": [
        [
            1.0,
            -3.0794742107391357,
            4.314990997314453,
            -4.5001444816589355,
            3.961798906326294,
            -2.551131248474121,
            1.5006380081176758,
            -1.10598623752594,
            0.8157063722610474,
            -0.5622289180755615,
            0.21333076059818268
        ]
    ],
    "lowlevel.spectralcentroid": [
        1014.8770751953125
    ]
}