{
    "lowlevel.hfc.mean": [
        35.14303207397461
    ],
    "lowlevel.mfcc.mean": [
        [
            -987.890869140625,
            38.901737213134766,
            -69.5495376586914,
            3.4643120765686035,
            -2.306769371032715,
            -10.720029830932617,
            -11.777715682983398,
            -6.935946941375732,
            -6.000513076782227,
            -1.4180420637130737,
            -3.583610773086548,
            5.094825267791748,
            12.953742980957031
        ]
    ],
    "lowlevel.zerocrossingrate.mean": [
        0.27627086639404297
    ],
    "lowlevel.spectral_energyband_low.mean": [
        1.4260767784435302e-05
    ],
    "lowlevel.spectral_energyband_middle_low.mean": [
        0.01106958743184805
    ],
    "lowlevel.spectral_energyband_middle_high.mean": [
        0.016750270500779152
    ],
    "lowlevel.spectral_energyband_high.mean": [
        9.089882223634049e-05
    ],
    "lowlevel.pitch_salience_mean": [
        0.7533919811248779
    ],
    "lowlevel.inharmonicity.mean": [
        0.09573321044445038
    ],
    "sfx.logattacktime.mean": [
        -0.15763989090919495
    ],
    "lowlevel.lpc": [
        [
            1.0,
            -3.487610101699829,
            5.369854927062988,
            -5.476225852966309,
            5.066629886627197,
            -4.535649299621582,
            3.627427101135254,
            -2.687126874923706,
            1.714059829711914,
            -0.7226394414901733,
            0.1380399614572525
        ]
    ],
    "lowlevel.spectralcentroid": [
        1562.876953125
    ]
}