{
    "lowlevel.hfc.mean": [
        1.3100339856464416e-05
    ],
    "lowlevel.mfcc.mean": [
        [
            -1263.8543701171875,
            0.791266679763794,
            0.1475995033979416,
            0.008149992674589157,
            -0.09677723795175552,
            -0.0651472955942154,
            0.03694234788417816,
            0.08455413579940796,
            -0.024089878425002098,
            -0.08979952335357666,
            0.031710315495729446,
            0.0834016352891922,
            -0.05796709284186363
        ]
    ],
    "lowlevel.zerocrossingrate.mean": [
        0.496053546667099
    ],
    "lowlevel.spectral_energyband_low.mean": [
        1.9144461571585225e-09
    ],
    "lowlevel.spectral_energyband_middle_low.mean": [
        6.826772480650334e-09
    ],
    "lowlevel.spectral_energyband_middle_high.mean": [
        3.3209839322978496e-09
    ],
    "lowlevel.spectral_energyband_high.mean": [
        5.840045114169357e-10
    ],
    "lowlevel.pitch_salience_mean": [
        0.7915847897529602
    ],
    "lowlevel.inharmonicity.mean": [
        0.1755189746618271
    ],
    "sfx.logattacktime.mean": [
        -5.0
    ],
    "lowlevel.lpc": [
        [
            1.0,
            -0.9736869931221008,
            0.004872823599725962,
            -0.024915121495723724,
            0.03857390955090523,
            -0.02487322688102722,
            0.024885637685656548,
            -0.027333833277225494,
            0.013755187392234802,
            -0.01821739971637726,
            0.04202749952673912
        ]
    ],
    "lowlevel.spectralcentroid": [
        1674.7509765625
    ]
}