{
    "lowlevel.hfc.mean": [
        21.65302085876465
    ],
    "lowlevel.mfcc.mean": [
        [
            -1095.06103515625,
            -59.38268280029297,
            -19.401166915893555,
            -13.700146675109863,
            -19.915843963623047,
            8.13713264465332,
            15.320935249328613,
            25.2658634185791,
            4.939040184020996,
            -16.904634475708008,
            -19.84878921508789,
            -2.466954469680786,
            17.902780532836914
        ]
    ],
    "lowlevel.zerocrossingrate.mean": [
        0.33901873230934143
    ],
    "lowlevel.spectral_energyband_low.mean": [
        1.7863523993355557e-08
    ],
    "lowlevel.spectral_energyband_middle_low.mean": [
        2.924188606812095e-07
    ],
    "lowlevel.spectral_energyband_middle_high.mean": [
        0.0026084634009748697
    ],
    "lowlevel.spectral_energyband_high.mean": [
        0.0023307783994823694
    ],
    "lowlevel.pitch_salience_mean": [
        0.7479694485664368
    ],
    "lowlevel.inharmonicity.mean": [
        0.12534227967262268
    ],
    "sfx.logattacktime.mean": [
        -2.9284353256225586
    ],
    "lowlevel.lpc": [
        [
            1.0,
            -1.2679647207260132,
            0.9796016216278076,
            -0.9088456630706787,
            0.9907041788101196,
            -0.9238077402114868,
            0.8352364301681519,
            -0.8284371495246887,
            0.7866712808609009,
            -0.6047680377960205,
            0.2251952886581421
        ]
    ],
    "lowlevel.spectralcentroid": [
        5209.19384765625
    ]
}