{
    "lowlevel.hfc.mean": [
        0.6604130268096924
    ],
    "lowlevel.mfcc.mean": [
        [
            -1082.5794677734375,
            75.23641967773438,
            -68.78765106201172,
            -36.872222900390625,
            -10.002630233764648,
            -12.970174789428711,
            -24.068727493286133,
            -3.2142345905303955,
            8.132450103759766,
            -3.370251178741455,
            -11.191581726074219,
            -1.3153257369995117,
            8.097479820251465
        ]
    ],
    "lowlevel.zerocrossingrate.mean": [
        0.19348002970218658
    ],
    "lowlevel.spectral_energyband_low.mean": [
        6.01226375351871e-08
    ],
    "lowlevel.spectral_energyband_middle_low.mean": [
        0.0007521656807512045
    ],
    "lowlevel.spectral_energyband_middle_high.mean": [
        0.00033749346039257944
    ],
    "lowlevel.spectral_energyband_high.mean": [
        1.637246640484591e-07
    ],
    "lowlevel.pitch_salience_mean": [
        0.6410751938819885
    ],
    "lowlevel.inharmonicity.mean": [
        0.0688471868634224
    ],
    "sfx.logattacktime.mean": [
        -0.9752148389816284
    ],
    "lowlevel.lpc": [
        [
            1.0,
            -3.0879437923431396,
            4.147360324859619,
            -3.9048564434051514,
            3.1499435901641846,
            -1.9527894258499146,
            1.2233774662017822,
            -1.1171033382415771,
            1.0022469758987427,
            -0.6850484609603882,
            0.22881504893302917
        ]
    ],
    "lowlevel.spectralcentroid": [
        832.7376708984375
    ]
}