{
    "lowlevel.hfc.mean": [
        2.4517895269582368e-08
    ],
    "lowlevel.mfcc.mean": [
        [
            -1264.9100341796875,
            0.005023971199989319,
            0.004463667050004005,
            0.00386330159381032,
            0.0029054000042378902,
            0.0021638907492160797,
            0.001232427079230547,
            0.0005020966636948287,
            2.0163399312878028e-05,
            -0.00024282242520712316,
            -0.00035046611446887255,
            -0.0003044098848477006,
            -0.00019725962192751467
        ]
    ],
    "lowlevel.zerocrossingrate.mean": [
        0.49498143792152405
    ],
    "lowlevel.spectral_energyband_low.mean": [
        3.6156119331137715e-12
    ],
    "lowlevel.spectral_energyband_middle_low.mean": [
        1.2253217537838701e-11
    ],
    "lowlevel.spectral_energyband_middle_high.mean": [
        5.020632781044254e-12
    ],
    "lowlevel.spectral_energyband_high.mean": [
        1.6675833890839042e-12
    ],
    "lowlevel.pitch_salience_mean": [
        0.792482852935791
    ],
    "lowlevel.inharmonicity.mean": [
        0.16759167611598969
    ],
    "sfx.logattacktime.mean": [
        -3.343449354171753
    ],
    "lowlevel.lpc": [
        [
            0.0,
            0.0,
            0.0,
            0.0,
            0.0,
            0.0,
            0.0,
            0.0,
            0.0,
            0.0,
            0.0
        ]
    ],
    "lowlevel.spectralcentroid": [
        1517.1524658203125
    ]
}