{
    "lowlevel.hfc.mean": [
        1.185466317110695e-05
    ],
    "lowlevel.mfcc.mean": [
        [
            -1262.6317138671875,
            2.1935393810272217,
            0.5009083151817322,
            -0.1758626252412796,
            -0.15285426378250122,
            -0.13608551025390625,
            -0.18911142647266388,
            -0.2931654453277588,
            -0.3271434009075165,
            -0.1300583928823471,
            0.1484072059392929,
            0.24875737726688385,
            0.10437029600143433
        ]
    ],
    "lowlevel.zerocrossingrate.mean": [
        0.48297470808029175
    ],
    "lowlevel.spectral_energyband_low.mean": [
        9.510685572422517e-10
    ],
    "lowlevel.spectral_energyband_middle_low.mean": [
        9.393258615375544e-09
    ],
    "lowlevel.spectral_energyband_middle_high.mean": [
        2.942019738938484e-09
    ],
    "lowlevel.spectral_energyband_high.mean": [
        3.556167860185866e-10
    ],
    "lowlevel.pitch_salience_mean": [
        0.7959189414978027
    ],
    "lowlevel.inharmonicity.mean": [
        0.16831189393997192
    ],
    "sfx.logattacktime.mean": [
        -2.799348831176758
    ],
    "lowlevel.lpc": [
        [
            1.0,
            -1.027472972869873,
            -0.0037091169506311417,
            -0.019916042685508728,
            0.07251240313053131,
            -0.06502014398574829,
            0.08868879079818726,
            -0.07533029466867447,
            0.12732386589050293,
            -0.17648003995418549,
            0.13009551167488098
        ]
    ],
    "lowlevel.spectralcentroid": [
        947.8717041015625
    ]
}