{
    "lowlevel.hfc.mean": [
        33.531593322753906
    ],
    "lowlevel.mfcc.mean": [
        [
            -1065.2691650390625,
            97.74381256103516,
            -33.35874557495117,
            -5.918760299682617,
            -2.15310001373291,
            -9.777000427246094,
            -5.685666084289551,
            5.850539684295654,
            -2.3042216300964355,
            -7.02895450592041,
            -4.809839248657227,
            -1.3914852142333984,
            1.837821364402771
        ]
    ],
    "lowlevel.zerocrossingrate.mean": [
        0.3113690912723541
    ],
    "lowlevel.spectral_energyband_low.mean": [
        0.0005026410799473524
    ],
    "lowlevel.spectral_energyband_middle_low.mean": [
        0.005197926890105009
    ],
    "lowlevel.spectral_energyband_middle_high.mean": [
        0.013892428949475288
    ],
    "lowlevel.spectral_energyband_high.mean": [
        0.0010458878241479397
    ],
    "lowlevel.pitch_salience_mean": [
        0.7919806241989136
    ],
    "lowlevel.inharmonicity.mean": [
        0.1137394979596138
    ],
    "sfx.logattacktime.mean": [
        -2.154480218887329
    ],
    "lowlevel.lpc": [
        [
            1.0,
            -4.6766357421875,
            10.558127403259277,
            -15.027837753295898,
            14.657195091247559,
            -9.866183280944824,
            4.220587730407715,
            -0.7167106866836548,
            -0.3083556890487671,
            0.1980169415473938,
            -0.03128072991967201
        ]
    ],
    "lowlevel.spectralcentroid": [
        2093.80322265625
    ]
}