{
    "lowlevel.hfc.mean": [
        13.041648864746094
    ],
    "lowlevel.mfcc.mean": [
        [
            -1090.90673828125,
            115.65510559082031,
            -6.768763065338135,
            -9.163651466369629,
            -2.3385770320892334,
            1.3438059091567993,
            -3.221923828125,
            -2.734186887741089,
            -3.55318021774292,
            -0.9235687851905823,
            0.7332113981246948,
            2.793081045150757,
            1.885043740272522
        ]
    ],
    "lowlevel.zerocrossingrate.mean": [
        0.2997176945209503
    ],
    "lowlevel.spectral_energyband_low.mean": [
        0.0012495785485953093
    ],
    "lowlevel.spectral_energyband_middle_low.mean": [
        0.004310404881834984
    ],
    "lowlevel.spectral_energyband_middle_high.mean": [
        0.004673616494983435
    ],
    "lowlevel.spectral_energyband_high.mean": [
        0.0003221627266611904
    ],
    "lowlevel.pitch_salience_mean": [
        0.7876992225646973
    ],
    "lowlevel.inharmonicity.mean": [
        0.11467494070529938
    ],
    "sfx.logattacktime.mean": [
        -2.1502840518951416
    ],
    "lowlevel.lpc": [
        [
            1.0,
            -3.7818620204925537,
            5.546039581298828,
            -3.044107437133789,
            -0.9734106659889221,
            1.4393973350524902,
            0.8588378429412842,
            -1.7317235469818115,
            0.6709781885147095,
            0.12750467658042908,
            -0.10855092853307724
        ]
    ],
    "lowlevel.spectralcentroid": [
        1711.31298828125
    ]
}