{
    "lowlevel.hfc.mean": [
        8.063389941526111e-06
    ],
    "lowlevel.mfcc.mean": [
        [
            -1262.7794189453125,
            2.2951712608337402,
            1.0167946815490723,
            0.31653130054473877,
            0.11402686685323715,
            0.009992007166147232,
            0.009409849531948566,
            0.08525199443101883,
            0.1136520653963089,
            0.0831293985247612,
            0.005342374090105295,
            -0.09580130130052567,
            -0.1425979882478714
        ]
    ],
    "lowlevel.zerocrossingrate.mean": [
        0.48340967297554016
    ],
    "lowlevel.spectral_energyband_low.mean": [
        5.8956803883347675e-09
    ],
    "lowlevel.spectral_energyband_middle_low.mean": [
        8.341815238566141e-09
    ],
    "lowlevel.spectral_energyband_middle_high.mean": [
        1.5587259261096165e-09
    ],
    "lowlevel.spectral_energyband_high.mean": [
        2.761487982727573e-10
    ],
    "lowlevel.pitch_salience_mean": [
        0.7936252951622009
    ],
    "lowlevel.inharmonicity.mean": [
        0.17551961541175842
    ],
    "sfx.logattacktime.mean": [
        -2.9120559692382812
    ],
    "lowlevel.lpc": [
        [
            1.0,
            -1.0551824569702148,
            0.10809392482042313,
            -0.14150503277778625,
            0.1869567632675171,
            -0.23353371024131775,
            0.27197661995887756,
            -0.2734818458557129,
            0.243180513381958,
            -0.18047699332237244,
            0.09594182670116425
        ]
    ],
    "lowlevel.spectralcentroid": [
        840.321533203125
    ]
}