{
    "lowlevel.hfc.mean": [
        81.74932861328125
    ],
    "lowlevel.mfcc.mean": [
        [
            -962.5025024414062,
            -23.08330726623535,
            -32.79172134399414,
            13.413213729858398,
            -19.58721351623535,
            -11.788858413696289,
            -3.4177889823913574,
            15.93862533569336,
            5.715097904205322,
            28.50439453125,
            16.5730037689209,
            -15.994633674621582,
            -8.967999458312988
        ]
    ],
    "lowlevel.zerocrossingrate.mean": [
        0.2682386040687561
    ],
    "lowlevel.spectral_energyband_low.mean": [
        7.219739018182736e-06
    ],
    "lowlevel.spectral_energyband_middle_low.mean": [
        0.015685006976127625
    ],
    "lowlevel.spectral_energyband_middle_high.mean": [
        0.02101229317486286
    ],
    "lowlevel.spectral_energyband_high.mean": [
        0.0012871153885498643
    ],
    "lowlevel.pitch_salience_mean": [
        0.6865494847297668
    ],
    "lowlevel.inharmonicity.mean": [
        0.07579178363084793
    ],
    "sfx.logattacktime.mean": [
        0.11774463206529617
    ],
    "lowlevel.lpc": [
        [
            1.0,
            -2.7802960872650146,
            3.6630709171295166,
            -3.572474718093872,
            3.3994979858398438,
            -2.953768730163574,
            2.02323579788208,
            -1.2524497509002686,
            1.0616613626480103,
            -0.8869429230690002,
            0.3399846851825714
        ]
    ],
    "lowlevel.spectralcentroid": [
        2550.150146484375
    ]
}