{
    "lowlevel.hfc.mean": [
        3.591358790799859e-06
    ],
    "lowlevel.mfcc.mean": [
        [
            -1264.3017578125,
            0.6149032711982727,
            0.24932686984539032,
            0.13565096259117126,
            0.09893056005239487,
            0.05621916428208351,
            0.033196620643138885,
            0.0011801813961938024,
            -0.01844893768429756,
            -0.027976926416158676,
            -0.04061318561434746,
            -0.03262026607990265,
            -0.0098062539473176
        ]
    ],
    "lowlevel.zerocrossingrate.mean": [
        0.4950695037841797
    ],
    "lowlevel.spectral_energyband_low.mean": [
        3.719298868887222e-09
    ],
    "lowlevel.spectral_energyband_middle_low.mean": [
        4.056093239057645e-09
    ],
    "lowlevel.spectral_energyband_middle_high.mean": [
        5.942290548510698e-10
    ],
    "lowlevel.spectral_energyband_high.mean": [
        1.211896694108816e-10
    ],
    "lowlevel.pitch_salience_mean": [
        0.790993869304657
    ],
    "lowlevel.inharmonicity.mean": [
        0.17529533803462982
    ],
    "sfx.logattacktime.mean": [
        -2.8119571208953857
    ],
    "lowlevel.lpc": [
        [
            1.0,
            -0.8939833045005798,
            -0.17256388068199158,
            0.12861067056655884,
            -0.10016591846942902,
            0.0784437507390976,
            -0.05316056311130524,
            0.029280999675393105,
            -0.003232086542993784,
            -0.017095942050218582,
            0.020352227613329887
        ]
    ],
    "lowlevel.spectralcentroid": [
        518.009033203125
    ]
}