{
    "lowlevel.hfc.mean": [
        7.468488693237305
    ],
    "lowlevel.mfcc.mean": [
        [
            -1005.4091186523438,
            94.59597778320312,
            -106.56147766113281,
            -44.0360107421875,
            -22.60788345336914,
            -19.14849281311035,
            -26.46520233154297,
            -19.804668426513672,
            -23.94744110107422,
            -16.074932098388672,
            -0.3129793107509613,
            -2.549379825592041,
            -1.946202039718628
        ]
    ],
    "lowlevel.zerocrossingrate.mean": [
        0.20424097776412964
    ],
    "lowlevel.spectral_energyband_low.mean": [
        4.9208797037181284e-08
    ],
    "lowlevel.spectral_energyband_middle_low.mean": [
        0.003370550461113453
    ],
    "lowlevel.spectral_energyband_middle_high.mean": [
        0.004130474757403135
    ],
    "lowlevel.spectral_energyband_high.mean": [
        5.87855652156577e-07
    ],
    "lowlevel.pitch_salience_mean": [
        0.8210804462432861
    ],
    "lowlevel.inharmonicity.mean": [
        0.06695790588855743
    ],
    "sfx.logattacktime.mean": [
        -0.01946590468287468
    ],
    "lowlevel.lpc": [
        [
            1.0,
            -3.647885322570801,
            5.208240032196045,
            -3.497072219848633,
            0.4653005599975586,
            2.0636868476867676,
            -4.20211124420166,
            5.7212815284729,
            -5.408128261566162,
            3.031116485595703,
            -0.7335352897644043
        ]
    ],
    "lowlevel.spectralcentroid": [
        1115.1373291015625
    ]
}