{
    "lowlevel.hfc.mean": [
        7.853745387365052e-08
    ],
    "lowlevel.mfcc.mean": [
        [
            -1264.778076171875,
            0.18121930956840515,
            0.17170031368732452,
            0.15895172953605652,
            0.1441468894481659,
            0.12879899144172668,
            0.11413093656301498,
            0.10206299275159836,
            0.0921955481171608,
            0.08239763975143433,
            0.07120098918676376,
            0.058805059641599655,
            0.04550616070628166
        ]
    ],
    "lowlevel.zerocrossingrate.mean": [
        0.49254918098449707
    ],
    "lowlevel.spectral_energyband_low.mean": [
        2.9648011823368847e-10
    ],
    "lowlevel.spectral_energyband_middle_low.mean": [
        3.4795295117406866e-11
    ],
    "lowlevel.spectral_energyband_middle_high.mean": [
        1.906807350904316e-11
    ],
    "lowlevel.spectral_energyband_high.mean": [
        1.6697047390545894e-12
    ],
    "lowlevel.pitch_salience_mean": [
        0.7877574563026428
    ],
    "lowlevel.inharmonicity.mean": [
        0.16653144359588623
    ],
    "sfx.logattacktime.mean": [
        -2.5580523014068604
    ],
    "lowlevel.lpc": [
        [
            1.0,
            -1.0308234691619873,
            -0.09301112592220306,
            0.03253249451518059,
            0.003417469561100006,
            0.000282637047348544,
            0.11616118997335434,
            0.05502070114016533,
            0.05710101127624512,
            -0.024180948734283447,
            -0.1104307547211647
        ]
    ],
    "lowlevel.spectralcentroid": [
        553.3214111328125
    ]
}