{
    "lowlevel.hfc.mean": [
        0.7387586236000061
    ],
    "lowlevel.mfcc.mean": [
        [
            -1059.833740234375,
            63.86289596557617,
            -67.14044952392578,
            -39.38633346557617,
            -6.911892890930176,
            -12.730928421020508,
            -25.66008758544922,
            -6.2958292961120605,
            1.336057186126709,
            -11.105734825134277,
            -10.84868049621582,
            5.263280868530273,
            10.515447616577148
        ]
    ],
    "lowlevel.zerocrossingrate.mean": [
        0.18216846883296967
    ],
    "lowlevel.spectral_energyband_low.mean": [
        6.126619922497412e-08
    ],
    "lowlevel.spectral_energyband_middle_low.mean": [
        0.0007452015997841954
    ],
    "lowlevel.spectral_energyband_middle_high.mean": [
        0.0003363213036209345
    ],
    "lowlevel.spectral_energyband_high.mean": [
        3.7210637060525187e-07
    ],
    "lowlevel.pitch_salience_mean": [
        0.6423750519752502
    ],
    "lowlevel.inharmonicity.mean": [
        0.0585525743663311
    ],
    "sfx.logattacktime.mean": [
        -0.38584914803504944
    ],
    "lowlevel.lpc": [
        [
            1.0,
            -3.1162140369415283,
            4.452253818511963,
            -4.604421615600586,
            3.815403461456299,
            -2.2235682010650635,
            1.1094740629196167,
            -0.7432664632797241,
            0.6142678260803223,
            -0.47889411449432373,
            0.17972241342067719
        ]
    ],
    "lowlevel.spectralcentroid": [
        901.0089111328125
    ]
}