{
    "lowlevel.hfc.mean": [
        6.435214316979909e-08
    ],
    "lowlevel.mfcc.mean": [
        [
            -1264.80517578125,
            0.15843483805656433,
            0.14372901618480682,
            0.12248443812131882,
            0.09795967489480972,
            0.07435785233974457,
            0.054111309349536896,
            0.039116811007261276,
            0.029489055275917053,
            0.024134811013936996,
            0.02136383391916752,
            0.019597046077251434,
            0.017667105421423912
        ]
    ],
    "lowlevel.zerocrossingrate.mean": [
        0.4961458146572113
    ],
    "lowlevel.spectral_energyband_low.mean": [
        2.599734871822079e-10
    ],
    "lowlevel.spectral_energyband_middle_low.mean": [
        5.325962240676496e-11
    ],
    "lowlevel.spectral_energyband_middle_high.mean": [
        7.430741785774408e-12
    ],
    "lowlevel.spectral_energyband_high.mean": [
        2.1333826632358166e-12
    ],
    "lowlevel.pitch_salience_mean": [
        0.7902376651763916
    ],
    "lowlevel.inharmonicity.mean": [
        0.16362859308719635
    ],
    "sfx.logattacktime.mean": [
        -5.0
    ],
    "lowlevel.lpc": [
        [
            1.0,
            -0.9279424548149109,
            0.009021791629493237,
            -0.14581024646759033,
            0.09719841182231903,
            -0.06651943176984787,
            0.03913974389433861,
            -0.05097782611846924,
            0.0812518447637558,
            -0.042844079434871674,
            0.01332264207303524
        ]
    ],
    "lowlevel.spectralcentroid": [
        775.309326171875
    ]
}