{
    "lowlevel.hfc.mean": [
        116.89583587646484
    ],
    "lowlevel.mfcc.mean": [
        [
            -979.3458862304688,
            -57.486087799072266,
            -70.9547348022461,
            21.810596466064453,
            28.548282623291016,
            23.458702087402344,
            -4.438876152038574,
            -30.491043090820312,
            13.26982307434082,
            69.2219467163086,
            -10.836709976196289,
            -48.342594146728516,
            37.73256301879883
        ]
    ],
    "lowlevel.zerocrossingrate.mean": [
        0.17444993555545807
    ],
    "lowlevel.spectral_energyband_low.mean": [
        8.376852633773524e-07
    ],
    "lowlevel.spectral_energyband_middle_low.mean": [
        3.829357240192621e-07
    ],
    "lowlevel.spectral_energyband_middle_high.mean": [
        0.04812214523553848
    ],
    "lowlevel.spectral_energyband_high.mean": [
        0.00011671374522848055
    ],
    "lowlevel.pitch_salience_mean": [
        0.48253774642944336
    ],
    "lowlevel.inharmonicity.mean": [
        0.029094217345118523
    ],
    "sfx.logattacktime.mean": [
        0.38049426674842834
    ],
    "lowlevel.lpc": [
        [
            1.0,
            -2.5207607746124268,
            3.0998082160949707,
            -2.9918484687805176,
            2.7210636138916016,
            -2.0981078147888184,
            1.6897786855697632,
            -1.3976553678512573,
            1.1139832735061646,
            -0.8995085954666138,
            0.44823548197746277
        ]
    ],
    "lowlevel.spectralcentroid": [
        2554.989013671875
    ]
}