{
    "lowlevel.hfc.mean": [
        2.6501284082769416e-05
    ],
    "lowlevel.mfcc.mean": [
        [
            -1263.3760986328125,
            1.158132791519165,
            0.34495407342910767,
            0.25668108463287354,
            0.1696571260690689,
            0.16839191317558289,
            0.13294285535812378,
            0.09349901974201202,
            0.05140173062682152,
            0.03815583139657974,
            0.03456897288560867,
            0.03722740337252617,
            0.04491237550973892
        ]
    ],
    "lowlevel.zerocrossingrate.mean": [
        0.4941783547401428
    ],
    "lowlevel.spectral_energyband_low.mean": [
        1.1774270802789033e-07
    ],
    "lowlevel.spectral_energyband_middle_low.mean": [
        2.0029256475595503e-08
    ],
    "lowlevel.spectral_energyband_middle_high.mean": [
        4.250292562346658e-09
    ],
    "lowlevel.spectral_energyband_high.mean": [
        7.985855310366219e-10
    ],
    "lowlevel.pitch_salience_mean": [
        0.7891501188278198
    ],
    "lowlevel.inharmonicity.mean": [
        0.17544101178646088
    ],
    "sfx.logattacktime.mean": [
        -3.064671754837036
    ],
    "lowlevel.lpc": [
        [
            1.0,
            -1.0517182350158691,
            0.08705159276723862,
            -0.07720271497964859,
            0.07789403200149536,
            -0.07329339534044266,
            0.0681319609284401,
            -0.05526517331600189,
            0.047357868403196335,
            -0.03730040043592453,
            0.019908340647816658
        ]
    ],
    "lowlevel.spectralcentroid": [
        493.4149475097656
    ]
}