{
    "lowlevel.hfc.mean": [
        1.072283148765564
    ],
    "lowlevel.mfcc.mean": [
        [
            -1176.159912109375,
            51.40502166748047,
            -14.736330032348633,
            -3.5521597862243652,
            1.2863951921463013,
            -2.99558424949646,
            0.4099501967430115,
            3.9748120307922363,
            -0.40399137139320374,
            -2.881161689758301,
            -3.027216672897339,
            -7.194118976593018,
            -9.775915145874023
        ]
    ],
    "lowlevel.zerocrossingrate.mean": [
        0.38327813148498535
    ],
    "lowlevel.spectral_energyband_low.mean": [
        4.6851391743985005e-06
    ],
    "lowlevel.spectral_energyband_middle_low.mean": [
        0.001133265788666904
    ],
    "lowlevel.spectral_energyband_middle_high.mean": [
        0.00065473816357553
    ],
    "lowlevel.spectral_energyband_high.mean": [
        2.786977688629122e-07
    ],
    "lowlevel.pitch_salience_mean": [
        0.7051530480384827
    ],
    "lowlevel.inharmonicity.mean": [
        0.14913751184940338
    ],
    "sfx.logattacktime.mean": [
        -1.6708489656448364
    ],
    "lowlevel.lpc": [
        [
            1.0,
            -2.4167919158935547,
            1.417517066001892,
            0.38465872406959534,
            -0.13181716203689575,
            -0.2305479198694229,
            -0.10903368890285492,
            -0.029421867802739143,
            0.058267928659915924,
            0.1372135728597641,
            -0.07604998350143433
        ]
    ],
    "lowlevel.spectralcentroid": [
        812.0525512695312
    ]
}