{
    "lowlevel.hfc.mean": [
        0.08685775846242905
    ],
    "lowlevel.mfcc.mean": [
        [
            -1093.7945556640625,
            92.74821472167969,
            -0.09634027630090714,
            -8.96973991394043,
            8.157590866088867,
            7.0201640129089355,
            -10.473215103149414,
            -9.51065444946289,
            -4.3320512771606445,
            -4.289829730987549,
            -11.216801643371582,
            -6.214954376220703,
            -1.1771636009216309
        ]
    ],
    "lowlevel.zerocrossingrate.mean": [
        0.17255602777004242
    ],
    "lowlevel.spectral_energyband_low.mean": [
        9.996266271627974e-06
    ],
    "lowlevel.spectral_energyband_middle_low.mean": [
        0.00012365802831482142
    ],
    "lowlevel.spectral_energyband_middle_high.mean": [
        2.20206657104427e-05
    ],
    "lowlevel.spectral_energyband_high.mean": [
        5.398562734626466e-07
    ],
    "lowlevel.pitch_salience_mean": [
        0.719700038433075
    ],
    "lowlevel.inharmonicity.mean": [
        0.07953564822673798
    ],
    "sfx.logattacktime.mean": [
        -1.9760526418685913
    ],
    "lowlevel.lpc": [
        [
            1.0,
            -1.5345345735549927,
            0.5855441093444824,
            -0.38906019926071167,
            0.5456826686859131,
            -0.4489670395851135,
            0.4255378842353821,
            -0.21951140463352203,
            0.18291673064231873,
            -0.18320253491401672,
            0.04963654652237892
        ]
    ],
    "lowlevel.spectralcentroid": [
        830.9310913085938
    ]
}