{
    "lowlevel.hfc.mean": [
        6.542222399730235e-05
    ],
    "lowlevel.mfcc.mean": [
        [
            -1252.5916748046875,
            12.271099090576172,
            3.490814685821533,
            0.34578344225883484,
            1.4528529644012451,
            0.6094982624053955,
            -2.036203622817993,
            -2.7606654167175293,
            -1.8528603315353394,
            -1.6828737258911133,
            -1.985318660736084,
            -1.6006771326065063,
            -1.0266599655151367
        ]
    ],
    "lowlevel.zerocrossingrate.mean": [
        0.42229902744293213
    ],
    "lowlevel.spectral_energyband_low.mean": [
        9.842888282207696e-09
    ],
    "lowlevel.spectral_energyband_middle_low.mean": [
        1.2458727383091173e-07
    ],
    "lowlevel.spectral_energyband_middle_high.mean": [
        1.3056149050783006e-08
    ],
    "lowlevel.spectral_energyband_high.mean": [
        7.495365994536485e-10
    ],
    "lowlevel.pitch_salience_mean": [
        0.8054940700531006
    ],
    "lowlevel.inharmonicity.mean": [
        0.13481438159942627
    ],
    "sfx.logattacktime.mean": [
        -3.2642252445220947
    ],
    "lowlevel.lpc": [
        [
            1.0,
            -1.1450389623641968,
            -0.034149833023548126,
            -0.02347998321056366,
            0.2754251956939697,
            -0.295795202255249,
            0.31914693117141724,
            -0.12968218326568604,
            0.2455936074256897,
            -0.23603816330432892,
            0.037255335599184036
        ]
    ],
    "lowlevel.spectralcentroid": [
        742.2037353515625
    ]
}