{
    "lowlevel.mfcc.mean.0": [
        -1150.5843854631696
    ],
    "lowlevel.mfcc.mean.1": [
        5.07879470643543
    ],
    "lowlevel.mfcc.mean.2": [
        8.356245386032832
    ],
    "lowlevel.mfcc.mean.3": [
        3.4814187731061663
    ],
    "lowlevel.mfcc.mean.4": [
        1.540145746866862
    ],
    "lowlevel.mfcc.mean.5": [
        -1.9040261858985537
    ],
    "lowlevel.mfcc.mean.6": [
        -3.197941898164295
    ],
    "lowlevel.mfcc.mean.7": [
        -3.46198311760312
    ],
    "lowlevel.mfcc.mean.8": [
        -3.9999235879807244
    ],
    "lowlevel.mfcc.mean.9": [
        -3.300829860142299
    ],
    "lowlevel.mfcc.mean.10": [
        -1.9019515900384811
    ],
    "lowlevel.mfcc.mean.11": [
        -0.8183542614891416
    ],
    "lowlevel.mfcc.mean.12": [
        -0.27961256844656807
    ],
    "sfx.logattacktime.mean": [
        -2.186556816101074
    ],
    "lowlevel.inharmonicity.mean": [
        0.1986990855784998
    ],
    "lowlevel.zerocrossingrate.mean": [
        0.44298270089285713
    ],
    "lowlevel.spectralcentroid": [
        3795.546875
    ]
}