{
    "lowlevel.hfc.mean": [
        1.8096204996109009
    ],
    "lowlevel.mfcc.mean": [
        [
            -1066.3868408203125,
            53.46729278564453,
            -76.36272430419922,
            -34.26240158081055,
            -14.516963005065918,
            -16.473709106445312,
            -15.8335599899292,
            8.350592613220215,
            17.196727752685547,
            -3.9843127727508545,
            -13.243210792541504,
            -1.6687206029891968,
            2.966099977493286
        ]
    ],
    "lowlevel.zerocrossingrate.mean": [
        0.20097486674785614
    ],
    "lowlevel.spectral_energyband_low.mean": [
        4.77299586520985e-08
    ],
    "lowlevel.spectral_energyband_middle_low.mean": [
        0.001527137472294271
    ],
    "lowlevel.spectral_energyband_middle_high.mean": [
        0.0008135908865369856
    ],
    "lowlevel.spectral_energyband_high.mean": [
        6.382178980857134e-07
    ],
    "lowlevel.pitch_salience_mean": [
        0.5766380429267883
    ],
    "lowlevel.inharmonicity.mean": [
        0.06915545463562012
    ],
    "sfx.logattacktime.mean": [
        -1.892390489578247
    ],
    "lowlevel.lpc": [
        [
            1.0,
            -2.697826385498047,
            2.896009922027588,
            -2.082071304321289,
            1.1726605892181396,
            0.028447981923818588,
            -0.32095983624458313,
            -0.1455688774585724,
            0.31873512268066406,
            -0.3183983564376831,
            0.15872356295585632
        ]
    ],
    "lowlevel.spectralcentroid": [
        1014.7622680664062
    ]
}