{
    "lowlevel.hfc.mean": [
        0.07898338884115219
    ],
    "lowlevel.mfcc.mean": [
        [
            -1066.6998291015625,
            105.88704681396484,
            -10.832303047180176,
            -17.99758529663086,
            9.131257057189941,
            10.539826393127441,
            -10.49843692779541,
            -5.914309501647949,
            -3.2857749462127686,
            -1.9741675853729248,
            -10.562007904052734,
            -9.360380172729492,
            -4.213997840881348
        ]
    ],
    "lowlevel.zerocrossingrate.mean": [
        0.12991943955421448
    ],
    "lowlevel.spectral_energyband_low.mean": [
        1.1562179679458495e-05
    ],
    "lowlevel.spectral_energyband_middle_low.mean": [
        5.372071245801635e-05
    ],
    "lowlevel.spectral_energyband_middle_high.mean": [
        3.09219685732387e-05
    ],
    "lowlevel.spectral_energyband_high.mean": [
        4.6887234361747687e-07
    ],
    "lowlevel.pitch_salience_mean": [
        0.7312150597572327
    ],
    "lowlevel.inharmonicity.mean": [
        0.14316026866436005
    ],
    "sfx.logattacktime.mean": [
        -1.822925090789795
    ],
    "lowlevel.lpc": [
        [
            1.0,
            -1.4922486543655396,
            0.5702271461486816,
            -0.5581991076469421,
            0.7563662528991699,
            -0.5256256461143494,
            0.4908367395401001,
            -0.3927038609981537,
            0.43662479519844055,
            -0.24606315791606903,
            -0.01921580359339714
        ]
    ],
    "lowlevel.spectralcentroid": [
        1181.247314453125
    ]
}