{
    "lowlevel.hfc.mean": [
        6.117974407970905e-05
    ],
    "lowlevel.mfcc.mean": [
        [
            -1252.5028076171875,
            12.503702163696289,
            3.660233974456787,
            0.1719261109828949,
            1.3806018829345703,
            1.1316025257110596,
            -1.2358970642089844,
            -1.9527164697647095,
            -0.6826261281967163,
            -0.3112199902534485,
            -1.3537460565567017,
            -1.8835241794586182,
            -1.3793402910232544
        ]
    ],
    "lowlevel.zerocrossingrate.mean": [
        0.4256591796875
    ],
    "lowlevel.spectral_energyband_low.mean": [
        1.2934988191659613e-08
    ],
    "lowlevel.spectral_energyband_middle_low.mean": [
        1.0015328655299527e-07
    ],
    "lowlevel.spectral_energyband_middle_high.mean": [
        1.6048108619770574e-08
    ],
    "lowlevel.spectral_energyband_high.mean": [
        7.192674789102682e-10
    ],
    "lowlevel.pitch_salience_mean": [
        0.7966276407241821
    ],
    "lowlevel.inharmonicity.mean": [
        0.16359899938106537
    ],
    "sfx.logattacktime.mean": [
        -3.5304877758026123
    ],
    "lowlevel.lpc": [
        [
            1.0,
            -1.179434061050415,
            0.023828495293855667,
            -0.13104738295078278,
            0.4530155062675476,
            -0.4563220739364624,
            0.45801863074302673,
            -0.22467388212680817,
            0.24425895512104034,
            -0.17290465533733368,
            0.00015530569362454116
        ]
    ],
    "lowlevel.spectralcentroid": [
        790.1827392578125
    ]
}