{
    "lowlevel.hfc.mean": [
        30.61138916015625
    ],
    "lowlevel.mfcc.mean": [
        [
            -1101.9031982421875,
            -67.33781433105469,
            -20.221370697021484,
            -10.61841106414795,
            -5.984208106994629,
            15.791629791259766,
            21.24325942993164,
            11.7411470413208,
            4.755702972412109,
            -23.246662139892578,
            -12.988668441772461,
            19.124927520751953,
            32.541961669921875
        ]
    ],
    "lowlevel.zerocrossingrate.mean": [
        0.39880791306495667
    ],
    "lowlevel.spectral_energyband_low.mean": [
        5.806361969007412e-08
    ],
    "lowlevel.spectral_energyband_middle_low.mean": [
        4.214254190060274e-08
    ],
    "lowlevel.spectral_energyband_middle_high.mean": [
        0.00215742876753211
    ],
    "lowlevel.spectral_energyband_high.mean": [
        0.0035148123279213905
    ],
    "lowlevel.pitch_salience_mean": [
        0.7935312390327454
    ],
    "lowlevel.inharmonicity.mean": [
        0.1306162029504776
    ],
    "sfx.logattacktime.mean": [
        -2.591360092163086
    ],
    "lowlevel.lpc": [
        [
            1.0,
            -1.0280424356460571,
            0.7026326656341553,
            -0.495357483625412,
            0.48190492391586304,
            -0.38835930824279785,
            0.6052848100662231,
            -0.5474494695663452,
            0.3052093982696533,
            -0.25267279148101807,
            0.24300381541252136
        ]
    ],
    "lowlevel.spectralcentroid": [
        5911.99169921875
    ]
}