{
    "lowlevel.hfc.mean": [
        47.14570999145508
    ],
    "lowlevel.mfcc.mean": [
        [
            -928.1051025390625,
            59.3892936706543,
            -146.5660400390625,
            -17.869380950927734,
            -27.6648006439209,
            -22.16206169128418,
            -23.845582962036133,
            -18.175920486450195,
            -11.314559936523438,
            -7.989868640899658,
            1.8288053274154663,
            8.58833122253418,
            23.842540740966797
        ]
    ],
    "lowlevel.zerocrossingrate.mean": [
        0.16976706683635712
    ],
    "lowlevel.spectral_energyband_low.mean": [
        4.6751293325542065e-07
    ],
    "lowlevel.spectral_energyband_middle_low.mean": [
        0.003257892094552517
    ],
    "lowlevel.spectral_energyband_middle_high.mean": [
        0.03309541940689087
    ],
    "lowlevel.spectral_energyband_high.mean": [
        2.4570215828134678e-05
    ],
    "lowlevel.pitch_salience_mean": [
        0.8233931660652161
    ],
    "lowlevel.inharmonicity.mean": [
        0.052512697875499725
    ],
    "sfx.logattacktime.mean": [
        -1.9209829568862915
    ],
    "lowlevel.lpc": [
        [
            1.0,
            -3.3432154655456543,
            4.006412982940674,
            -1.7141413688659668,
            -0.09046948701143265,
            0.08806358277797699,
            -0.10809458792209625,
            0.24927295744419098,
            0.04523056745529175,
            -0.20526953041553497,
            0.07773667573928833
        ]
    ],
    "lowlevel.spectralcentroid": [
        1389.84521484375
    ]
}