{
    "lowlevel.hfc.mean": [
        0.7311885356903076
    ],
    "lowlevel.mfcc.mean": [
        [
            -1073.980712890625,
            63.22315216064453,
            -60.23761749267578,
            -36.17124557495117,
            -12.78026294708252,
            -15.057191848754883,
            -25.12295913696289,
            -3.8366823196411133,
            7.306807994842529,
            -6.729158878326416,
            -14.593255996704102,
            -0.48265954852104187,
            8.877975463867188
        ]
    ],
    "lowlevel.zerocrossingrate.mean": [
        0.20366527140140533
    ],
    "lowlevel.spectral_energyband_low.mean": [
        3.319972563531337e-08
    ],
    "lowlevel.spectral_energyband_middle_low.mean": [
        0.0007658163667656481
    ],
    "lowlevel.spectral_energyband_middle_high.mean": [
        0.00027029510238207877
    ],
    "lowlevel.spectral_energyband_high.mean": [
        3.7285110465745674e-07
    ],
    "lowlevel.pitch_salience_mean": [
        0.617423951625824
    ],
    "lowlevel.inharmonicity.mean": [
        0.06430184096097946
    ],
    "sfx.logattacktime.mean": [
        -1.4611684083938599
    ],
    "lowlevel.lpc": [
        [
            1.0,
            -2.758842706680298,
            3.1518750190734863,
            -2.4550342559814453,
            1.4932756423950195,
            -0.3107942044734955,
            -0.09348773956298828,
            -0.14773288369178772,
            0.34776365756988525,
            -0.39342090487480164,
            0.17322717607021332
        ]
    ],
    "lowlevel.spectralcentroid": [
        925.8244018554688
    ]
}