{
    "lowlevel.hfc.mean": [
        0.627554178237915
    ],
    "lowlevel.mfcc.mean": [
        [
            -1096.69091796875,
            59.992340087890625,
            -51.68352127075195,
            -36.98121643066406,
            -8.506303787231445,
            -14.910422325134277,
            -17.31977653503418,
            -1.3735719919204712,
            5.145746231079102,
            -3.303518295288086,
            -12.364508628845215,
            -0.7351610660552979,
            7.885800838470459
        ]
    ],
    "lowlevel.zerocrossingrate.mean": [
        0.21426843106746674
    ],
    "lowlevel.spectral_energyband_low.mean": [
        4.745128734384707e-08
    ],
    "lowlevel.spectral_energyband_middle_low.mean": [
        0.000675863295327872
    ],
    "lowlevel.spectral_energyband_middle_high.mean": [
        0.00018895130779128522
    ],
    "lowlevel.spectral_energyband_high.mean": [
        2.5972136086238606e-07
    ],
    "lowlevel.pitch_salience_mean": [
        0.6285781860351562
    ],
    "lowlevel.inharmonicity.mean": [
        0.0683470070362091
    ],
    "sfx.logattacktime.mean": [
        -1.0607866048812866
    ],
    "lowlevel.lpc": [
        [
            1.0,
            -2.9396064281463623,
            4.079990863800049,
            -4.4868292808532715,
            4.13156795501709,
            -2.871422290802002,
            2.013199806213379,
            -1.5121554136276245,
            1.0062216520309448,
            -0.6573192477226257,
            0.2441851943731308
        ]
    ],
    "lowlevel.spectralcentroid": [
        884.565185546875
    ]
}