{
    "lowlevel.hfc.mean": [
        6.378249395311286e-08
    ],
    "lowlevel.mfcc.mean": [
        [
            -1264.775146484375,
            0.1847245991230011,
            0.1723659783601761,
            0.15424396097660065,
            0.13271448016166687,
            0.11116579174995422,
            0.09153944998979568,
            0.07566724717617035,
            0.0639672800898552,
            0.055843811482191086,
            0.05009043589234352,
            0.04544706642627716,
            0.04085931181907654
        ]
    ],
    "lowlevel.zerocrossingrate.mean": [
        0.4936116635799408
    ],
    "lowlevel.spectral_energyband_low.mean": [
        2.3649565639161096e-10
    ],
    "lowlevel.spectral_energyband_middle_low.mean": [
        3.648481863849362e-11
    ],
    "lowlevel.spectral_energyband_middle_high.mean": [
        8.689516987903101e-12
    ],
    "lowlevel.spectral_energyband_high.mean": [
        2.3144294640509155e-12
    ],
    "lowlevel.pitch_salience_mean": [
        0.7871516346931458
    ],
    "lowlevel.inharmonicity.mean": [
        0.1751609593629837
    ],
    "sfx.logattacktime.mean": [
        -5.0
    ],
    "lowlevel.lpc": [
        [
            1.0,
            -0.8902667164802551,
            -0.13540154695510864,
            0.0655711367726326,
            -0.0103429164737463,
            -0.012291700579226017,
            -0.03273647651076317,
            0.0718541294336319,
            -0.024844016879796982,
            -0.05592546984553337,
            0.03095790185034275
        ]
    ],
    "lowlevel.spectralcentroid": [
        604.7220458984375
    ]
}