{
    "lowlevel.hfc.mean": [
        17.534902572631836
    ],
    "lowlevel.mfcc.mean": [
        [
            -1182.356201171875,
            5.706079006195068,
            3.4771082401275635,
            4.418078422546387,
            -0.42092591524124146,
            -0.7334561347961426,
            -2.698932647705078,
            -2.6575255393981934,
            -2.443331003189087,
            -0.7324908971786499,
            0.8115202188491821,
            1.5633121728897095,
            2.1053247451782227
        ]
    ],
    "lowlevel.zerocrossingrate.mean": [
        0.4223865270614624
    ],
    "lowlevel.spectral_energyband_low.mean": [
        0.0002130351058440283
    ],
    "lowlevel.spectral_energyband_middle_low.mean": [
        0.014145925641059875
    ],
    "lowlevel.spectral_energyband_middle_high.mean": [
        0.0018206340027973056
    ],
    "lowlevel.spectral_energyband_high.mean": [
        0.0011187867494300008
    ],
    "lowlevel.pitch_salience_mean": [
        0.7890788316726685
    ],
    "lowlevel.inharmonicity.mean": [
        0.14182049036026
    ],
    "sfx.logattacktime.mean": [
        -2.7201592922210693
    ],
    "lowlevel.lpc": [
        [
            1.0,
            -1.9907257556915283,
            2.4691355228424072,
            -2.952286720275879,
            3.0625627040863037,
            -2.9690825939178467,
            2.5514559745788574,
            -2.066986560821533,
            1.4289143085479736,
            -0.8296537399291992,
            0.3301273584365845
        ]
    ],
    "lowlevel.spectralcentroid": [
        2042.605224609375
    ]
}