{
    "lowlevel.hfc.mean": [
        7.997682405402884e-05
    ],
    "lowlevel.mfcc.mean": [
        [
            -1261.945556640625,
            0.21288779377937317,
            -0.15199464559555054,
            0.07087492942810059,
            -0.05235370621085167,
            0.03145192563533783,
            -0.01431125495582819,
            0.027199845761060715,
            -0.005810655653476715,
            0.0226560328155756,
            0.004877980332821608,
            0.016618529334664345,
            0.01327485591173172
        ]
    ],
    "lowlevel.zerocrossingrate.mean": [
        0.47322824597358704
    ],
    "lowlevel.spectral_energyband_low.mean": [
        1.6516935041899217e-10
    ],
    "lowlevel.spectral_energyband_middle_low.mean": [
        7.02808367059049e-10
    ],
    "lowlevel.spectral_energyband_middle_high.mean": [
        3.385455915605462e-09
    ],
    "lowlevel.spectral_energyband_high.mean": [
        7.499186160941917e-09
    ],
    "lowlevel.pitch_salience_mean": [
        0.8014107346534729
    ],
    "lowlevel.inharmonicity.mean": [
        0.16185694932937622
    ],
    "sfx.logattacktime.mean": [
        -5.0
    ],
    "lowlevel.lpc": [
        [
            1.0,
            -0.6913959383964539,
            0.46614906191825867,
            -0.36884015798568726,
            0.31313079595565796,
            -0.255750834941864,
            0.1923590749502182,
            -0.12723654508590698,
            0.0761602446436882,
            -0.034773364663124084,
            0.009103499352931976
        ]
    ],
    "lowlevel.spectralcentroid": [
        4398.314453125
    ]
}