{
    "lowlevel.hfc.mean": [
        101.97374725341797
    ],
    "lowlevel.mfcc.mean": [
        [
            -1016.5891723632812,
            -10.811092376708984,
            -80.20664978027344,
            -9.775552749633789,
            -21.773231506347656,
            -0.26360511779785156,
            -2.499415159225464,
            8.189647674560547,
            9.594523429870605,
            19.468929290771484,
            13.726303100585938,
            -11.00680160522461,
            -26.077640533447266
        ]
    ],
    "lowlevel.zerocrossingrate.mean": [
        0.279110312461853
    ],
    "lowlevel.spectral_energyband_low.mean": [
        1.7958315368105104e-07
    ],
    "lowlevel.spectral_energyband_middle_low.mean": [
        0.020305786281824112
    ],
    "lowlevel.spectral_energyband_middle_high.mean": [
        0.04828870669007301
    ],
    "lowlevel.spectral_energyband_high.mean": [
        0.0004267629119567573
    ],
    "lowlevel.pitch_salience_mean": [
        0.7445347309112549
    ],
    "lowlevel.inharmonicity.mean": [
        0.08363968133926392
    ],
    "sfx.logattacktime.mean": [
        -2.0201549530029297
    ],
    "lowlevel.lpc": [
        [
            1.0,
            -3.4211909770965576,
            4.682558536529541,
            -2.977450132369995,
            0.4300723671913147,
            0.6515355110168457,
            -0.4374276101589203,
            -0.05218411982059479,
            0.3079564571380615,
            -0.25129613280296326,
            0.07981904596090317
        ]
    ],
    "lowlevel.spectralcentroid": [
        1618.439208984375
    ]
}