{
    "lowlevel.hfc.mean": [
        2.811621602205605e-09
    ],
    "lowlevel.mfcc.mean": [
        [
            -1264.92236328125,
            3.0517578125e-05,
            -6.866455078125e-05,
            3.0517578125e-05,
            -8.0108642578125e-05,
            6.866455078125e-05,
            -3.0517578125e-05,
            -6.866455078125e-05,
            -4.9591064453125e-05,
            -1.9073486328125e-05,
            -2.288818359375e-05,
            -1.9073486328125e-05,
            -4.1961669921875e-05
        ]
    ],
    "lowlevel.zerocrossingrate.mean": [
        0.4998212456703186
    ],
    "lowlevel.spectral_energyband_low.mean": [
        6.467657711614139e-15
    ],
    "lowlevel.spectral_energyband_middle_low.mean": [
        1.312644247854558e-13
    ],
    "lowlevel.spectral_energyband_middle_high.mean": [
        2.5619396469729605e-13
    ],
    "lowlevel.spectral_energyband_high.mean": [
        2.5147784787731e-13
    ],
    "lowlevel.pitch_salience_mean": [
        0.7914400100708008
    ],
    "lowlevel.inharmonicity.mean": [
        0.1646706908941269
    ],
    "sfx.logattacktime.mean": [
        -3.1974518299102783
    ],
    "lowlevel.lpc": [
        [
            0.0,
            0.0,
            0.0,
            0.0,
            0.0,
            0.0,
            0.0,
            0.0,
            0.0,
            0.0,
            0.0
        ]
    ],
    "lowlevel.spectralcentroid": [
        5430.98095703125
    ]
}