{
    "lowlevel.hfc.mean": [
        13.390416145324707
    ],
    "lowlevel.mfcc.mean": [
        [
            -1058.323486328125,
            79.29776000976562,
            -48.13938903808594,
            -11.14602279663086,
            -12.711196899414062,
            -13.114859580993652,
            -8.672015190124512,
            -1.858967900276184,
            -5.323444843292236,
            -9.700977325439453,
            -12.620894432067871,
            -12.30923080444336,
            -10.457966804504395
        ]
    ],
    "lowlevel.zerocrossingrate.mean": [
        0.2946188151836395
    ],
    "lowlevel.spectral_energyband_low.mean": [
        9.068961617231253e-07
    ],
    "lowlevel.spectral_energyband_middle_low.mean": [
        0.002496749395504594
    ],
    "lowlevel.spectral_energyband_middle_high.mean": [
        0.0044577703811228275
    ],
    "lowlevel.spectral_energyband_high.mean": [
        0.0008194975089281797
    ],
    "lowlevel.pitch_salience_mean": [
        0.7806219458580017
    ],
    "lowlevel.inharmonicity.mean": [
        0.10833773016929626
    ],
    "sfx.logattacktime.mean": [
        -2.316058874130249
    ],
    "lowlevel.lpc": [
        [
            1.0,
            -3.4397401809692383,
            5.920714378356934,
            -6.897709846496582,
            6.413785457611084,
            -5.674618244171143,
            5.180334568023682,
            -4.395862579345703,
            2.938932180404663,
            -1.315791368484497,
            0.2957889437675476
        ]
    ],
    "lowlevel.spectralcentroid": [
        2358.06298828125
    ]
}