{
    "lowlevel.hfc.mean": [
        7.68057543609757e-06
    ],
    "lowlevel.mfcc.mean": [
        [
            -1263.0093994140625,
            2.085353374481201,
            0.7487533688545227,
            -0.3743859529495239,
            -0.7274628281593323,
            -0.47661420702934265,
            -0.11612815409898758,
            0.05592135712504387,
            0.05439534783363342,
            0.0022684952709823847,
            -0.036923639476299286,
            -0.05607004091143608,
            -0.05005505308508873
        ]
    ],
    "lowlevel.zerocrossingrate.mean": [
        0.48340123891830444
    ],
    "lowlevel.spectral_energyband_low.mean": [
        4.2268685773727555e-10
    ],
    "lowlevel.spectral_energyband_middle_low.mean": [
        8.499849712961804e-09
    ],
    "lowlevel.spectral_energyband_middle_high.mean": [
        2.66539612603367e-09
    ],
    "lowlevel.spectral_energyband_high.mean": [
        6.455384837789069e-11
    ],
    "lowlevel.pitch_salience_mean": [
        0.7974414825439453
    ],
    "lowlevel.inharmonicity.mean": [
        0.1752348691225052
    ],
    "sfx.logattacktime.mean": [
        -3.945509433746338
    ],
    "lowlevel.lpc": [
        [
            1.0,
            -0.984512984752655,
            -0.20360113680362701,
            0.018202409148216248,
            0.19080643355846405,
            -0.22026477754116058,
            0.23440401256084442,
            -0.11886533349752426,
            0.1435466855764389,
            -0.11032843589782715,
            0.09048113226890564
        ]
    ],
    "lowlevel.spectralcentroid": [
        962.376708984375
    ]
}