{
    "lowlevel.mfcc.mean.0": [
        -1085.0466674804688
    ],
    "lowlevel.mfcc.mean.1": [
        95.00964937210082
    ],
    "lowlevel.mfcc.mean.2": [
        3.8136876106262205
    ],
    "lowlevel.mfcc.mean.3": [
        -5.43480920791626
    ],
    "lowlevel.mfcc.mean.4": [
        9.836630916595459
    ],
    "lowlevel.mfcc.mean.5": [
        8.07883563041687
    ],
    "lowlevel.mfcc.mean.6": [
        -7.752098226547242
    ],
    "lowlevel.mfcc.mean.7": [
        -4.437838077545166
    ],
    "lowlevel.mfcc.mean.8": [
        -0.6294163703918457
    ],
    "lowlevel.mfcc.mean.9": [
        -0.7679866790771485
    ],
    "lowlevel.mfcc.mean.10": [
        -5.899737930297851
    ],
    "lowlevel.mfcc.mean.11": [
        -2.7888834953308104
    ],
    "lowlevel.mfcc.mean.12": [
        2.724875831604004
    ],
    "sfx.logattacktime.mean": [
        -2.0809574127197266
    ],
    "lowlevel.inharmonicity.mean": [
        0.09114394662901759
    ],
    "lowlevel.zerocrossingrate.mean": [
        0.17608642578125
    ],
    "lowlevel.spectralcentroid": [
        782.7362670898438
    ]
}