{
    "lowlevel.hfc.mean": [
        104.42435455322266
    ],
    "lowlevel.mfcc.mean": [
        [
            -1023.9078369140625,
            -13.784378051757812,
            -71.98120880126953,
            -4.982705116271973,
            8.36649227142334,
            29.537364959716797,
            26.463850021362305,
            18.007652282714844,
            -30.74612045288086,
            -31.50537109375,
            35.21442794799805,
            58.37079620361328,
            -3.078073024749756
        ]
    ],
    "lowlevel.zerocrossingrate.mean": [
        0.16883781552314758
    ],
    "lowlevel.spectral_energyband_low.mean": [
        5.594286562882189e-07
    ],
    "lowlevel.spectral_energyband_middle_low.mean": [
        3.763509823784261e-07
    ],
    "lowlevel.spectral_energyband_middle_high.mean": [
        0.07266170531511307
    ],
    "lowlevel.spectral_energyband_high.mean": [
        0.0002919800754170865
    ],
    "lowlevel.pitch_salience_mean": [
        0.37419143319129944
    ],
    "lowlevel.inharmonicity.mean": [
        0.042118169367313385
    ],
    "sfx.logattacktime.mean": [
        -1.2387508153915405
    ],
    "lowlevel.lpc": [
        [
            1.0,
            -3.1444509029388428,
            4.228754997253418,
            -3.660399913787842,
            2.8809425830841064,
            -2.0335843563079834,
            1.1255505084991455,
            -0.8516258001327515,
            0.9755037426948547,
            -0.7446305751800537,
            0.2507215440273285
        ]
    ],
    "lowlevel.spectralcentroid": [
        1473.129150390625
    ]
}