{
    "lowlevel.hfc.mean": [
        25.996898651123047
    ],
    "lowlevel.mfcc.mean": [
        [
            -1198.297607421875,
            4.693967819213867,
            -15.26395034790039,
            -2.0217764377593994,
            0.7912248969078064,
            5.2134881019592285,
            4.61402702331543,
            1.7661423683166504,
            -5.155864238739014,
            -4.753767490386963,
            4.400079727172852,
            9.497453689575195,
            -0.7128280401229858
        ]
    ],
    "lowlevel.zerocrossingrate.mean": [
        0.4225245416164398
    ],
    "lowlevel.spectral_energyband_low.mean": [
        1.5142898064368637e-06
    ],
    "lowlevel.spectral_energyband_middle_low.mean": [
        1.0105204637511633e-05
    ],
    "lowlevel.spectral_energyband_middle_high.mean": [
        0.01805560663342476
    ],
    "lowlevel.spectral_energyband_high.mean": [
        7.869005639804527e-05
    ],
    "lowlevel.pitch_salience_mean": [
        0.729828953742981
    ],
    "lowlevel.inharmonicity.mean": [
        0.13921554386615753
    ],
    "sfx.logattacktime.mean": [
        -1.7424367666244507
    ],
    "lowlevel.lpc": [
        [
            1.0,
            -2.1036925315856934,
            1.109963297843933,
            0.13525453209877014,
            0.03315642476081848,
            -0.013204378075897694,
            -0.16714222729206085,
            -0.06119467690587044,
            0.13074830174446106,
            -0.10201212018728256,
            0.08597034215927124
        ]
    ],
    "lowlevel.spectralcentroid": [
        1479.554443359375
    ]
}