{
    "lowlevel.hfc.mean": [
        1.4022529626345204e-07
    ],
    "lowlevel.mfcc.mean": [
        [
            -1264.3497314453125,
            0.7787966728210449,
            0.7315210700035095,
            0.6570417284965515,
            0.5606258511543274,
            0.44990789890289307,
            0.332380086183548,
            0.21643653512001038,
            0.10952865332365036,
            0.01780441217124462,
            -0.05434224009513855,
            -0.10446880012750626,
            -0.13232757151126862
        ]
    ],
    "lowlevel.zerocrossingrate.mean": [
        0.47423315048217773
    ],
    "lowlevel.spectral_energyband_low.mean": [
        4.2593842342064647e-10
    ],
    "lowlevel.spectral_energyband_middle_low.mean": [
        3.2152630558002215e-10
    ],
    "lowlevel.spectral_energyband_middle_high.mean": [
        9.332779341009179e-12
    ],
    "lowlevel.spectral_energyband_high.mean": [
        3.210137884679387e-12
    ],
    "lowlevel.pitch_salience_mean": [
        0.7902959585189819
    ],
    "lowlevel.inharmonicity.mean": [
        0.17557084560394287
    ],
    "sfx.logattacktime.mean": [
        -3.365701675415039
    ],
    "lowlevel.lpc": [
        [
            1.0,
            -1.186669945716858,
            0.6718863844871521,
            -0.9214349389076233,
            0.7522914409637451,
            -0.6689469218254089,
            0.4029257297515869,
            -0.2752843201160431,
            0.2877606153488159,
            -0.06477674841880798,
            0.006896953098475933
        ]
    ],
    "lowlevel.spectralcentroid": [
        627.6181030273438
    ]
}