{
    "lowlevel.hfc.mean": [
        2.566448211669922
    ],
    "lowlevel.mfcc.mean": [
        [
            -1112.8311767578125,
            141.62689208984375,
            35.4272346496582,
            -7.9970502853393555,
            -13.629094123840332,
            -13.260130882263184,
            -10.74448299407959,
            -7.550732135772705,
            -0.2302098572254181,
            5.033770561218262,
            0.0020165678579360247,
            -2.6331048011779785,
            0.8929659128189087
        ]
    ],
    "lowlevel.zerocrossingrate.mean": [
        0.2267386019229889
    ],
    "lowlevel.spectral_energyband_low.mean": [
        0.00033923430601134896
    ],
    "lowlevel.spectral_energyband_middle_low.mean": [
        0.00536002591252327
    ],
    "lowlevel.spectral_energyband_middle_high.mean": [
        1.8094417100655846e-05
    ],
    "lowlevel.spectral_energyband_high.mean": [
        3.622183086804398e-08
    ],
    "lowlevel.pitch_salience_mean": [
        0.6549902558326721
    ],
    "lowlevel.inharmonicity.mean": [
        0.09385812282562256
    ],
    "sfx.logattacktime.mean": [
        -1.3431915044784546
    ],
    "lowlevel.lpc": [
        [
            1.0,
            -1.5740729570388794,
            0.20883981883525848,
            0.16069620847702026,
            0.12024085223674774,
            0.08404932916164398,
            0.04621383547782898,
            0.01918794959783554,
            0.030521607026457787,
            -0.0286271795630455,
            -0.06547028571367264
        ]
    ],
    "lowlevel.spectralcentroid": [
        483.3511047363281
    ]
}