{
    "lowlevel.hfc.mean": [
        102.09221649169922
    ],
    "lowlevel.mfcc.mean": [
        [
            -1141.0452880859375,
            2.9886550903320312,
            6.259794235229492,
            3.5110654830932617,
            1.1045433282852173,
            -1.4988263845443726,
            -2.6205389499664307,
            -3.3103277683258057,
            -4.551352500915527,
            -4.268961429595947,
            -3.1802620887756348,
            -1.0521222352981567,
            0.3637748062610626
        ]
    ],
    "lowlevel.zerocrossingrate.mean": [
        0.4418294131755829
    ],
    "lowlevel.spectral_energyband_low.mean": [
        0.00028246865258552134
    ],
    "lowlevel.spectral_energyband_middle_low.mean": [
        0.0346224270761013
    ],
    "lowlevel.spectral_energyband_middle_high.mean": [
        0.002834565006196499
    ],
    "lowlevel.spectral_energyband_high.mean": [
        0.009445127099752426
    ],
    "lowlevel.pitch_salience_mean": [
        0.7832013964653015
    ],
    "lowlevel.inharmonicity.mean": [
        0.1588248461484909
    ],
    "sfx.logattacktime.mean": [
        -1.7545769214630127
    ],
    "lowlevel.lpc": [
        [
            1.0,
            -1.5129884481430054,
            1.825968861579895,
            -2.0533130168914795,
            1.8362516164779663,
            -1.8322299718856812,
            1.5242226123809814,
            -1.3081858158111572,
            0.9041656255722046,
            -0.5740042924880981,
            0.23106443881988525
        ]
    ],
    "lowlevel.spectralcentroid": [
        3868.012939453125
    ]
}