{
    "lowlevel.hfc.mean": [
        20.113609313964844
    ],
    "lowlevel.mfcc.mean": [
        [
            -1142.416259765625,
            107.8777847290039,
            30.061962127685547,
            3.61978816986084,
            -2.6034979820251465,
            -5.608912467956543,
            -1.5341659784317017,
            1.6062408685684204,
            1.883926272392273,
            1.7321081161499023,
            -0.7264026403427124,
            -2.4663896560668945,
            -3.3570759296417236
        ]
    ],
    "lowlevel.zerocrossingrate.mean": [
        0.32013291120529175
    ],
    "lowlevel.spectral_energyband_low.mean": [
        0.004525760654360056
    ],
    "lowlevel.spectral_energyband_middle_low.mean": [
        0.019195104017853737
    ],
    "lowlevel.spectral_energyband_middle_high.mean": [
        0.008732281625270844
    ],
    "lowlevel.spectral_energyband_high.mean": [
        3.5076286053481454e-07
    ],
    "lowlevel.pitch_salience_mean": [
        0.7702369093894958
    ],
    "lowlevel.inharmonicity.mean": [
        0.1400952786207199
    ],
    "sfx.logattacktime.mean": [
        -2.1502840518951416
    ],
    "lowlevel.lpc": [
        [
            1.0,
            -2.3601877689361572,
            1.1015229225158691,
            0.6284502744674683,
            0.043157391250133514,
            -0.2347598373889923,
            -0.23561063408851624,
            -0.20348826050758362,
            0.11559289693832397,
            0.30663105845451355,
            -0.15959866344928741
        ]
    ],
    "lowlevel.spectralcentroid": [
        836.9207153320312
    ]
}