{
    "lowlevel.hfc.mean": [
        1.6327161574736238e-05
    ],
    "lowlevel.mfcc.mean": [
        [
            -1262.2615966796875,
            2.683598279953003,
            1.1363701820373535,
            0.6442450881004333,
            0.49648600816726685,
            0.2784954011440277,
            0.1534980684518814,
            0.03411882743239403,
            -0.07859587669372559,
            -0.16405634582042694,
            -0.21597246825695038,
            -0.1825774908065796,
            -0.08304503560066223
        ]
    ],
    "lowlevel.zerocrossingrate.mean": [
        0.4828091263771057
    ],
    "lowlevel.spectral_energyband_low.mean": [
        2.2029080781749144e-08
    ],
    "lowlevel.spectral_energyband_middle_low.mean": [
        2.2370809205085607e-08
    ],
    "lowlevel.spectral_energyband_middle_high.mean": [
        2.6013238230149227e-09
    ],
    "lowlevel.spectral_energyband_high.mean": [
        5.252782098175146e-10
    ],
    "lowlevel.pitch_salience_mean": [
        0.7928146719932556
    ],
    "lowlevel.inharmonicity.mean": [
        0.1741562783718109
    ],
    "sfx.logattacktime.mean": [
        -3.8664042949676514
    ],
    "lowlevel.lpc": [
        [
            1.0,
            -0.98890620470047,
            0.004307850264012814,
            -0.051273953169584274,
            0.07734968513250351,
            -0.08744186162948608,
            0.08830789476633072,
            -0.08523539453744888,
            0.08215584605932236,
            -0.08630138635635376,
            0.05969593673944473
        ]
    ],
    "lowlevel.spectralcentroid": [
        780.0582275390625
    ]
}