{
    "lowlevel.hfc.mean": [
        130.85238647460938
    ],
    "lowlevel.mfcc.mean": [
        [
            -965.7612915039062,
            52.75057601928711,
            -124.37673950195312,
            -30.100278854370117,
            -6.505209445953369,
            1.2459372282028198,
            3.656015634536743,
            38.610469818115234,
            39.89347457885742,
            6.716888427734375,
            -33.52346420288086,
            -48.34117889404297,
            -19.033294677734375
        ]
    ],
    "lowlevel.zerocrossingrate.mean": [
        0.14840459823608398
    ],
    "lowlevel.spectral_energyband_low.mean": [
        2.8537988328025676e-07
    ],
    "lowlevel.spectral_energyband_middle_low.mean": [
        4.427622116054408e-06
    ],
    "lowlevel.spectral_energyband_middle_high.mean": [
        0.10478460788726807
    ],
    "lowlevel.spectral_energyband_high.mean": [
        5.162608431419358e-06
    ],
    "lowlevel.pitch_salience_mean": [
        0.5850184559822083
    ],
    "lowlevel.inharmonicity.mean": [
        0.03453947603702545
    ],
    "sfx.logattacktime.mean": [
        -1.424068808555603
    ],
    "lowlevel.lpc": [
        [
            1.0,
            -2.934143304824829,
            2.807374954223633,
            -0.9170534014701843,
            0.4198751449584961,
            -0.41435593366622925,
            -0.07375436276197433,
            -0.12710200250148773,
            0.43145519495010376,
            -0.21322017908096313,
            0.025729486718773842
        ]
    ],
    "lowlevel.spectralcentroid": [
        1339.625
    ]
}