{
    "lowlevel.hfc.mean": [
        2.166024684906006
    ],
    "lowlevel.mfcc.mean": [
        [
            -1257.0777587890625,
            1.7515746355056763,
            -1.2358721494674683,
            -0.7076585292816162,
            -0.13516896963119507,
            0.1326710283756256,
            -0.08413833379745483,
            0.12441778182983398,
            0.22776776552200317,
            0.14375942945480347,
            -0.026842815801501274,
            -0.3188036382198334,
            -0.23309023678302765
        ]
    ],
    "lowlevel.zerocrossingrate.mean": [
        0.48952043056488037
    ],
    "lowlevel.spectral_energyband_low.mean": [
        7.184989385677909e-07
    ],
    "lowlevel.spectral_energyband_middle_low.mean": [
        2.360628241149243e-05
    ],
    "lowlevel.spectral_energyband_middle_high.mean": [
        0.0016252099303528666
    ],
    "lowlevel.spectral_energyband_high.mean": [
        2.715003802222782e-06
    ],
    "lowlevel.pitch_salience_mean": [
        0.7903494834899902
    ],
    "lowlevel.inharmonicity.mean": [
        0.17033617198467255
    ],
    "sfx.logattacktime.mean": [
        -3.8662140369415283
    ],
    "lowlevel.lpc": [
        [
            1.0,
            -1.5680185556411743,
            0.27549389004707336,
            0.19644738733768463,
            0.1184321939945221,
            0.05807070806622505,
            0.022148244082927704,
            -0.0039458489045500755,
            -0.030282163992524147,
            -0.05458638817071915,
            0.013768358156085014
        ]
    ],
    "lowlevel.spectralcentroid": [
        1419.99853515625
    ]
}