{
    "lowlevel.hfc.mean": [
        1.8265384369442472e-06
    ],
    "lowlevel.mfcc.mean": [
        [
            -1264.3094482421875,
            0.7112013101577759,
            0.4120441675186157,
            0.20263269543647766,
            0.13272146880626678,
            0.10133587568998337,
            0.0544852614402771,
            0.020310919731855392,
            0.017638804391026497,
            0.031399864703416824,
            0.04489639773964882,
            0.05061567202210426,
            0.04755513742566109
        ]
    ],
    "lowlevel.zerocrossingrate.mean": [
        0.49498215317726135
    ],
    "lowlevel.spectral_energyband_low.mean": [
        6.096715132741792e-09
    ],
    "lowlevel.spectral_energyband_middle_low.mean": [
        1.902309865187135e-09
    ],
    "lowlevel.spectral_energyband_middle_high.mean": [
        2.3119589576126032e-10
    ],
    "lowlevel.spectral_energyband_high.mean": [
        5.6778991230910236e-11
    ],
    "lowlevel.pitch_salience_mean": [
        0.7896696925163269
    ],
    "lowlevel.inharmonicity.mean": [
        0.16569459438323975
    ],
    "sfx.logattacktime.mean": [
        -5.0
    ],
    "lowlevel.lpc": [
        [
            1.0,
            -0.9902405142784119,
            -0.0030726203694939613,
            0.006040583364665508,
            0.007146473508328199,
            -0.06280910223722458,
            0.03390185534954071,
            -0.014665665104985237,
            0.008480776101350784,
            0.02599051035940647,
            -0.0038744399789720774
        ]
    ],
    "lowlevel.spectralcentroid": [
        763.658447265625
    ]
}