{
    "lowlevel.hfc.mean": [
        30.054197311401367
    ],
    "lowlevel.mfcc.mean": [
        [
            -959.4201049804688,
            79.78180694580078,
            -46.491455078125,
            8.6333646774292,
            -20.236873626708984,
            -25.209753036499023,
            -12.66987133026123,
            -11.676244735717773,
            -14.008458137512207,
            -2.5987708568573,
            -0.06449434906244278,
            0.7928451895713806,
            7.165616989135742
        ]
    ],
    "lowlevel.zerocrossingrate.mean": [
        0.2679855525493622
    ],
    "lowlevel.spectral_energyband_low.mean": [
        7.7495369623648e-06
    ],
    "lowlevel.spectral_energyband_middle_low.mean": [
        0.0355474017560482
    ],
    "lowlevel.spectral_energyband_middle_high.mean": [
        0.006807118188589811
    ],
    "lowlevel.spectral_energyband_high.mean": [
        5.051958578405902e-05
    ],
    "lowlevel.pitch_salience_mean": [
        0.6683425307273865
    ],
    "lowlevel.inharmonicity.mean": [
        0.09529777616262436
    ],
    "sfx.logattacktime.mean": [
        -0.04430462419986725
    ],
    "lowlevel.lpc": [
        [
            1.0,
            -3.1293909549713135,
            3.980663537979126,
            -3.1482255458831787,
            2.657844066619873,
            -2.505948066711426,
            2.053309202194214,
            -1.8049547672271729,
            1.5042448043823242,
            -0.7956651449203491,
            0.192467600107193
        ]
    ],
    "lowlevel.spectralcentroid": [
        964.8248901367188
    ]
}