{
    "lowlevel.hfc.mean": [
        2.6131749153137207
    ],
    "lowlevel.mfcc.mean": [
        [
            -947.3138427734375,
            65.43939971923828,
            -67.4125747680664,
            0.4232427775859833,
            -1.0861759185791016,
            -8.983234405517578,
            -22.213611602783203,
            -7.529713153839111,
            -15.019647598266602,
            -1.4558786153793335,
            -0.9060801863670349,
            -16.50394630432129,
            4.048312664031982
        ]
    ],
    "lowlevel.zerocrossingrate.mean": [
        0.1958063840866089
    ],
    "lowlevel.spectral_energyband_low.mean": [
        1.2942540479343734e-06
    ],
    "lowlevel.spectral_energyband_middle_low.mean": [
        0.0014849408762529492
    ],
    "lowlevel.spectral_energyband_middle_high.mean": [
        0.0010001476621255279
    ],
    "lowlevel.spectral_energyband_high.mean": [
        9.177226274914574e-06
    ],
    "lowlevel.pitch_salience_mean": [
        0.7053439617156982
    ],
    "lowlevel.inharmonicity.mean": [
        0.06604388356208801
    ],
    "sfx.logattacktime.mean": [
        -0.3924355208873749
    ],
    "lowlevel.lpc": [
        [
            1.0,
            -3.46028733253479,
            5.579038143157959,
            -6.174722671508789,
            5.819246768951416,
            -5.0312604904174805,
            4.1282243728637695,
            -3.3607864379882812,
            2.4977097511291504,
            -1.3208446502685547,
            0.33126577734947205
        ]
    ],
    "lowlevel.spectralcentroid": [
        1365.34228515625
    ]
}