{
    "lowlevel.hfc.mean": [
        3.8294809201033786e-05
    ],
    "lowlevel.mfcc.mean": [
        [
            -1263.768798828125,
            0.7302445769309998,
            0.1908176839351654,
            0.15232619643211365,
            0.10718043893575668,
            0.10670050233602524,
            0.07134536653757095,
            0.06919703632593155,
            0.06350621581077576,
            0.05647535249590874,
            0.027072235941886902,
            0.006241355556994677,
            -0.0048146434128284454
        ]
    ],
    "lowlevel.zerocrossingrate.mean": [
        0.49640098214149475
    ],
    "lowlevel.spectral_energyband_low.mean": [
        1.372016384948438e-07
    ],
    "lowlevel.spectral_energyband_middle_low.mean": [
        3.723955543932789e-08
    ],
    "lowlevel.spectral_energyband_middle_high.mean": [
        5.366642685800116e-09
    ],
    "lowlevel.spectral_energyband_high.mean": [
        1.1665773902436172e-09
    ],
    "lowlevel.pitch_salience_mean": [
        0.7896121740341187
    ],
    "lowlevel.inharmonicity.mean": [
        0.17172935605049133
    ],
    "sfx.logattacktime.mean": [
        -5.0
    ],
    "lowlevel.lpc": [
        [
            1.0,
            -1.0496327877044678,
            0.08136779814958572,
            -0.0808282122015953,
            0.08578566461801529,
            -0.0721493735909462,
            0.07330784201622009,
            -0.06653013825416565,
            0.06128714233636856,
            -0.046069227159023285,
            0.020229754969477654
        ]
    ],
    "lowlevel.spectralcentroid": [
        516.8666381835938
    ]
}