{
    "lowlevel.hfc.mean": [
        1.1661148071289062
    ],
    "lowlevel.mfcc.mean": [
        [
            -1108.0115966796875,
            77.68659973144531,
            -47.130001068115234,
            -5.399091720581055,
            3.1505818367004395,
            -5.044511795043945,
            -0.5416285991668701,
            -9.675434112548828,
            -12.681633949279785,
            -4.699188709259033,
            -1.0990177392959595,
            -1.5265672206878662,
            5.522999286651611
        ]
    ],
    "lowlevel.zerocrossingrate.mean": [
        0.2830934524536133
    ],
    "lowlevel.spectral_energyband_low.mean": [
        7.65337699704105e-06
    ],
    "lowlevel.spectral_energyband_middle_low.mean": [
        0.0008489613537676632
    ],
    "lowlevel.spectral_energyband_middle_high.mean": [
        0.000561808526981622
    ],
    "lowlevel.spectral_energyband_high.mean": [
        6.257137101783883e-07
    ],
    "lowlevel.pitch_salience_mean": [
        0.6217530369758606
    ],
    "lowlevel.inharmonicity.mean": [
        0.10409407317638397
    ],
    "sfx.logattacktime.mean": [
        -1.1778675317764282
    ],
    "lowlevel.lpc": [
        [
            1.0,
            -2.8205130100250244,
            2.235508680343628,
            0.22358983755111694,
            -0.4454377293586731,
            -0.47462034225463867,
            0.06614432483911514,
            0.20013360679149628,
            0.18617835640907288,
            -0.1931147426366806,
            0.024083243682980537
        ]
    ],
    "lowlevel.spectralcentroid": [
        1044.7352294921875
    ]
}