{
    "lowlevel.hfc.mean": [
        2.674711936379026e-07
    ],
    "lowlevel.mfcc.mean": [
        [
            -1264.9100341796875,
            3.0517578125e-05,
            -6.866455078125e-05,
            3.0517578125e-05,
            -8.0108642578125e-05,
            6.866455078125e-05,
            -3.0517578125e-05,
            -6.866455078125e-05,
            -4.9591064453125e-05,
            -1.9073486328125e-05,
            -2.288818359375e-05,
            -1.9073486328125e-05,
            -4.1961669921875e-05
        ]
    ],
    "lowlevel.zerocrossingrate.mean": [
        0.48650771379470825
    ],
    "lowlevel.spectral_energyband_low.mean": [
        7.9937511493307e-16
    ],
    "lowlevel.spectral_energyband_middle_low.mean": [
        2.8813712466745035e-15
    ],
    "lowlevel.spectral_energyband_middle_high.mean": [
        1.508561613301762e-14
    ],
    "lowlevel.spectral_energyband_high.mean": [
        1.3789827786603315e-11
    ],
    "lowlevel.pitch_salience_mean": [
        0.7970833778381348
    ],
    "lowlevel.inharmonicity.mean": [
        0.1948493868112564
    ],
    "sfx.logattacktime.mean": [
        -2.963195323944092
    ],
    "lowlevel.lpc": [
        [
            0.0,
            0.0,
            0.0,
            0.0,
            0.0,
            0.0,
            0.0,
            0.0,
            0.0,
            0.0,
            0.0
        ]
    ],
    "lowlevel.spectralcentroid": [
        13555.4267578125
    ]
}