{
    "lowlevel.hfc.mean": [
        81.49427795410156
    ],
    "lowlevel.mfcc.mean": [
        [
            -1086.5238037109375,
            -58.847572326660156,
            -11.833919525146484,
            -4.605747222900391,
            -16.083208084106445,
            10.417234420776367,
            13.562655448913574,
            37.580265045166016,
            7.922343730926514,
            -0.6756240725517273,
            -13.953937530517578,
            -12.46933364868164,
            7.870774745941162
        ]
    ],
    "lowlevel.zerocrossingrate.mean": [
        0.37037256360054016
    ],
    "lowlevel.spectral_energyband_low.mean": [
        1.8134253423340851e-06
    ],
    "lowlevel.spectral_energyband_middle_low.mean": [
        6.131108420959208e-07
    ],
    "lowlevel.spectral_energyband_middle_high.mean": [
        0.005575988907366991
    ],
    "lowlevel.spectral_energyband_high.mean": [
        0.00766241829842329
    ],
    "lowlevel.pitch_salience_mean": [
        0.7779914736747742
    ],
    "lowlevel.inharmonicity.mean": [
        0.1266520768404007
    ],
    "sfx.logattacktime.mean": [
        -2.6901960372924805
    ],
    "lowlevel.lpc": [
        [
            1.0,
            -0.9743386507034302,
            0.6995831727981567,
            -0.6222586035728455,
            0.77255779504776,
            -0.6229524612426758,
            0.4327954053878784,
            -0.5141263008117676,
            0.6378429532051086,
            -0.1876266598701477,
            -0.06486055254936218
        ]
    ],
    "lowlevel.spectralcentroid": [
        6626.87060546875
    ]
}