{
    "lowlevel.hfc.mean": [
        3.1775476932525635
    ],
    "lowlevel.mfcc.mean": [
        [
            -1157.4664306640625,
            83.11880493164062,
            3.288984775543213,
            -17.355932235717773,
            -21.164371490478516,
            -23.06133460998535,
            -17.585187911987305,
            -11.591341972351074,
            -3.76367449760437,
            2.7309625148773193,
            -0.7435368299484253,
            -2.22856068611145,
            -0.7384052872657776
        ]
    ],
    "lowlevel.zerocrossingrate.mean": [
        0.2920018434524536
    ],
    "lowlevel.spectral_energyband_low.mean": [
        8.859687028461849e-08
    ],
    "lowlevel.spectral_energyband_middle_low.mean": [
        0.006188655737787485
    ],
    "lowlevel.spectral_energyband_middle_high.mean": [
        7.32850021449849e-05
    ],
    "lowlevel.spectral_energyband_high.mean": [
        7.408332436398268e-08
    ],
    "lowlevel.pitch_salience_mean": [
        0.6925783753395081
    ],
    "lowlevel.inharmonicity.mean": [
        0.13929015398025513
    ],
    "sfx.logattacktime.mean": [
        -1.5623716115951538
    ],
    "lowlevel.lpc": [
        [
            1.0,
            -1.5989787578582764,
            0.24931874871253967,
            0.1651773601770401,
            0.11680544167757034,
            0.055141523480415344,
            0.07154344022274017,
            0.0126682473346591,
            0.001527673564851284,
            -0.010320402681827545,
            -0.06075727567076683
        ]
    ],
    "lowlevel.spectralcentroid": [
        519.65771484375
    ]
}