{
    "lowlevel.hfc.mean": [
        1.206958532333374
    ],
    "lowlevel.mfcc.mean": [
        [
            -992.9187622070312,
            73.08277893066406,
            -49.49930953979492,
            -4.182559490203857,
            -2.793583631515503,
            -14.444717407226562,
            -31.041479110717773,
            -4.82896089553833,
            8.30770206451416,
            15.574459075927734,
            -0.5889953970909119,
            -4.27478551864624,
            5.826522350311279
        ]
    ],
    "lowlevel.zerocrossingrate.mean": [
        0.2081284523010254
    ],
    "lowlevel.spectral_energyband_low.mean": [
        1.5632365375495283e-06
    ],
    "lowlevel.spectral_energyband_middle_low.mean": [
        0.0007201368571259081
    ],
    "lowlevel.spectral_energyband_middle_high.mean": [
        0.00042096557444892824
    ],
    "lowlevel.spectral_energyband_high.mean": [
        3.0366925329872174e-06
    ],
    "lowlevel.pitch_salience_mean": [
        0.6048656105995178
    ],
    "lowlevel.inharmonicity.mean": [
        0.07124857604503632
    ],
    "sfx.logattacktime.mean": [
        -1.2382392883300781
    ],
    "lowlevel.lpc": [
        [
            1.0,
            -3.2144534587860107,
            4.645831108093262,
            -4.408900737762451,
            3.322272777557373,
            -2.145394802093506,
            1.3432033061981201,
            -0.9208323955535889,
            0.7073081731796265,
            -0.45291054248809814,
            0.13010066747665405
        ]
    ],
    "lowlevel.spectralcentroid": [
        1326.2529296875
    ]
}