{
    "lowlevel.hfc.mean": [
        1.1069971606048057e-06
    ],
    "lowlevel.mfcc.mean": [
        [
            -1264.41357421875,
            0.6296032667160034,
            0.44914740324020386,
            0.2706025242805481,
            0.16566520929336548,
            0.13211339712142944,
            0.1235562190413475,
            0.10487242043018341,
            0.07075944542884827,
            0.030441194772720337,
            -0.00917841587215662,
            -0.04392540082335472,
            -0.06718992441892624
        ]
    ],
    "lowlevel.zerocrossingrate.mean": [
        0.4930213987827301
    ],
    "lowlevel.spectral_energyband_low.mean": [
        4.305321432696019e-09
    ],
    "lowlevel.spectral_energyband_middle_low.mean": [
        1.9530532746614426e-09
    ],
    "lowlevel.spectral_energyband_middle_high.mean": [
        9.9401174791236e-11
    ],
    "lowlevel.spectral_energyband_high.mean": [
        2.2864231341568342e-11
    ],
    "lowlevel.pitch_salience_mean": [
        0.7899816036224365
    ],
    "lowlevel.inharmonicity.mean": [
        0.17065973579883575
    ],
    "sfx.logattacktime.mean": [
        -2.873619556427002
    ],
    "lowlevel.lpc": [
        [
            1.0,
            -1.0003238916397095,
            -0.03521634265780449,
            0.0014236957067623734,
            0.027948329225182533,
            -0.04262721166014671,
            0.029261808842420578,
            -0.04011252522468567,
            0.05814111605286598,
            -0.033685144037008286,
            0.04005474969744682
        ]
    ],
    "lowlevel.spectralcentroid": [
        538.6719360351562
    ]
}