{
    "lowlevel.hfc.mean": [
        44.689170837402344
    ],
    "lowlevel.mfcc.mean": [
        [
            -985.9688110351562,
            2.679786443710327,
            -110.94693756103516,
            -4.336294651031494,
            -26.050046920776367,
            -13.656221389770508,
            -19.567358016967773,
            -7.275685787200928,
            -7.319227695465088,
            3.098271369934082,
            19.350656509399414,
            28.101831436157227,
            24.872024536132812
        ]
    ],
    "lowlevel.zerocrossingrate.mean": [
        0.25555458664894104
    ],
    "lowlevel.spectral_energyband_low.mean": [
        1.7671310104105942e-07
    ],
    "lowlevel.spectral_energyband_middle_low.mean": [
        0.002967320615425706
    ],
    "lowlevel.spectral_energyband_middle_high.mean": [
        0.02581249736249447
    ],
    "lowlevel.spectral_energyband_high.mean": [
        0.00019946687098126858
    ],
    "lowlevel.pitch_salience_mean": [
        0.8313470482826233
    ],
    "lowlevel.inharmonicity.mean": [
        0.07335228472948074
    ],
    "sfx.logattacktime.mean": [
        -1.6680893898010254
    ],
    "lowlevel.lpc": [
        [
            1.0,
            -4.1040778160095215,
            7.402119159698486,
            -7.862676620483398,
            5.864387035369873,
            -3.634121894836426,
            1.826306700706482,
            -0.38485509157180786,
            -0.2676721513271332,
            0.2017650455236435,
            -0.03405112028121948
        ]
    ],
    "lowlevel.spectralcentroid": [
        1706.3697509765625
    ]
}