{
    "lowlevel.hfc.mean": [
        0.05484228581190109
    ],
    "lowlevel.mfcc.mean": [
        [
            -1162.785400390625,
            58.937599182128906,
            -1.2529228925704956,
            -7.646501064300537,
            1.7192655801773071,
            -0.12528015673160553,
            -9.026731491088867,
            -5.630187034606934,
            -0.48058798909187317,
            -1.6821995973587036,
            -4.401379585266113,
            -2.222949743270874,
            0.3438829183578491
        ]
    ],
    "lowlevel.zerocrossingrate.mean": [
        0.3016252815723419
    ],
    "lowlevel.spectral_energyband_low.mean": [
        1.0287395525665488e-05
    ],
    "lowlevel.spectral_energyband_middle_low.mean": [
        9.412818326381966e-05
    ],
    "lowlevel.spectral_energyband_middle_high.mean": [
        1.0842038136615884e-05
    ],
    "lowlevel.spectral_energyband_high.mean": [
        2.138234975745945e-07
    ],
    "lowlevel.pitch_salience_mean": [
        0.7659292221069336
    ],
    "lowlevel.inharmonicity.mean": [
        0.14516980946063995
    ],
    "sfx.logattacktime.mean": [
        -1.7956337928771973
    ],
    "lowlevel.lpc": [
        [
            1.0,
            -1.5834354162216187,
            0.7262846231460571,
            -0.6725467443466187,
            0.7591047286987305,
            -0.5065475106239319,
            0.5662345886230469,
            -0.3958280682563782,
            0.32263287901878357,
            -0.3025336265563965,
            0.09633288532495499
        ]
    ],
    "lowlevel.spectralcentroid": [
        687.3819580078125
    ]
}