{
    "lowlevel.hfc.mean": [
        0.0003002685552928597
    ],
    "lowlevel.mfcc.mean": [
        [
            -1254.720458984375,
            5.044063568115234,
            -1.147560715675354,
            -1.476323127746582,
            -0.4164210259914398,
            0.420896977186203,
            -0.829208493232727,
            0.17264175415039062,
            0.8339753746986389,
            -0.5475997924804688,
            0.7664837837219238,
            0.14159534871578217,
            -0.18315500020980835
        ]
    ],
    "lowlevel.zerocrossingrate.mean": [
        0.45844727754592896
    ],
    "lowlevel.spectral_energyband_low.mean": [
        2.860821357586474e-09
    ],
    "lowlevel.spectral_energyband_middle_low.mean": [
        2.954150879475037e-08
    ],
    "lowlevel.spectral_energyband_middle_high.mean": [
        5.5002665533265827e-08
    ],
    "lowlevel.spectral_energyband_high.mean": [
        1.791185511024196e-08
    ],
    "lowlevel.pitch_salience_mean": [
        0.8041251301765442
    ],
    "lowlevel.inharmonicity.mean": [
        0.145430326461792
    ],
    "sfx.logattacktime.mean": [
        -2.5580801963806152
    ],
    "lowlevel.lpc": [
        [
            1.0,
            -0.76824551820755,
            0.11744916439056396,
            -0.5454425811767578,
            0.491340309381485,
            -0.23689021170139313,
            0.1612686961889267,
            -0.2669869661331177,
            0.14218100905418396,
            0.10252800583839417,
            0.0027208486571907997
        ]
    ],
    "lowlevel.spectralcentroid": [
        3570.37451171875
    ]
}