{
    "lowlevel.hfc.mean": [
        3.9288519815272593e-07
    ],
    "lowlevel.mfcc.mean": [
        [
            -1264.08544921875,
            1.1364922523498535,
            1.043029546737671,
            0.902323305606842,
            0.732897937297821,
            0.5560302138328552,
            0.38999050855636597,
            0.248740091919899,
            0.13921897113323212,
            0.06175162270665169,
            0.011673969216644764,
            -0.018140742555260658,
            -0.03494942560791969
        ]
    ],
    "lowlevel.zerocrossingrate.mean": [
        0.4731360375881195
    ],
    "lowlevel.spectral_energyband_low.mean": [
        1.1151651824192754e-09
    ],
    "lowlevel.spectral_energyband_middle_low.mean": [
        5.405945135983359e-10
    ],
    "lowlevel.spectral_energyband_middle_high.mean": [
        3.8600383306386377e-11
    ],
    "lowlevel.spectral_energyband_high.mean": [
        1.2288853094843954e-11
    ],
    "lowlevel.pitch_salience_mean": [
        0.7901912927627563
    ],
    "lowlevel.inharmonicity.mean": [
        0.16521413624286652
    ],
    "sfx.logattacktime.mean": [
        -3.8664042949676514
    ],
    "lowlevel.lpc": [
        [
            1.0,
            -0.9006412625312805,
            -0.01370228547602892,
            -0.1567610502243042,
            0.10840566456317902,
            -0.07400573045015335,
            0.028061818331480026,
            0.02818521112203598,
            -0.005101160611957312,
            -0.03623562306165695,
            0.02866879291832447
        ]
    ],
    "lowlevel.spectralcentroid": [
        854.389404296875
    ]
}