{
    "lowlevel.hfc.mean": [
        2.87565279006958
    ],
    "lowlevel.mfcc.mean": [
        [
            -1131.1292724609375,
            107.88214874267578,
            13.821930885314941,
            -14.256609916687012,
            -22.300447463989258,
            -17.262248992919922,
            -11.957907676696777,
            -22.10745620727539,
            -14.19794750213623,
            4.257511138916016,
            0.8211496472358704,
            -1.2171818017959595,
            1.8322782516479492
        ]
    ],
    "lowlevel.zerocrossingrate.mean": [
        0.23983101546764374
    ],
    "lowlevel.spectral_energyband_low.mean": [
        3.007219504524983e-07
    ],
    "lowlevel.spectral_energyband_middle_low.mean": [
        0.005876516457647085
    ],
    "lowlevel.spectral_energyband_middle_high.mean": [
        1.4267719961935654e-05
    ],
    "lowlevel.spectral_energyband_high.mean": [
        8.078682611767363e-08
    ],
    "lowlevel.pitch_salience_mean": [
        0.6241020560264587
    ],
    "lowlevel.inharmonicity.mean": [
        0.09187664836645126
    ],
    "sfx.logattacktime.mean": [
        -1.3352344036102295
    ],
    "lowlevel.lpc": [
        [
            1.0,
            -1.525152564048767,
            0.17920617759227753,
            0.16982324421405792,
            0.10039293766021729,
            0.06428501009941101,
            0.03715570271015167,
            0.006021413952112198,
            0.027673248201608658,
            0.01734200119972229,
            -0.07257230579853058
        ]
    ],
    "lowlevel.spectralcentroid": [
        498.5472412109375
    ]
}