{
    "lowlevel.hfc.mean": [
        0.1857205480337143
    ],
    "lowlevel.mfcc.mean": [
        [
            -1223.804443359375,
            7.054931163787842,
            1.8856134414672852,
            0.04427732899785042,
            -1.8625688552856445,
            -1.2237725257873535,
            -1.717431664466858,
            -1.8699827194213867,
            -2.005826711654663,
            -2.2440502643585205,
            -1.807041049003601,
            -1.6384453773498535,
            -1.3512636423110962
        ]
    ],
    "lowlevel.zerocrossingrate.mean": [
        0.4607987701892853
    ],
    "lowlevel.spectral_energyband_low.mean": [
        6.095019671192858e-06
    ],
    "lowlevel.spectral_energyband_middle_low.mean": [
        0.00021012808429077268
    ],
    "lowlevel.spectral_energyband_middle_high.mean": [
        1.7791748177842237e-05
    ],
    "lowlevel.spectral_energyband_high.mean": [
        1.1702789379341993e-05
    ],
    "lowlevel.pitch_salience_mean": [
        0.7787331938743591
    ],
    "lowlevel.inharmonicity.mean": [
        0.15934285521507263
    ],
    "sfx.logattacktime.mean": [
        -1.9480822086334229
    ],
    "lowlevel.lpc": [
        [
            1.0,
            -1.673873782157898,
            1.8172093629837036,
            -2.094468593597412,
            1.9603638648986816,
            -1.8747758865356445,
            1.6378538608551025,
            -1.4085441827774048,
            0.9986037611961365,
            -0.6532607674598694,
            0.3143831491470337
        ]
    ],
    "lowlevel.spectralcentroid": [
        1853.704345703125
    ]
}