{
    "lowlevel.hfc.mean": [
        1.1858818603584828e-16
    ],
    "lowlevel.mfcc.mean": [
        [
            -1264.9080810546875,
            3.0517578125e-05,
            -6.866455078125e-05,
            3.0517578125e-05,
            -8.0108642578125e-05,
            6.866455078125e-05,
            -3.0517578125e-05,
            -6.866455078125e-05,
            -4.9591064453125e-05,
            -1.9073486328125e-05,
            -2.288818359375e-05,
            -1.9073486328125e-05,
            -4.1961669921875e-05
        ]
    ],
    "lowlevel.zerocrossingrate.mean": [
        0.5000571012496948
    ],
    "lowlevel.spectral_energyband_low.mean": [
        7.395897259317385e-23
    ],
    "lowlevel.spectral_energyband_middle_low.mean": [
        3.3538998200565215e-22
    ],
    "lowlevel.spectral_energyband_middle_high.mean": [
        1.5721946849085852e-21
    ],
    "lowlevel.spectral_energyband_high.mean": [
        7.815573204648234e-21
    ],
    "lowlevel.pitch_salience_mean": [
        0.7911878228187561
    ],
    "lowlevel.inharmonicity.mean": [
        0.1728322058916092
    ],
    "sfx.logattacktime.mean": [
        -5.0
    ],
    "lowlevel.lpc": [
        [
            0.0,
            0.0,
            0.0,
            0.0,
            0.0,
            0.0,
            0.0,
            0.0,
            0.0,
            0.0,
            0.0
        ]
    ],
    "lowlevel.spectralcentroid": [
        0.0
    ]
}