{
    "lowlevel.hfc.mean": [
        2.866054558126052e-07
    ],
    "lowlevel.mfcc.mean": [
        [
            -1264.9100341796875,
            3.0517578125e-05,
            -6.866455078125e-05,
            3.0517578125e-05,
            -8.0108642578125e-05,
            6.866455078125e-05,
            -3.0517578125e-05,
            -6.866455078125e-05,
            -4.9591064453125e-05,
            -1.9073486328125e-05,
            -2.288818359375e-05,
            -1.9073486328125e-05,
            -4.1961669921875e-05
        ]
    ],
    "lowlevel.zerocrossingrate.mean": [
        0.4877648949623108
    ],
    "lowlevel.spectral_energyband_low.mean": [
        1.4775117571476717e-15
    ],
    "lowlevel.spectral_energyband_middle_low.mean": [
        7.092654947789354e-15
    ],
    "lowlevel.spectral_energyband_middle_high.mean": [
        3.473802056555217e-14
    ],
    "lowlevel.spectral_energyband_high.mean": [
        1.5995111485311853e-11
    ],
    "lowlevel.pitch_salience_mean": [
        0.7968255281448364
    ],
    "lowlevel.inharmonicity.mean": [
        0.19381044805049896
    ],
    "sfx.logattacktime.mean": [
        -3.3891561031341553
    ],
    "lowlevel.lpc": [
        [
            0.0,
            0.0,
            0.0,
            0.0,
            0.0,
            0.0,
            0.0,
            0.0,
            0.0,
            0.0,
            0.0
        ]
    ],
    "lowlevel.spectralcentroid": [
        13304.3125
    ]
}