{
    "lowlevel.hfc.mean": [
        58.09858703613281
    ],
    "lowlevel.mfcc.mean": [
        [
            -1110.08203125,
            -61.314666748046875,
            2.8036117553710938,
            -9.846040725708008,
            8.335036277770996,
            23.999197006225586,
            27.23688316345215,
            9.053680419921875,
            -14.922429084777832,
            -8.829838752746582,
            5.041035175323486,
            32.2469367980957,
            3.9665842056274414
        ]
    ],
    "lowlevel.zerocrossingrate.mean": [
        0.40284886956214905
    ],
    "lowlevel.spectral_energyband_low.mean": [
        2.3484292341890978e-06
    ],
    "lowlevel.spectral_energyband_middle_low.mean": [
        4.768772399188492e-08
    ],
    "lowlevel.spectral_energyband_middle_high.mean": [
        0.0021165860816836357
    ],
    "lowlevel.spectral_energyband_high.mean": [
        0.005555132403969765
    ],
    "lowlevel.pitch_salience_mean": [
        0.7946380972862244
    ],
    "lowlevel.inharmonicity.mean": [
        0.1587841957807541
    ],
    "sfx.logattacktime.mean": [
        -2.9454686641693115
    ],
    "lowlevel.lpc": [
        [
            1.0,
            -0.7861570715904236,
            0.47417116165161133,
            -0.12419889867305756,
            0.4867236018180847,
            -0.7382498979568481,
            0.5370610952377319,
            -0.0740213692188263,
            -0.02200258895754814,
            -0.0391368493437767,
            0.010509740561246872
        ]
    ],
    "lowlevel.spectralcentroid": [
        7624.16015625
    ]
}