{
    "lowlevel.hfc.mean": [
        1.4329286557313026e-07
    ],
    "lowlevel.mfcc.mean": [
        [
            -1264.677490234375,
            0.3224250078201294,
            0.2937142848968506,
            0.2514820992946625,
            0.2020338624715805,
            0.1529720574617386,
            0.10984664410352707,
            0.07683845609426498,
            0.05515830218791962,
            0.043528806418180466,
            0.038972556591033936,
            0.037916574627161026,
            0.03701046109199524
        ]
    ],
    "lowlevel.zerocrossingrate.mean": [
        0.4936749041080475
    ],
    "lowlevel.spectral_energyband_low.mean": [
        7.105566690590592e-10
    ],
    "lowlevel.spectral_energyband_middle_low.mean": [
        1.310837827173117e-10
    ],
    "lowlevel.spectral_energyband_middle_high.mean": [
        1.556290166182528e-11
    ],
    "lowlevel.spectral_energyband_high.mean": [
        4.2244081496778385e-12
    ],
    "lowlevel.pitch_salience_mean": [
        0.7883922457695007
    ],
    "lowlevel.inharmonicity.mean": [
        0.1694675087928772
    ],
    "sfx.logattacktime.mean": [
        -5.0
    ],
    "lowlevel.lpc": [
        [
            1.0,
            -0.9552606344223022,
            0.0007191183976829052,
            -0.09176439791917801,
            0.10762934386730194,
            -0.07992874085903168,
            -0.03786350041627884,
            0.035570260137319565,
            -0.001655366038903594,
            0.003650680184364319,
            0.023614995181560516
        ]
    ],
    "lowlevel.spectralcentroid": [
        651.5590209960938
    ]
}