{
    "lowlevel.hfc.mean": [
        1.188768744468689
    ],
    "lowlevel.mfcc.mean": [
        [
            -1033.480712890625,
            133.49188232421875,
            -1.971318244934082,
            20.265722274780273,
            14.755692481994629,
            -1.3214491605758667,
            2.2558023929595947,
            8.67266845703125,
            3.5022025108337402,
            0.4184800088405609,
            5.1293206214904785,
            0.2475576400756836,
            -9.997926712036133
        ]
    ],
    "lowlevel.zerocrossingrate.mean": [
        0.23171298205852509
    ],
    "lowlevel.spectral_energyband_low.mean": [
        0.003179410006850958
    ],
    "lowlevel.spectral_energyband_middle_low.mean": [
        0.00337309786118567
    ],
    "lowlevel.spectral_energyband_middle_high.mean": [
        0.0001155423087766394
    ],
    "lowlevel.spectral_energyband_high.mean": [
        3.051073065307719e-07
    ],
    "lowlevel.pitch_salience_mean": [
        0.6882127523422241
    ],
    "lowlevel.inharmonicity.mean": [
        0.08835858851671219
    ],
    "sfx.logattacktime.mean": [
        -0.5946393013000488
    ],
    "lowlevel.lpc": [
        [
            1.0,
            -2.662304162979126,
            2.680206775665283,
            -1.6539205312728882,
            0.9533265233039856,
            -0.20422346889972687,
            -0.18594840168952942,
            0.1392313539981842,
            -0.10226459801197052,
            -0.03238783776760101,
            0.06899618357419968
        ]
    ],
    "lowlevel.spectralcentroid": [
        269.9550476074219
    ]
}