{
    "lowlevel.hfc.mean": [
        46.04710006713867
    ],
    "lowlevel.mfcc.mean": [
        [
            -1077.368408203125,
            -43.18740463256836,
            -29.04450035095215,
            9.432766914367676,
            -12.009636878967285,
            -9.817819595336914,
            3.1533751487731934,
            -2.3083910942077637,
            19.07325553894043,
            26.472410202026367,
            11.993661880493164,
            18.947660446166992,
            -1.27311110496521
        ]
    ],
    "lowlevel.zerocrossingrate.mean": [
        0.3517729640007019
    ],
    "lowlevel.spectral_energyband_low.mean": [
        2.605188683446613e-06
    ],
    "lowlevel.spectral_energyband_middle_low.mean": [
        0.0008783143712207675
    ],
    "lowlevel.spectral_energyband_middle_high.mean": [
        0.00536474259570241
    ],
    "lowlevel.spectral_energyband_high.mean": [
        0.0035456358455121517
    ],
    "lowlevel.pitch_salience_mean": [
        0.7871354818344116
    ],
    "lowlevel.inharmonicity.mean": [
        0.14045876264572144
    ],
    "sfx.logattacktime.mean": [
        -2.517333745956421
    ],
    "lowlevel.lpc": [
        [
            1.0,
            -1.3675503730773926,
            1.288657546043396,
            -1.0881510972976685,
            0.7658326029777527,
            -0.4636552631855011,
            0.3829922080039978,
            -0.1727912873029709,
            0.1693042516708374,
            -0.15362782776355743,
            -0.024190198630094528
        ]
    ],
    "lowlevel.spectralcentroid": [
        5349.85986328125
    ]
}