{
    "lowlevel.hfc.mean": [
        0.00010197758092544973
    ],
    "lowlevel.mfcc.mean": [
        [
            -1258.5318603515625,
            2.6715662479400635,
            -1.5456516742706299,
            -0.173892080783844,
            -0.03538127616047859,
            0.04111618548631668,
            0.2351674884557724,
            -0.20736390352249146,
            0.028152547776699066,
            0.07384125888347626,
            -0.07370392978191376,
            0.08854683488607407,
            -0.14856837689876556
        ]
    ],
    "lowlevel.zerocrossingrate.mean": [
        0.4680383503437042
    ],
    "lowlevel.spectral_energyband_low.mean": [
        1.018930606555557e-09
    ],
    "lowlevel.spectral_energyband_middle_low.mean": [
        5.904368105547064e-09
    ],
    "lowlevel.spectral_energyband_middle_high.mean": [
        2.491578676711015e-08
    ],
    "lowlevel.spectral_energyband_high.mean": [
        5.714863249295377e-09
    ],
    "lowlevel.pitch_salience_mean": [
        0.8016040921211243
    ],
    "lowlevel.inharmonicity.mean": [
        0.1714928150177002
    ],
    "sfx.logattacktime.mean": [
        -5.0
    ],
    "lowlevel.lpc": [
        [
            1.0,
            -0.94379061460495,
            0.04880848899483681,
            -0.056483615189790726,
            0.13267213106155396,
            0.015325754880905151,
            -0.03453148528933525,
            0.10570719838142395,
            -0.03780481964349747,
            -0.1260649710893631,
            0.1116517037153244
        ]
    ],
    "lowlevel.spectralcentroid": [
        3712.434814453125
    ]
}