{
    "lowlevel.hfc.mean": [
        0.05811452493071556
    ],
    "lowlevel.mfcc.mean": [
        [
            -1113.3455810546875,
            138.03330993652344,
            42.40985107421875,
            12.944662094116211,
            25.004270553588867,
            24.152912139892578,
            6.358098983764648,
            3.808605194091797,
            5.307462215423584,
            2.160825252532959,
            -8.217406272888184,
            -9.471673011779785,
            -5.02620792388916
        ]
    ],
    "lowlevel.zerocrossingrate.mean": [
        0.08456096053123474
    ],
    "lowlevel.spectral_energyband_low.mean": [
        0.00030747291748411953
    ],
    "lowlevel.spectral_energyband_middle_low.mean": [
        0.00015081472520250827
    ],
    "lowlevel.spectral_energyband_middle_high.mean": [
        3.6098697364650434e-06
    ],
    "lowlevel.spectral_energyband_high.mean": [
        4.8489361859083147e-08
    ],
    "lowlevel.pitch_salience_mean": [
        0.32064130902290344
    ],
    "lowlevel.inharmonicity.mean": [
        0.04097630828619003
    ],
    "sfx.logattacktime.mean": [
        -2.0412940979003906
    ],
    "lowlevel.lpc": [
        [
            1.0,
            -1.3813077211380005,
            0.2804599106311798,
            -0.28804948925971985,
            0.3914123475551605,
            -0.23822368681430817,
            0.36607491970062256,
            -0.29100528359413147,
            0.4422858953475952,
            -0.26898613572120667,
            -0.011336414143443108
        ]
    ],
    "lowlevel.spectralcentroid": [
        241.3311767578125
    ]
}