{
    "lowlevel.hfc.mean": [
        8.901432037353516
    ],
    "lowlevel.mfcc.mean": [
        [
            -1044.5205078125,
            66.30941772460938,
            -105.94636535644531,
            -37.792938232421875,
            -15.67162799835205,
            -9.75280475616455,
            -14.029216766357422,
            -16.40139389038086,
            -17.863800048828125,
            -8.999557495117188,
            2.159771203994751,
            11.610013008117676,
            15.027198791503906
        ]
    ],
    "lowlevel.zerocrossingrate.mean": [
        0.22538945078849792
    ],
    "lowlevel.spectral_energyband_low.mean": [
        4.9458918738309876e-08
    ],
    "lowlevel.spectral_energyband_middle_low.mean": [
        0.0011924911523237824
    ],
    "lowlevel.spectral_energyband_middle_high.mean": [
        0.006473558954894543
    ],
    "lowlevel.spectral_energyband_high.mean": [
        1.0985780818373314e-06
    ],
    "lowlevel.pitch_salience_mean": [
        0.8073054552078247
    ],
    "lowlevel.inharmonicity.mean": [
        0.07351449131965637
    ],
    "sfx.logattacktime.mean": [
        0.04423034191131592
    ],
    "lowlevel.lpc": [
        [
            1.0,
            -3.3836188316345215,
            4.330371856689453,
            -2.655273675918579,
            0.9831839203834534,
            -0.1983872354030609,
            -0.4331992268562317,
            0.7154862880706787,
            -0.6314280033111572,
            0.38232648372650146,
            -0.10642188042402267
        ]
    ],
    "lowlevel.spectralcentroid": [
        1263.3092041015625
    ]
}