{
    "lowlevel.hfc.mean": [
        1.346405267715454
    ],
    "lowlevel.mfcc.mean": [
        [
            -1258.59375,
            1.0572841167449951,
            -1.2775601148605347,
            0.07456868886947632,
            0.3608206808567047,
            0.09697984904050827,
            -0.046429190784692764,
            -0.36649230122566223,
            0.13033996522426605,
            0.37616440653800964,
            -0.20598559081554413,
            -0.26973018050193787,
            0.26383090019226074
        ]
    ],
    "lowlevel.zerocrossingrate.mean": [
        0.4929935932159424
    ],
    "lowlevel.spectral_energyband_low.mean": [
        2.699451329135627e-07
    ],
    "lowlevel.spectral_energyband_middle_low.mean": [
        1.4865200910207932e-06
    ],
    "lowlevel.spectral_energyband_middle_high.mean": [
        0.0006649347487837076
    ],
    "lowlevel.spectral_energyband_high.mean": [
        1.5024075992187136e-06
    ],
    "lowlevel.pitch_salience_mean": [
        0.7906418442726135
    ],
    "lowlevel.inharmonicity.mean": [
        0.1688258945941925
    ],
    "sfx.logattacktime.mean": [
        -5.0
    ],
    "lowlevel.lpc": [
        [
            1.0,
            -2.495823860168457,
            2.6049516201019287,
            -1.4377491474151611,
            0.3860033452510834,
            -0.011603979393839836,
            0.4411008358001709,
            -0.7511894106864929,
            0.5250235795974731,
            -0.3218602240085602,
            0.20022159814834595
        ]
    ],
    "lowlevel.spectralcentroid": [
        2061.6123046875
    ]
}