{
    "lowlevel.hfc.mean": [
        135.77523803710938
    ],
    "lowlevel.mfcc.mean": [
        [
            -978.27197265625,
            -49.76211166381836,
            -72.57251739501953,
            6.620731353759766,
            31.778396606445312,
            8.667132377624512,
            -3.5360541343688965,
            -34.60297393798828,
            14.677445411682129,
            70.84756469726562,
            -20.977121353149414,
            -57.16569137573242,
            39.724151611328125
        ]
    ],
    "lowlevel.zerocrossingrate.mean": [
        0.16250380873680115
    ],
    "lowlevel.spectral_energyband_low.mean": [
        2.518851545119105e-07
    ],
    "lowlevel.spectral_energyband_middle_low.mean": [
        3.1472470141125086e-07
    ],
    "lowlevel.spectral_energyband_middle_high.mean": [
        0.05777565389871597
    ],
    "lowlevel.spectral_energyband_high.mean": [
        7.729577919235453e-05
    ],
    "lowlevel.pitch_salience_mean": [
        0.46302494406700134
    ],
    "lowlevel.inharmonicity.mean": [
        0.033549267798662186
    ],
    "sfx.logattacktime.mean": [
        -0.8894025683403015
    ],
    "lowlevel.lpc": [
        [
            1.0,
            -2.620197057723999,
            3.598201274871826,
            -3.941696882247925,
            3.7238609790802,
            -2.985194444656372,
            2.583604335784912,
            -2.122004747390747,
            1.4986743927001953,
            -1.067397952079773,
            0.5068269968032837
        ]
    ],
    "lowlevel.spectralcentroid": [
        2468.542236328125
    ]
}