{
    "lowlevel.hfc.mean": [
        16.229631423950195
    ],
    "lowlevel.mfcc.mean": [
        [
            -940.728271484375,
            -0.0339495949447155,
            -31.124486923217773,
            2.5911524295806885,
            5.371535778045654,
            13.876953125,
            3.0571322441101074,
            -3.2317323684692383,
            -19.568510055541992,
            16.02400779724121,
            38.96536636352539,
            -4.772950172424316,
            -28.71178436279297
        ]
    ],
    "lowlevel.zerocrossingrate.mean": [
        0.1729971319437027
    ],
    "lowlevel.spectral_energyband_low.mean": [
        1.2374412108329125e-05
    ],
    "lowlevel.spectral_energyband_middle_low.mean": [
        3.4657903142942814e-06
    ],
    "lowlevel.spectral_energyband_middle_high.mean": [
        0.007225747220218182
    ],
    "lowlevel.spectral_energyband_high.mean": [
        0.00040711983456276357
    ],
    "lowlevel.pitch_salience_mean": [
        0.5219836235046387
    ],
    "lowlevel.inharmonicity.mean": [
        0.0345497727394104
    ],
    "sfx.logattacktime.mean": [
        0.3332941234111786
    ],
    "lowlevel.lpc": [
        [
            1.0,
            -2.266373634338379,
            2.567620038986206,
            -2.460873603820801,
            2.4196250438690186,
            -2.126310348510742,
            1.6791136264801025,
            -1.3061745166778564,
            1.1431457996368408,
            -0.8595666885375977,
            0.358153373003006
        ]
    ],
    "lowlevel.spectralcentroid": [
        2397.33447265625
    ]
}