{
    "lowlevel.hfc.mean": [
        1.1299019888610928e-06
    ],
    "lowlevel.mfcc.mean": [
        [
            -1264.4119873046875,
            0.6051542162895203,
            0.3789745271205902,
            0.1942926049232483,
            0.11908527463674545,
            0.10340288281440735,
            0.08436480909585953,
            0.0561806745827198,
            0.03658713400363922,
            0.02321929857134819,
            0.00232696533203125,
            -0.025746960192918777,
            -0.04732056334614754
        ]
    ],
    "lowlevel.zerocrossingrate.mean": [
        0.4941222071647644
    ],
    "lowlevel.spectral_energyband_low.mean": [
        1.956502515554348e-09
    ],
    "lowlevel.spectral_energyband_middle_low.mean": [
        1.560408025014226e-09
    ],
    "lowlevel.spectral_energyband_middle_high.mean": [
        1.615612921224141e-10
    ],
    "lowlevel.spectral_energyband_high.mean": [
        4.009019852202478e-11
    ],
    "lowlevel.pitch_salience_mean": [
        0.7899830937385559
    ],
    "lowlevel.inharmonicity.mean": [
        0.16781310737133026
    ],
    "sfx.logattacktime.mean": [
        -5.0
    ],
    "lowlevel.lpc": [
        [
            1.0,
            -1.0621452331542969,
            0.182007297873497,
            -0.1618458479642868,
            0.14269307255744934,
            -0.22887654602527618,
            0.18457596004009247,
            -0.09820760041475296,
            0.10032869130373001,
            -0.09893542528152466,
            0.05185879394412041
        ]
    ],
    "lowlevel.spectralcentroid": [
        590.2640991210938
    ]
}