{
    "lowlevel.mfcc.mean.0": [
        -1176.3541253952753
    ],
    "lowlevel.mfcc.mean.1": [
        5.6721740541004
    ],
    "lowlevel.mfcc.mean.2": [
        0.00424268813360305
    ],
    "lowlevel.mfcc.mean.3": [
        5.066566957746233
    ],
    "lowlevel.mfcc.mean.4": [
        -0.425230952671596
    ],
    "lowlevel.mfcc.mean.5": [
        -0.7345567794073196
    ],
    "lowlevel.mfcc.mean.6": [
        -3.5368794577462332
    ],
    "lowlevel.mfcc.mean.7": [
        -3.6305433909098306
    ],
    "lowlevel.mfcc.mean.8": [
        -3.127663312639509
    ],
    "lowlevel.mfcc.mean.9": [
        -2.1540749867757163
    ],
    "lowlevel.mfcc.mean.10": [
        -2.4042889822097053
    ],
    "lowlevel.mfcc.mean.11": [
        -2.3865205855596634
    ],
    "lowlevel.mfcc.mean.12": [
        -0.17183262961251394
    ],
    "sfx.logattacktime.mean": [
        -3.1820406913757324
    ],
    "lowlevel.inharmonicity.mean": [
        0.14056898079191646
    ],
    "lowlevel.zerocrossingrate.mean": [
        0.4218191964285714
    ],
    "lowlevel.spectralcentroid": [
        1846.7537841796875
    ]
}