{
    "lowlevel.hfc.mean": [
        0.3527340590953827
    ],
    "lowlevel.mfcc.mean": [
        [
            -1233.4569091796875,
            11.02930736541748,
            -0.09573422372341156,
            -2.3064920902252197,
            -3.2825634479522705,
            -1.7378125190734863,
            0.009262725710868835,
            1.3676128387451172,
            1.1818426847457886,
            0.450550377368927,
            -0.1575450450181961,
            -0.1450965851545334,
            -0.08083503693342209
        ]
    ],
    "lowlevel.zerocrossingrate.mean": [
        0.43965625762939453
    ],
    "lowlevel.spectral_energyband_low.mean": [
        1.3248455843495321e-06
    ],
    "lowlevel.spectral_energyband_middle_low.mean": [
        0.0003890428051818162
    ],
    "lowlevel.spectral_energyband_middle_high.mean": [
        8.842408715281636e-05
    ],
    "lowlevel.spectral_energyband_high.mean": [
        1.3229932847025339e-06
    ],
    "lowlevel.pitch_salience_mean": [
        0.7810360789299011
    ],
    "lowlevel.inharmonicity.mean": [
        0.15745623409748077
    ],
    "sfx.logattacktime.mean": [
        -2.715020179748535
    ],
    "lowlevel.lpc": [
        [
            1.0,
            -1.155300259590149,
            0.026113219559192657,
            0.023531978949904442,
            0.020336464047431946,
            0.019916752353310585,
            0.020028358325362206,
            0.017076486721634865,
            0.014564449898898602,
            0.012123633176088333,
            0.04510337859392166
        ]
    ],
    "lowlevel.spectralcentroid": [
        875.609375
    ]
}