{
    "lowlevel.hfc.mean": [
        4.681323051452637
    ],
    "lowlevel.mfcc.mean": [
        [
            -1116.9952392578125,
            81.03814697265625,
            -18.426673889160156,
            -31.999605178833008,
            -30.074024200439453,
            -20.87787628173828,
            -4.075643539428711,
            -4.8077778816223145,
            3.202674627304077,
            -4.4003753662109375,
            -9.427186012268066,
            3.9601569175720215,
            -0.6747527718544006
        ]
    ],
    "lowlevel.zerocrossingrate.mean": [
        0.2673984467983246
    ],
    "lowlevel.spectral_energyband_low.mean": [
        1.2533325843833154e-07
    ],
    "lowlevel.spectral_energyband_middle_low.mean": [
        0.005141850095242262
    ],
    "lowlevel.spectral_energyband_middle_high.mean": [
        0.0013826399808749557
    ],
    "lowlevel.spectral_energyband_high.mean": [
        4.5311495000532886e-07
    ],
    "lowlevel.pitch_salience_mean": [
        0.6898415684700012
    ],
    "lowlevel.inharmonicity.mean": [
        0.11234939843416214
    ],
    "sfx.logattacktime.mean": [
        -1.263323426246643
    ],
    "lowlevel.lpc": [
        [
            1.0,
            -1.740899682044983,
            0.5154421925544739,
            0.14440509676933289,
            -0.025066016241908073,
            0.06788916885852814,
            0.1603504866361618,
            0.040257569402456284,
            -0.11733387410640717,
            -0.08465131372213364,
            0.045881930738687515
        ]
    ],
    "lowlevel.spectralcentroid": [
        736.4868774414062
    ]
}