{
    "lowlevel.hfc.mean": [
        2.5396681735401216e-07
    ],
    "lowlevel.mfcc.mean": [
        [
            -1264.7083740234375,
            0.27890434861183167,
            0.2232428342103958,
            0.15756045281887054,
            0.10342880338430405,
            0.0704529732465744,
            0.054011020809412,
            0.04524143412709236,
            0.03816407546401024,
            0.03197187930345535,
            0.027717024087905884,
            0.024993980303406715,
            0.021868783980607986
        ]
    ],
    "lowlevel.zerocrossingrate.mean": [
        0.49614638090133667
    ],
    "lowlevel.spectral_energyband_low.mean": [
        1.1944036870659147e-09
    ],
    "lowlevel.spectral_energyband_middle_low.mean": [
        1.7038054300755334e-10
    ],
    "lowlevel.spectral_energyband_middle_high.mean": [
        3.342199086930897e-11
    ],
    "lowlevel.spectral_energyband_high.mean": [
        8.110723898058225e-12
    ],
    "lowlevel.pitch_salience_mean": [
        0.7888458967208862
    ],
    "lowlevel.inharmonicity.mean": [
        0.16728706657886505
    ],
    "sfx.logattacktime.mean": [
        -5.0
    ],
    "lowlevel.lpc": [
        [
            1.0,
            -0.9980539083480835,
            0.031307317316532135,
            -0.021808868274092674,
            -0.015246589668095112,
            -0.003075569635257125,
            -0.007172601297497749,
            0.05099960416555405,
            -0.03558211028575897,
            0.031370893120765686,
            -0.027930982410907745
        ]
    ],
    "lowlevel.spectralcentroid": [
        642.378173828125
    ]
}