{
    "lowlevel.hfc.mean": [
        17.60349464416504
    ],
    "lowlevel.mfcc.mean": [
        [
            -1006.656005859375,
            12.610286712646484,
            -93.1592025756836,
            -18.21135902404785,
            -24.25870132446289,
            23.694522857666016,
            18.51360321044922,
            29.72833251953125,
            42.71079635620117,
            24.251142501831055,
            -22.100297927856445,
            -61.524803161621094,
            -5.566104888916016
        ]
    ],
    "lowlevel.zerocrossingrate.mean": [
        0.12732994556427002
    ],
    "lowlevel.spectral_energyband_low.mean": [
        6.773116751901398e-07
    ],
    "lowlevel.spectral_energyband_middle_low.mean": [
        3.5546466392588627e-07
    ],
    "lowlevel.spectral_energyband_middle_high.mean": [
        0.013007094152271748
    ],
    "lowlevel.spectral_energyband_high.mean": [
        8.477447408949956e-06
    ],
    "lowlevel.pitch_salience_mean": [
        0.4977852702140808
    ],
    "lowlevel.inharmonicity.mean": [
        0.02486313134431839
    ],
    "sfx.logattacktime.mean": [
        0.5957511067390442
    ],
    "lowlevel.lpc": [
        [
            1.0,
            -3.4629297256469727,
            4.930520057678223,
            -3.926384925842285,
            2.2120532989501953,
            -0.9345949292182922,
            -0.0644773542881012,
            0.4979185461997986,
            -0.2849484980106354,
            0.021771758794784546,
            0.01661834865808487
        ]
    ],
    "lowlevel.spectralcentroid": [
        1432.939453125
    ]
}