{
    "lowlevel.hfc.mean": [
        2.511842727661133
    ],
    "lowlevel.mfcc.mean": [
        [
            -995.986083984375,
            48.72047805786133,
            -48.397666931152344,
            18.778379440307617,
            7.526851177215576,
            -13.051012992858887,
            -27.14661979675293,
            -12.128157615661621,
            -11.328110694885254,
            -6.088973522186279,
            -12.325521469116211,
            -2.610568046569824,
            1.7475045919418335
        ]
    ],
    "lowlevel.zerocrossingrate.mean": [
        0.21935851871967316
    ],
    "lowlevel.spectral_energyband_low.mean": [
        2.051217279586126e-06
    ],
    "lowlevel.spectral_energyband_middle_low.mean": [
        0.003042836906388402
    ],
    "lowlevel.spectral_energyband_middle_high.mean": [
        0.0005614159163087606
    ],
    "lowlevel.spectral_energyband_high.mean": [
        1.1018071745638736e-05
    ],
    "lowlevel.pitch_salience_mean": [
        0.5358539819717407
    ],
    "lowlevel.inharmonicity.mean": [
        0.06969854235649109
    ],
    "sfx.logattacktime.mean": [
        -0.30401426553726196
    ],
    "lowlevel.lpc": [
        [
            1.0,
            -3.1850640773773193,
            4.438333988189697,
            -3.9068334102630615,
            2.78890061378479,
            -1.9106402397155762,
            1.3999736309051514,
            -1.0700020790100098,
            0.7400902509689331,
            -0.40675684809684753,
            0.11567778885364532
        ]
    ],
    "lowlevel.spectralcentroid": [
        1027.1939697265625
    ]
}