{
    "lowlevel.hfc.mean": [
        2.2336440963499626e-07
    ],
    "lowlevel.mfcc.mean": [
        [
            -1264.6064453125,
            0.40600502490997314,
            0.35081735253334045,
            0.27655309438705444,
            0.19983577728271484,
            0.13280685245990753,
            0.07882831990718842,
            0.03685741499066353,
            0.004922857042402029,
            -0.01684560813009739,
            -0.02698526345193386,
            -0.025517506524920464,
            -0.016052093356847763
        ]
    ],
    "lowlevel.zerocrossingrate.mean": [
        0.4914759397506714
    ],
    "lowlevel.spectral_energyband_low.mean": [
        3.854164487560041e-10
    ],
    "lowlevel.spectral_energyband_middle_low.mean": [
        2.764207196470636e-10
    ],
    "lowlevel.spectral_energyband_middle_high.mean": [
        3.53073507930457e-11
    ],
    "lowlevel.spectral_energyband_high.mean": [
        7.55028158050397e-12
    ],
    "lowlevel.pitch_salience_mean": [
        0.7906488180160522
    ],
    "lowlevel.inharmonicity.mean": [
        0.1678440272808075
    ],
    "sfx.logattacktime.mean": [
        -5.0
    ],
    "lowlevel.lpc": [
        [
            1.0,
            -0.9635013341903687,
            -0.05499536916613579,
            0.05221324786543846,
            -0.019183862954378128,
            -0.0363384410738945,
            0.04006111994385719,
            -0.03580658137798309,
            -0.016033008694648743,
            0.019137155264616013,
            0.026142090559005737
        ]
    ],
    "lowlevel.spectralcentroid": [
        1001.906005859375
    ]
}