{
    "lowlevel.hfc.mean": [
        2.9375674724578857
    ],
    "lowlevel.mfcc.mean": [
        [
            -1127.1728515625,
            111.14778137207031,
            7.593175888061523,
            -17.922330856323242,
            -17.367189407348633,
            -15.141281127929688,
            -8.581938743591309,
            -3.1932644844055176,
            3.391055107116699,
            5.0911760330200195,
            -0.7503323554992676,
            1.227226972579956,
            5.7765913009643555
        ]
    ],
    "lowlevel.zerocrossingrate.mean": [
        0.29581785202026367
    ],
    "lowlevel.spectral_energyband_low.mean": [
        5.012156179873273e-05
    ],
    "lowlevel.spectral_energyband_middle_low.mean": [
        0.005573520436882973
    ],
    "lowlevel.spectral_energyband_middle_high.mean": [
        0.00021551466488745064
    ],
    "lowlevel.spectral_energyband_high.mean": [
        5.232980271330234e-08
    ],
    "lowlevel.pitch_salience_mean": [
        0.7320682406425476
    ],
    "lowlevel.inharmonicity.mean": [
        0.16026999056339264
    ],
    "sfx.logattacktime.mean": [
        -1.5998988151550293
    ],
    "lowlevel.lpc": [
        [
            1.0,
            -1.864116907119751,
            0.5479078888893127,
            0.24328093230724335,
            0.1081356480717659,
            0.031572263687849045,
            0.08565230667591095,
            -0.08788508176803589,
            -0.021332699805498123,
            -0.1171627789735794,
            0.07562843710184097
        ]
    ],
    "lowlevel.spectralcentroid": [
        520.7408447265625
    ]
}