{
    "lowlevel.hfc.mean": [
        1.4546355942002265e-07
    ],
    "lowlevel.mfcc.mean": [
        [
            -1264.7686767578125,
            0.20408599078655243,
            0.17454329133033752,
            0.13674603402614594,
            0.1007981225848198,
            0.07372391223907471,
            0.05611005052924156,
            0.045605193823575974,
            0.03874307870864868,
            0.03327368572354317,
            0.02857074700295925,
            0.024959007278084755,
            0.02262716554105282
        ]
    ],
    "lowlevel.zerocrossingrate.mean": [
        0.4954911768436432
    ],
    "lowlevel.spectral_energyband_low.mean": [
        6.322191103969033e-10
    ],
    "lowlevel.spectral_energyband_middle_low.mean": [
        8.12089007151684e-11
    ],
    "lowlevel.spectral_energyband_middle_high.mean": [
        1.8775951279859093e-11
    ],
    "lowlevel.spectral_energyband_high.mean": [
        5.2471547072607816e-12
    ],
    "lowlevel.pitch_salience_mean": [
        0.7887497544288635
    ],
    "lowlevel.inharmonicity.mean": [
        0.17627818882465363
    ],
    "sfx.logattacktime.mean": [
        -5.0
    ],
    "lowlevel.lpc": [
        [
            1.0,
            -0.9071489572525024,
            -0.11485327035188675,
            0.10990406572818756,
            -0.11609677225351334,
            0.06855379790067673,
            -0.055128976702690125,
            0.02257758006453514,
            -0.0009261772502213717,
            -0.035360366106033325,
            0.03435109928250313
        ]
    ],
    "lowlevel.spectralcentroid": [
        474.15667724609375
    ]
}