{
    "lowlevel.hfc.mean": [
        22.310279846191406
    ],
    "lowlevel.mfcc.mean": [
        [
            -1048.736572265625,
            -22.21501350402832,
            -83.65128326416016,
            2.421100378036499,
            8.375471115112305,
            34.52256393432617,
            54.31184387207031,
            20.7618408203125,
            -27.91930389404297,
            -32.57765579223633,
            13.649033546447754,
            72.0723876953125,
            31.048423767089844
        ]
    ],
    "lowlevel.zerocrossingrate.mean": [
        0.17705202102661133
    ],
    "lowlevel.spectral_energyband_low.mean": [
        7.873188678786391e-07
    ],
    "lowlevel.spectral_energyband_middle_low.mean": [
        9.130708633620088e-08
    ],
    "lowlevel.spectral_energyband_middle_high.mean": [
        0.012996111065149307
    ],
    "lowlevel.spectral_energyband_high.mean": [
        1.1900404388143215e-05
    ],
    "lowlevel.pitch_salience_mean": [
        0.5788487792015076
    ],
    "lowlevel.inharmonicity.mean": [
        0.033082928508520126
    ],
    "sfx.logattacktime.mean": [
        0.1140342429280281
    ],
    "lowlevel.lpc": [
        [
            1.0,
            -3.081491708755493,
            4.050110340118408,
            -3.709193706512451,
            3.597172975540161,
            -3.3297982215881348,
            2.7625317573547363,
            -2.446619987487793,
            1.8542027473449707,
            -0.8680008053779602,
            0.1926349699497223
        ]
    ],
    "lowlevel.spectralcentroid": [
        1835.76416015625
    ]
}