{
    "lowlevel.hfc.mean": [
        3.61440110206604
    ],
    "lowlevel.mfcc.mean": [
        [
            -1127.142578125,
            49.28593444824219,
            -35.161136627197266,
            -26.95903778076172,
            -12.671000480651855,
            -16.06336212158203,
            -10.428956031799316,
            3.5136852264404297,
            -1.2479116916656494,
            -0.8224354386329651,
            4.387731552124023,
            21.48453712463379,
            13.715161323547363
        ]
    ],
    "lowlevel.zerocrossingrate.mean": [
        0.2781292498111725
    ],
    "lowlevel.spectral_energyband_low.mean": [
        1.9579445620365732e-07
    ],
    "lowlevel.spectral_energyband_middle_low.mean": [
        0.0007132203900255263
    ],
    "lowlevel.spectral_energyband_middle_high.mean": [
        0.0030074005480855703
    ],
    "lowlevel.spectral_energyband_high.mean": [
        5.860611054231413e-07
    ],
    "lowlevel.pitch_salience_mean": [
        0.698246955871582
    ],
    "lowlevel.inharmonicity.mean": [
        0.09334953129291534
    ],
    "sfx.logattacktime.mean": [
        -1.6042319536209106
    ],
    "lowlevel.lpc": [
        [
            1.0,
            -2.7135531902313232,
            2.8557379245758057,
            -1.8276774883270264,
            1.0468941926956177,
            -0.5537111759185791,
            0.23215900361537933,
            0.34527653455734253,
            -0.5339679718017578,
            0.04666769504547119,
            0.11236661672592163
        ]
    ],
    "lowlevel.spectralcentroid": [
        1007.8397216796875
    ]
}