{
    "lowlevel.hfc.mean": [
        5.215356826782227
    ],
    "lowlevel.mfcc.mean": [
        [
            -1067.265869140625,
            152.80136108398438,
            17.00547218322754,
            -11.51775074005127,
            -25.19851303100586,
            -18.045244216918945,
            -12.460297584533691,
            -14.208235740661621,
            -11.402491569519043,
            1.310062289237976,
            -3.0224194526672363,
            -7.609700679779053,
            3.8172333240509033
        ]
    ],
    "lowlevel.zerocrossingrate.mean": [
        0.21838772296905518
    ],
    "lowlevel.spectral_energyband_low.mean": [
        0.0002764961391221732
    ],
    "lowlevel.spectral_energyband_middle_low.mean": [
        0.010144878178834915
    ],
    "lowlevel.spectral_energyband_middle_high.mean": [
        0.00028384861070662737
    ],
    "lowlevel.spectral_energyband_high.mean": [
        1.2201995502891805e-07
    ],
    "lowlevel.pitch_salience_mean": [
        0.7917258143424988
    ],
    "lowlevel.inharmonicity.mean": [
        0.09407510608434677
    ],
    "sfx.logattacktime.mean": [
        -1.8262126445770264
    ],
    "lowlevel.lpc": [
        [
            1.0,
            2.794692277908325,
            -10.99465560913086,
            0.5134315490722656,
            35.29716873168945,
            -71.18359375,
            83.84848022460938,
            -65.18651580810547,
            26.994720458984375,
            -0.3360399603843689,
            -2.747281551361084
        ]
    ],
    "lowlevel.spectralcentroid": [
        510.5572509765625
    ]
}