{
    "lowlevel.hfc.mean": [
        1.633614203910838e-07
    ],
    "lowlevel.mfcc.mean": [
        [
            -1264.5848388671875,
            0.45014965534210205,
            0.41592779755592346,
            0.3669295907020569,
            0.3112066984176636,
            0.2562210261821747,
            0.2049860805273056,
            0.15771299600601196,
            0.11232621967792511,
            0.06720653921365738,
            0.023185791447758675,
            -0.015940450131893158,
            -0.044915661215782166
        ]
    ],
    "lowlevel.zerocrossingrate.mean": [
        0.4795984923839569
    ],
    "lowlevel.spectral_energyband_low.mean": [
        2.0093639252483086e-10
    ],
    "lowlevel.spectral_energyband_middle_low.mean": [
        1.4580259222185532e-10
    ],
    "lowlevel.spectral_energyband_middle_high.mean": [
        2.61138957680096e-11
    ],
    "lowlevel.spectral_energyband_high.mean": [
        6.8178592112222436e-12
    ],
    "lowlevel.pitch_salience_mean": [
        0.7918035984039307
    ],
    "lowlevel.inharmonicity.mean": [
        0.1669834405183792
    ],
    "sfx.logattacktime.mean": [
        -5.0
    ],
    "lowlevel.lpc": [
        [
            1.0,
            -1.0982950925827026,
            0.25007548928260803,
            -0.2516883313655853,
            0.17549510300159454,
            -0.067229725420475,
            0.016309717670083046,
            0.002501996234059334,
            -0.07413838803768158,
            0.07578705996274948,
            -0.012054363265633583
        ]
    ],
    "lowlevel.spectralcentroid": [
        1257.4490966796875
    ]
}