{
    "lowlevel.mfcc.mean.0": [
        -1114.2951513083585
    ],
    "lowlevel.mfcc.mean.1": [
        2.273093097181205
    ],
    "lowlevel.mfcc.mean.2": [
        -13.614426670304264
    ],
    "lowlevel.mfcc.mean.3": [
        -8.37589718922075
    ],
    "lowlevel.mfcc.mean.4": [
        -13.308620866522732
    ],
    "lowlevel.mfcc.mean.5": [
        -7.246554570025708
    ],
    "lowlevel.mfcc.mean.6": [
        -8.936205875442688
    ],
    "lowlevel.mfcc.mean.7": [
        -5.834957835185959
    ],
    "lowlevel.mfcc.mean.8": [
        -4.730273936168257
    ],
    "lowlevel.mfcc.mean.9": [
        -2.902792275670063
    ],
    "lowlevel.mfcc.mean.10": [
        -1.739196673933282
    ],
    "lowlevel.mfcc.mean.11": [
        1.3647854701582207
    ],
    "lowlevel.mfcc.mean.12": [
        1.4198381355009884
    ],
    "sfx.logattacktime.mean": [
        -2.5014238357543945
    ],
    "lowlevel.inharmonicity.mean": [
        0.15836223013189213
    ],
    "lowlevel.zerocrossingrate.mean": [
        0.39866693335843373
    ],
    "lowlevel.spectralcentroid": [
        2419.47509765625
    ]
}