{
    "lowlevel.hfc.mean": [
        2.574411153793335
    ],
    "lowlevel.mfcc.mean": [
        [
            -1253.3912353515625,
            1.0783594846725464,
            -3.051407814025879,
            -0.6889835000038147,
            0.9920853972434998,
            0.7885132431983948,
            -0.009208254516124725,
            1.341915249824524,
            0.8098459839820862,
            -1.1181700229644775,
            -1.5549778938293457,
            1.2346694469451904,
            2.0702908039093018
        ]
    ],
    "lowlevel.zerocrossingrate.mean": [
        0.4830012619495392
    ],
    "lowlevel.spectral_energyband_low.mean": [
        9.710300474807809e-08
    ],
    "lowlevel.spectral_energyband_middle_low.mean": [
        4.49581364136975e-07
    ],
    "lowlevel.spectral_energyband_middle_high.mean": [
        0.0012044355971738696
    ],
    "lowlevel.spectral_energyband_high.mean": [
        6.787416850784211e-07
    ],
    "lowlevel.pitch_salience_mean": [
        0.7784075736999512
    ],
    "lowlevel.inharmonicity.mean": [
        0.16426943242549896
    ],
    "sfx.logattacktime.mean": [
        -5.0
    ],
    "lowlevel.lpc": [
        [
            1.0,
            -1.695116639137268,
            0.4462028443813324,
            0.20821891725063324,
            0.11753976345062256,
            0.08394323289394379,
            0.012730120681226254,
            -0.04482995346188545,
            -0.06544847786426544,
            -0.14067617058753967,
            0.1156853660941124
        ]
    ],
    "lowlevel.spectralcentroid": [
        2158.853271484375
    ]
}