{
    "lowlevel.hfc.mean": [
        48.00807571411133
    ],
    "lowlevel.mfcc.mean": [
        [
            -1058.6640625,
            -13.435401916503906,
            -83.80072784423828,
            -18.79964828491211,
            17.71297264099121,
            36.36075210571289,
            21.700212478637695,
            32.326202392578125,
            18.46062469482422,
            -34.47032165527344,
            -48.41088104248047,
            41.74351501464844,
            66.3997573852539
        ]
    ],
    "lowlevel.zerocrossingrate.mean": [
        0.19262440502643585
    ],
    "lowlevel.spectral_energyband_low.mean": [
        6.05656168772839e-07
    ],
    "lowlevel.spectral_energyband_middle_low.mean": [
        1.4795628544561623e-07
    ],
    "lowlevel.spectral_energyband_middle_high.mean": [
        0.02393287606537342
    ],
    "lowlevel.spectral_energyband_high.mean": [
        1.6842715922393836e-05
    ],
    "lowlevel.pitch_salience_mean": [
        0.4834047257900238
    ],
    "lowlevel.inharmonicity.mean": [
        0.042300522327423096
    ],
    "sfx.logattacktime.mean": [
        -0.9799844622612
    ],
    "lowlevel.lpc": [
        [
            1.0,
            -2.8227713108062744,
            3.1390347480773926,
            -2.178717613220215,
            1.5568598508834839,
            -1.0278812646865845,
            0.5936856865882874,
            -0.43350711464881897,
            0.44352880120277405,
            -0.45064419507980347,
            0.19744855165481567
        ]
    ],
    "lowlevel.spectralcentroid": [
        2049.509521484375
    ]
}