{
    "lowlevel.hfc.mean": [
        27.718658447265625
    ],
    "lowlevel.mfcc.mean": [
        [
            -1185.92822265625,
            3.6810688972473145,
            2.487400531768799,
            2.4127376079559326,
            -1.9642945528030396,
            -1.721677303314209,
            -2.7013347148895264,
            -2.761824607849121,
            -1.3332949876785278,
            0.35061413049697876,
            1.4075961112976074,
            2.2327659130096436,
            2.914475440979004
        ]
    ],
    "lowlevel.zerocrossingrate.mean": [
        0.4322405159473419
    ],
    "lowlevel.spectral_energyband_low.mean": [
        0.00011821786756627262
    ],
    "lowlevel.spectral_energyband_middle_low.mean": [
        0.019492696970701218
    ],
    "lowlevel.spectral_energyband_middle_high.mean": [
        0.001500939135439694
    ],
    "lowlevel.spectral_energyband_high.mean": [
        0.0020935849752277136
    ],
    "lowlevel.pitch_salience_mean": [
        0.7870284914970398
    ],
    "lowlevel.inharmonicity.mean": [
        0.1498430371284485
    ],
    "sfx.logattacktime.mean": [
        -3.112959623336792
    ],
    "lowlevel.lpc": [
        [
            1.0,
            -1.8101043701171875,
            2.1428680419921875,
            -2.535980463027954,
            2.5489890575408936,
            -2.415720224380493,
            2.032994270324707,
            -1.6663404703140259,
            1.1444036960601807,
            -0.7355284690856934,
            0.3284599483013153
        ]
    ],
    "lowlevel.spectralcentroid": [
        2429.6396484375
    ]
}