{
    "lowlevel.hfc.mean": [
        4.753701068693772e-05
    ],
    "lowlevel.mfcc.mean": [
        [
            -1262.1790771484375,
            0.329235702753067,
            -0.21551071107387543,
            0.11251602321863174,
            -0.09246735274791718,
            0.04459737241268158,
            -0.047778137028217316,
            0.01903272420167923,
            -0.03218485414981842,
            0.003993988037109375,
            -0.023583367466926575,
            0.0026365371886640787,
            -0.014225478284060955
        ]
    ],
    "lowlevel.zerocrossingrate.mean": [
        0.47715774178504944
    ],
    "lowlevel.spectral_energyband_low.mean": [
        1.385800918463076e-10
    ],
    "lowlevel.spectral_energyband_middle_low.mean": [
        6.657541740118234e-10
    ],
    "lowlevel.spectral_energyband_middle_high.mean": [
        3.0144027274303653e-09
    ],
    "lowlevel.spectral_energyband_high.mean": [
        4.922187990530347e-09
    ],
    "lowlevel.pitch_salience_mean": [
        0.8006295561790466
    ],
    "lowlevel.inharmonicity.mean": [
        0.16270729899406433
    ],
    "sfx.logattacktime.mean": [
        -5.0
    ],
    "lowlevel.lpc": [
        [
            1.0,
            -1.4116311073303223,
            1.5896912813186646,
            -1.6634577512741089,
            1.6440097093582153,
            -1.5303404331207275,
            1.3370094299316406,
            -1.0796539783477783,
            0.7802597284317017,
            -0.4718590974807739,
            0.19338057935237885
        ]
    ],
    "lowlevel.spectralcentroid": [
        4962.78466796875
    ]
}