{
    "lowlevel.hfc.mean": [
        120.9430160522461
    ],
    "lowlevel.mfcc.mean": [
        [
            -996.1431274414062,
            -29.79588508605957,
            -86.17807006835938,
            -15.479143142700195,
            -28.515796661376953,
            9.619231224060059,
            6.279396057128906,
            23.938879013061523,
            22.64565086364746,
            6.5196051597595215,
            -24.718088150024414,
            -31.718168258666992,
            -9.210796356201172
        ]
    ],
    "lowlevel.zerocrossingrate.mean": [
        0.2494337558746338
    ],
    "lowlevel.spectral_energyband_low.mean": [
        1.1204827643496174e-07
    ],
    "lowlevel.spectral_energyband_middle_low.mean": [
        5.498124210134847e-06
    ],
    "lowlevel.spectral_energyband_middle_high.mean": [
        0.08123219013214111
    ],
    "lowlevel.spectral_energyband_high.mean": [
        0.0007271443028002977
    ],
    "lowlevel.pitch_salience_mean": [
        0.7149469256401062
    ],
    "lowlevel.inharmonicity.mean": [
        0.07735354453325272
    ],
    "sfx.logattacktime.mean": [
        -1.7846992015838623
    ],
    "lowlevel.lpc": [
        [
            1.0,
            -3.3041398525238037,
            4.339415550231934,
            -2.6005048751831055,
            0.2905265986919403,
            0.5766652226448059,
            -0.373654305934906,
            0.006734400987625122,
            0.20446473360061646,
            -0.1897202730178833,
            0.06373182684183121
        ]
    ],
    "lowlevel.spectralcentroid": [
        1628.6556396484375
    ]
}