{
    "lowlevel.hfc.mean": [
        5.889058574126693e-09
    ],
    "lowlevel.mfcc.mean": [
        [
            -1264.9202880859375,
            3.0517578125e-05,
            -6.866455078125e-05,
            3.0517578125e-05,
            -8.0108642578125e-05,
            6.866455078125e-05,
            -3.0517578125e-05,
            -6.866455078125e-05,
            -4.9591064453125e-05,
            -1.9073486328125e-05,
            -2.288818359375e-05,
            -1.9073486328125e-05,
            -4.1961669921875e-05
        ]
    ],
    "lowlevel.zerocrossingrate.mean": [
        0.4995035231113434
    ],
    "lowlevel.spectral_energyband_low.mean": [
        1.5179255964149763e-13
    ],
    "lowlevel.spectral_energyband_middle_low.mean": [
        6.760976869503443e-13
    ],
    "lowlevel.spectral_energyband_middle_high.mean": [
        2.1931902908362e-12
    ],
    "lowlevel.spectral_energyband_high.mean": [
        1.5377717816570519e-13
    ],
    "lowlevel.pitch_salience_mean": [
        0.7920421361923218
    ],
    "lowlevel.inharmonicity.mean": [
        0.18091291189193726
    ],
    "sfx.logattacktime.mean": [
        -3.4679317474365234
    ],
    "lowlevel.lpc": [
        [
            0.0,
            0.0,
            0.0,
            0.0,
            0.0,
            0.0,
            0.0,
            0.0,
            0.0,
            0.0,
            0.0
        ]
    ],
    "lowlevel.spectralcentroid": [
        2371.797119140625
    ]
}