{
    "lowlevel.mfcc.mean.0": [
        -1040.3424421741117
    ],
    "lowlevel.mfcc.mean.1": [
        80.6558917568576
    ],
    "lowlevel.mfcc.mean.2": [
        -32.72382440874654
    ],
    "lowlevel.mfcc.mean.3": [
        -37.516593963869155
    ],
    "lowlevel.mfcc.mean.4": [
        -37.11493633639428
    ],
    "lowlevel.mfcc.mean.5": [
        -26.239026807969616
    ],
    "lowlevel.mfcc.mean.6": [
        -7.250368056758758
    ],
    "lowlevel.mfcc.mean.7": [
        -8.00846327504804
    ],
    "lowlevel.mfcc.mean.8": [
        -1.7589836120605469
    ],
    "lowlevel.mfcc.mean.9": [
        -8.216888396970687
    ],
    "lowlevel.mfcc.mean.10": [
        -15.866634907261018
    ],
    "lowlevel.mfcc.mean.11": [
        4.329068476153958
    ],
    "lowlevel.mfcc.mean.12": [
        -2.774967393567485
    ],
    "sfx.logattacktime.mean": [
        -1.309984803199768
    ],
    "lowlevel.inharmonicity.mean": [
        0.08013525922715123
    ],
    "lowlevel.zerocrossingrate.mean": [
        0.2156194871471774
    ],
    "lowlevel.spectralcentroid": [
        743.0574340820312
    ]
}