{
    "lowlevel.hfc.mean": [
        44.88359832763672
    ],
    "lowlevel.mfcc.mean": [
        [
            -1170.6932373046875,
            -1.387205719947815,
            0.4091074764728546,
            3.8827404975891113,
            -0.6395075917243958,
            -1.9763599634170532,
            -2.9274096488952637,
            -3.64426851272583,
            -3.1002161502838135,
            -2.147818088531494,
            -0.05535756051540375,
            2.154306411743164,
            2.212240219116211
        ]
    ],
    "lowlevel.zerocrossingrate.mean": [
        0.429780513048172
    ],
    "lowlevel.spectral_energyband_low.mean": [
        2.5708022803883068e-05
    ],
    "lowlevel.spectral_energyband_middle_low.mean": [
        0.015480820089578629
    ],
    "lowlevel.spectral_energyband_middle_high.mean": [
        0.0022953557781875134
    ],
    "lowlevel.spectral_energyband_high.mean": [
        0.004144718404859304
    ],
    "lowlevel.pitch_salience_mean": [
        0.7915694713592529
    ],
    "lowlevel.inharmonicity.mean": [
        0.14517080783843994
    ],
    "sfx.logattacktime.mean": [
        -3.2464985847473145
    ],
    "lowlevel.lpc": [
        [
            1.0,
            -1.637856364250183,
            1.8584415912628174,
            -2.08142352104187,
            1.9739547967910767,
            -1.841841459274292,
            1.554057240486145,
            -1.2659181356430054,
            0.8233544826507568,
            -0.5264161825180054,
            0.19356614351272583
        ]
    ],
    "lowlevel.spectralcentroid": [
        3517.881591796875
    ]
}