{
    "lowlevel.hfc.mean": [
        1.800257268769201e-05
    ],
    "lowlevel.mfcc.mean": [
        [
            -1264.8421630859375,
            0.0026198613923043013,
            0.011715153232216835,
            0.022859301418066025,
            0.00894913449883461,
            0.01938810758292675,
            0.01451866514980793,
            0.009723300114274025,
            0.010228910483419895,
            0.004805537406355143,
            0.0029289608355611563,
            0.0021406265441328287,
            0.002779606496915221
        ]
    ],
    "lowlevel.zerocrossingrate.mean": [
        0.4788829982280731
    ],
    "lowlevel.spectral_energyband_low.mean": [
        2.1047656673101045e-11
    ],
    "lowlevel.spectral_energyband_middle_low.mean": [
        7.72294450612776e-11
    ],
    "lowlevel.spectral_energyband_middle_high.mean": [
        3.869115305921156e-10
    ],
    "lowlevel.spectral_energyband_high.mean": [
        1.5454317825458475e-09
    ],
    "lowlevel.pitch_salience_mean": [
        0.8018789887428284
    ],
    "lowlevel.inharmonicity.mean": [
        0.1656225621700287
    ],
    "sfx.logattacktime.mean": [
        -5.0
    ],
    "lowlevel.lpc": [
        [
            1.0,
            -0.3893403708934784,
            0.3429674208164215,
            -0.2861625552177429,
            0.26171374320983887,
            -0.22570034861564636,
            0.19069544970989227,
            -0.15015913546085358,
            0.1121601015329361,
            -0.08163768798112869,
            0.03629614785313606
        ]
    ],
    "lowlevel.spectralcentroid": [
        8476.9921875
    ]
}