{
    "lowlevel.hfc.mean": [
        40.081512451171875
    ],
    "lowlevel.mfcc.mean": [
        [
            -947.280517578125,
            -19.325965881347656,
            -29.8237247467041,
            5.926786422729492,
            -16.90766143798828,
            2.2964353561401367,
            14.643587112426758,
            16.596250534057617,
            23.251907348632812,
            -13.465599060058594,
            -18.448863983154297,
            -15.063116073608398,
            18.319252014160156
        ]
    ],
    "lowlevel.zerocrossingrate.mean": [
        0.23284871876239777
    ],
    "lowlevel.spectral_energyband_low.mean": [
        1.5096794413693715e-05
    ],
    "lowlevel.spectral_energyband_middle_low.mean": [
        2.925037961176713e-06
    ],
    "lowlevel.spectral_energyband_middle_high.mean": [
        0.018187008798122406
    ],
    "lowlevel.spectral_energyband_high.mean": [
        0.0016724319430068135
    ],
    "lowlevel.pitch_salience_mean": [
        0.6892098188400269
    ],
    "lowlevel.inharmonicity.mean": [
        0.06743501871824265
    ],
    "sfx.logattacktime.mean": [
        0.20514050126075745
    ],
    "lowlevel.lpc": [
        [
            1.0,
            -2.6572256088256836,
            3.383305072784424,
            -3.1160011291503906,
            2.6217851638793945,
            -2.0714406967163086,
            1.592268943786621,
            -1.1919273138046265,
            0.7056798934936523,
            -0.3050384223461151,
            0.11265692859888077
        ]
    ],
    "lowlevel.spectralcentroid": [
        2381.384765625
    ]
}