{
    "lowlevel.hfc.mean": [
        4.628465831046924e-06
    ],
    "lowlevel.mfcc.mean": [
        [
            -1264.2435302734375,
            0.6519418358802795,
            0.2511262893676758,
            0.1459588259458542,
            0.10380225628614426,
            0.06476324051618576,
            0.04651705175638199,
            0.018272576853632927,
            -0.007637832313776016,
            -0.04056065157055855,
            -0.06312505155801773,
            -0.05500468239188194,
            -0.020080571994185448
        ]
    ],
    "lowlevel.zerocrossingrate.mean": [
        0.49547287821769714
    ],
    "lowlevel.spectral_energyband_low.mean": [
        5.5570810175709084e-09
    ],
    "lowlevel.spectral_energyband_middle_low.mean": [
        5.606719089001899e-09
    ],
    "lowlevel.spectral_energyband_middle_high.mean": [
        8.363464365501727e-10
    ],
    "lowlevel.spectral_energyband_high.mean": [
        1.5097161021326855e-10
    ],
    "lowlevel.pitch_salience_mean": [
        0.7913093566894531
    ],
    "lowlevel.inharmonicity.mean": [
        0.17196644842624664
    ],
    "sfx.logattacktime.mean": [
        -5.0
    ],
    "lowlevel.lpc": [
        [
            1.0,
            -0.9578408002853394,
            -0.08021582663059235,
            0.09035763889551163,
            -0.07987472414970398,
            0.044929180294275284,
            -0.03387684375047684,
            0.021542130038142204,
            0.0038505736738443375,
            -0.0028042662888765335,
            0.008125443942844868
        ]
    ],
    "lowlevel.spectralcentroid": [
        832.962646484375
    ]
}