{
    "lowlevel.hfc.mean": [
        0.5983155369758606
    ],
    "lowlevel.mfcc.mean": [
        [
            -1109.092041015625,
            127.01313018798828,
            1.545672059059143,
            -21.966920852661133,
            -6.051853656768799,
            -6.362619400024414,
            -3.2572021484375,
            5.916167736053467,
            7.257765293121338,
            4.4956464767456055,
            -0.5438821315765381,
            -7.586409568786621,
            -8.96120548248291
        ]
    ],
    "lowlevel.zerocrossingrate.mean": [
        0.21729326248168945
    ],
    "lowlevel.spectral_energyband_low.mean": [
        2.425551247142721e-05
    ],
    "lowlevel.spectral_energyband_middle_low.mean": [
        0.0008754513692110777
    ],
    "lowlevel.spectral_energyband_middle_high.mean": [
        7.225119043141603e-05
    ],
    "lowlevel.spectral_energyband_high.mean": [
        2.192868642225676e-08
    ],
    "lowlevel.pitch_salience_mean": [
        0.6197987198829651
    ],
    "lowlevel.inharmonicity.mean": [
        0.10515590012073517
    ],
    "sfx.logattacktime.mean": [
        -1.530495285987854
    ],
    "lowlevel.lpc": [
        [
            1.0,
            -1.8629511594772339,
            0.49265366792678833,
            0.2901618778705597,
            0.20676860213279724,
            0.01759556122124195,
            -0.011810585856437683,
            -0.08019845932722092,
            -0.05885322764515877,
            -0.07242276519536972,
            0.0825922042131424
        ]
    ],
    "lowlevel.spectralcentroid": [
        667.7581176757812
    ]
}