{
    "lowlevel.hfc.mean": [
        2.6782756322063506e-05
    ],
    "lowlevel.mfcc.mean": [
        [
            -1262.777099609375,
            2.1024093627929688,
            0.6527183651924133,
            0.013953560963273048,
            -0.13746675848960876,
            -0.07612017542123795,
            0.1295796036720276,
            0.19114691019058228,
            0.14562676846981049,
            0.1458256095647812,
            0.16030579805374146,
            0.1288357675075531,
            0.025779375806450844
        ]
    ],
    "lowlevel.zerocrossingrate.mean": [
        0.4893530309200287
    ],
    "lowlevel.spectral_energyband_low.mean": [
        2.871829707373763e-08
    ],
    "lowlevel.spectral_energyband_middle_low.mean": [
        3.1251889964778456e-08
    ],
    "lowlevel.spectral_energyband_middle_high.mean": [
        5.117100077001169e-09
    ],
    "lowlevel.spectral_energyband_high.mean": [
        3.3452671188705096e-10
    ],
    "lowlevel.pitch_salience_mean": [
        0.7902718186378479
    ],
    "lowlevel.inharmonicity.mean": [
        0.1683753877878189
    ],
    "sfx.logattacktime.mean": [
        -2.5141117572784424
    ],
    "lowlevel.lpc": [
        [
            1.0,
            -1.1347755193710327,
            0.037688080221414566,
            -0.001741690095514059,
            0.02058160863816738,
            0.0011461417889222503,
            0.04296175763010979,
            -0.006287107709795237,
            0.007445740979164839,
            0.02595473825931549,
            0.02546459436416626
        ]
    ],
    "lowlevel.spectralcentroid": [
        749.8457641601562
    ]
}