{
    "lowlevel.hfc.mean": [
        0.14025697112083435
    ],
    "lowlevel.mfcc.mean": [
        [
            -1121.991943359375,
            79.39429473876953,
            7.488453388214111,
            -1.7004988193511963,
            5.278802871704102,
            2.9849252700805664,
            -6.466371536254883,
            -3.4641075134277344,
            -0.7650112509727478,
            -1.9339627027511597,
            -7.37070894241333,
            -3.449068784713745,
            1.7994109392166138
        ]
    ],
    "lowlevel.zerocrossingrate.mean": [
        0.2282307893037796
    ],
    "lowlevel.spectral_energyband_low.mean": [
        1.8097018255502917e-05
    ],
    "lowlevel.spectral_energyband_middle_low.mean": [
        0.0002449107123538852
    ],
    "lowlevel.spectral_energyband_middle_high.mean": [
        2.6530287868808955e-05
    ],
    "lowlevel.spectral_energyband_high.mean": [
        7.238509169837926e-07
    ],
    "lowlevel.pitch_salience_mean": [
        0.7333465814590454
    ],
    "lowlevel.inharmonicity.mean": [
        0.10936152189970016
    ],
    "sfx.logattacktime.mean": [
        -2.527167320251465
    ],
    "lowlevel.lpc": [
        [
            1.0,
            -1.3318761587142944,
            0.3953709304332733,
            -0.5769366025924683,
            0.6023330092430115,
            -0.254251629114151,
            0.331952303647995,
            -0.24051392078399658,
            0.24244828522205353,
            -0.18138208985328674,
            0.025264643132686615
        ]
    ],
    "lowlevel.spectralcentroid": [
        704.4567260742188
    ]
}