{
    "lowlevel.hfc.mean": [
        7.863439532229677e-05
    ],
    "lowlevel.mfcc.mean": [
        [
            -1250.1400146484375,
            15.688201904296875,
            6.319657325744629,
            2.1130824089050293,
            2.869786262512207,
            2.5133187770843506,
            0.0165091622620821,
            -1.0625114440917969,
            -0.4104501008987427,
            -0.8185558319091797,
            -2.155062437057495,
            -1.8145146369934082,
            0.021614499390125275
        ]
    ],
    "lowlevel.zerocrossingrate.mean": [
        0.4158935546875
    ],
    "lowlevel.spectral_energyband_low.mean": [
        8.708610010899065e-08
    ],
    "lowlevel.spectral_energyband_middle_low.mean": [
        1.768819970493496e-07
    ],
    "lowlevel.spectral_energyband_middle_high.mean": [
        1.6249398271384052e-08
    ],
    "lowlevel.spectral_energyband_high.mean": [
        3.959566008404636e-10
    ],
    "lowlevel.pitch_salience_mean": [
        0.802541971206665
    ],
    "lowlevel.inharmonicity.mean": [
        0.18514475226402283
    ],
    "sfx.logattacktime.mean": [
        -3.741346597671509
    ],
    "lowlevel.lpc": [
        [
            1.0,
            -1.1291860342025757,
            -0.2556333839893341,
            0.306874543428421,
            0.0342596210539341,
            -0.22320039570331573,
            0.32082033157348633,
            -0.035115279257297516,
            0.1781846433877945,
            -0.1106579378247261,
            -0.08127515017986298
        ]
    ],
    "lowlevel.spectralcentroid": [
        558.6162719726562
    ]
}