{
    "lowlevel.hfc.mean": [
        1.7576349973678589
    ],
    "lowlevel.mfcc.mean": [
        [
            -990.7833251953125,
            102.05235290527344,
            -37.044456481933594,
            -1.8640235662460327,
            -4.4195170402526855,
            -12.682425498962402,
            -11.75028133392334,
            4.79862117767334,
            -12.296464920043945,
            -25.37502670288086,
            -12.8696870803833,
            -2.149899959564209,
            -8.130181312561035
        ]
    ],
    "lowlevel.zerocrossingrate.mean": [
        0.21283169090747833
    ],
    "lowlevel.spectral_energyband_low.mean": [
        1.7528923308418598e-06
    ],
    "lowlevel.spectral_energyband_middle_low.mean": [
        0.0027904801536351442
    ],
    "lowlevel.spectral_energyband_middle_high.mean": [
        0.0006344469147734344
    ],
    "lowlevel.spectral_energyband_high.mean": [
        1.887354301288724e-06
    ],
    "lowlevel.pitch_salience_mean": [
        0.6331782341003418
    ],
    "lowlevel.inharmonicity.mean": [
        0.07063017040491104
    ],
    "sfx.logattacktime.mean": [
        -0.47756463289260864
    ],
    "lowlevel.lpc": [
        [
            1.0,
            -3.1231961250305176,
            4.282286167144775,
            -4.054385185241699,
            3.5371694564819336,
            -2.953854560852051,
            2.415499210357666,
            -1.9642722606658936,
            1.5161389112472534,
            -0.9541648030281067,
            0.30183401703834534
        ]
    ],
    "lowlevel.spectralcentroid": [
        754.4137573242188
    ]
}