{
    "lowlevel.hfc.mean": [
        1.0582186149576955e-07
    ],
    "lowlevel.mfcc.mean": [
        [
            -1264.6934814453125,
            0.2971237599849701,
            0.27910715341567993,
            0.2511792480945587,
            0.21544943749904633,
            0.17546454071998596,
            0.13399562239646912,
            0.09445308148860931,
            0.05942751467227936,
            0.030718592926859856,
            0.009243236854672432,
            -0.004880801774561405,
            -0.012389780022203922
        ]
    ],
    "lowlevel.zerocrossingrate.mean": [
        0.4929175078868866
    ],
    "lowlevel.spectral_energyband_low.mean": [
        4.6461920422125047e-10
    ],
    "lowlevel.spectral_energyband_middle_low.mean": [
        1.413883593537335e-10
    ],
    "lowlevel.spectral_energyband_middle_high.mean": [
        1.1874090252717018e-11
    ],
    "lowlevel.spectral_energyband_high.mean": [
        3.081466722412718e-12
    ],
    "lowlevel.pitch_salience_mean": [
        0.789426326751709
    ],
    "lowlevel.inharmonicity.mean": [
        0.1732231080532074
    ],
    "sfx.logattacktime.mean": [
        -5.0
    ],
    "lowlevel.lpc": [
        [
            1.0,
            -1.0861259698867798,
            0.2314954251050949,
            -0.23707009851932526,
            0.2174149751663208,
            -0.2453344166278839,
            0.20571164786815643,
            -0.16777320206165314,
            0.12678757309913635,
            -0.1461629867553711,
            0.10584153234958649
        ]
    ],
    "lowlevel.spectralcentroid": [
        352.3497009277344
    ]
}