{
    "lowlevel.hfc.mean": [
        0.43353497982025146
    ],
    "lowlevel.mfcc.mean": [
        [
            -1238.036376953125,
            6.769542694091797,
            -3.6457624435424805,
            0.7696561217308044,
            0.7304137945175171,
            -1.8115779161453247,
            -2.354703903198242,
            -1.328984260559082,
            -1.4519996643066406,
            -1.0124461650848389,
            0.6798142194747925,
            0.9927019476890564,
            1.0391463041305542
        ]
    ],
    "lowlevel.zerocrossingrate.mean": [
        0.4637819230556488
    ],
    "lowlevel.spectral_energyband_low.mean": [
        5.210280846768001e-07
    ],
    "lowlevel.spectral_energyband_middle_low.mean": [
        0.0005234568961896002
    ],
    "lowlevel.spectral_energyband_middle_high.mean": [
        9.901023440761492e-05
    ],
    "lowlevel.spectral_energyband_high.mean": [
        6.019355396347237e-07
    ],
    "lowlevel.pitch_salience_mean": [
        0.7708576917648315
    ],
    "lowlevel.inharmonicity.mean": [
        0.16394011676311493
    ],
    "sfx.logattacktime.mean": [
        -2.6401174068450928
    ],
    "lowlevel.lpc": [
        [
            1.0,
            -2.0924997329711914,
            1.169631004333496,
            -0.010673421435058117,
            -0.09299533814191818,
            0.13660398125648499,
            0.03434174507856369,
            -0.10838698595762253,
            -0.05802503228187561,
            -0.056944891810417175,
            0.08522190153598785
        ]
    ],
    "lowlevel.spectralcentroid": [
        974.033203125
    ]
}