{
    "lowlevel.hfc.mean": [
        4.4732890129089355
    ],
    "lowlevel.mfcc.mean": [
        [
            -967.7070922851562,
            58.65060043334961,
            -54.519325256347656,
            9.33525562286377,
            5.265631198883057,
            -15.328763008117676,
            -25.42552947998047,
            -17.796710968017578,
            -18.351917266845703,
            -13.12255859375,
            8.554228782653809,
            19.48172378540039,
            15.279765129089355
        ]
    ],
    "lowlevel.zerocrossingrate.mean": [
        0.17278380692005157
    ],
    "lowlevel.spectral_energyband_low.mean": [
        1.6381479781557573e-06
    ],
    "lowlevel.spectral_energyband_middle_low.mean": [
        0.005757855251431465
    ],
    "lowlevel.spectral_energyband_middle_high.mean": [
        0.0010066467802971601
    ],
    "lowlevel.spectral_energyband_high.mean": [
        8.003404218470678e-06
    ],
    "lowlevel.pitch_salience_mean": [
        0.4478784501552582
    ],
    "lowlevel.inharmonicity.mean": [
        0.04915832355618477
    ],
    "sfx.logattacktime.mean": [
        -0.15358152985572815
    ],
    "lowlevel.lpc": [
        [
            1.0,
            -3.5898213386535645,
            6.098099231719971,
            -7.244385719299316,
            7.198555946350098,
            -6.3577117919921875,
            5.266299247741699,
            -4.087201118469238,
            2.7098679542541504,
            -1.321325421333313,
            0.3304751217365265
        ]
    ],
    "lowlevel.spectralcentroid": [
        912.001953125
    ]
}