{
    "lowlevel.hfc.mean": [
        19.237733840942383
    ],
    "lowlevel.mfcc.mean": [
        [
            -1098.1734619140625,
            -55.598350524902344,
            -20.27149772644043,
            -5.14923095703125,
            -19.67667579650879,
            -8.516507148742676,
            12.712289810180664,
            24.26600456237793,
            19.64130210876465,
            13.438830375671387,
            -17.814350128173828,
            -17.29340934753418,
            -7.021807670593262
        ]
    ],
    "lowlevel.zerocrossingrate.mean": [
        0.35484015941619873
    ],
    "lowlevel.spectral_energyband_low.mean": [
        6.174829536575999e-08
    ],
    "lowlevel.spectral_energyband_middle_low.mean": [
        1.729333916955511e-06
    ],
    "lowlevel.spectral_energyband_middle_high.mean": [
        0.002487707184627652
    ],
    "lowlevel.spectral_energyband_high.mean": [
        0.0017868545837700367
    ],
    "lowlevel.pitch_salience_mean": [
        0.7770653963088989
    ],
    "lowlevel.inharmonicity.mean": [
        0.12545637786388397
    ],
    "sfx.logattacktime.mean": [
        -2.7871060371398926
    ],
    "lowlevel.lpc": [
        [
            1.0,
            -1.2494783401489258,
            1.0194344520568848,
            -0.8753904104232788,
            0.7581151127815247,
            -0.6658796668052673,
            0.7018526792526245,
            -0.5354803800582886,
            0.38263043761253357,
            -0.14025714993476868,
            -0.08819188922643661
        ]
    ],
    "lowlevel.spectralcentroid": [
        5214.16455078125
    ]
}