{
    "lowlevel.hfc.mean": [
        2.675346612930298
    ],
    "lowlevel.mfcc.mean": [
        [
            -948.524658203125,
            74.65489196777344,
            -57.175628662109375,
            1.413030982017517,
            5.534695625305176,
            -10.574975967407227,
            -27.239952087402344,
            -11.565102577209473,
            -9.2807035446167,
            3.6536123752593994,
            -10.424402236938477,
            -18.10177230834961,
            -10.324695587158203
        ]
    ],
    "lowlevel.zerocrossingrate.mean": [
        0.20604762434959412
    ],
    "lowlevel.spectral_energyband_low.mean": [
        1.3991722198625212e-06
    ],
    "lowlevel.spectral_energyband_middle_low.mean": [
        0.0017726658843457699
    ],
    "lowlevel.spectral_energyband_middle_high.mean": [
        0.0010573160834610462
    ],
    "lowlevel.spectral_energyband_high.mean": [
        8.180112672562245e-06
    ],
    "lowlevel.pitch_salience_mean": [
        0.7505463361740112
    ],
    "lowlevel.inharmonicity.mean": [
        0.06901821494102478
    ],
    "sfx.logattacktime.mean": [
        -0.3619977831840515
    ],
    "lowlevel.lpc": [
        [
            1.0,
            -3.2878825664520264,
            4.91252326965332,
            -4.939074516296387,
            4.1740241050720215,
            -3.2866830825805664,
            2.5494134426116943,
            -1.8734310865402222,
            1.2061901092529297,
            -0.6041173934936523,
            0.15489479899406433
        ]
    ],
    "lowlevel.spectralcentroid": [
        1216.50390625
    ]
}