{
    "lowlevel.hfc.mean": [
        1.1029600344159007e-08
    ],
    "lowlevel.mfcc.mean": [
        [
            -1264.908203125,
            3.0517578125e-05,
            -6.866455078125e-05,
            3.0517578125e-05,
            -8.0108642578125e-05,
            6.866455078125e-05,
            -3.0517578125e-05,
            -6.866455078125e-05,
            -4.9591064453125e-05,
            -1.9073486328125e-05,
            -2.288818359375e-05,
            -1.9073486328125e-05,
            -4.1961669921875e-05
        ]
    ],
    "lowlevel.zerocrossingrate.mean": [
        0.5001919269561768
    ],
    "lowlevel.spectral_energyband_low.mean": [
        7.736059649864416e-14
    ],
    "lowlevel.spectral_energyband_middle_low.mean": [
        3.4054036717259817e-13
    ],
    "lowlevel.spectral_energyband_middle_high.mean": [
        1.4180757262893806e-12
    ],
    "lowlevel.spectral_energyband_high.mean": [
        1.0352781999733995e-12
    ],
    "lowlevel.pitch_salience_mean": [
        0.7934591770172119
    ],
    "lowlevel.inharmonicity.mean": [
        0.1851302534341812
    ],
    "sfx.logattacktime.mean": [
        -5.0
    ],
    "lowlevel.lpc": [
        [
            0.0,
            0.0,
            0.0,
            0.0,
            0.0,
            0.0,
            0.0,
            0.0,
            0.0,
            0.0,
            0.0
        ]
    ],
    "lowlevel.spectralcentroid": [
        3309.867431640625
    ]
}