{
    "lowlevel.hfc.mean": [
        1.5577467138427892e-07
    ],
    "lowlevel.mfcc.mean": [
        [
            -1264.72021484375,
            0.25710538029670715,
            0.21857063472270966,
            0.16840361058712006,
            0.12004272639751434,
            0.08378267288208008,
            0.062129296362400055,
            0.052479203790426254,
            0.049120061099529266,
            0.04659808799624443,
            0.041353095322847366,
            0.03191075474023819,
            0.018245885148644447
        ]
    ],
    "lowlevel.zerocrossingrate.mean": [
        0.4949394464492798
    ],
    "lowlevel.spectral_energyband_low.mean": [
        3.6442523998481136e-10
    ],
    "lowlevel.spectral_energyband_middle_low.mean": [
        1.4744247489595352e-10
    ],
    "lowlevel.spectral_energyband_middle_high.mean": [
        2.1422572049623057e-11
    ],
    "lowlevel.spectral_energyband_high.mean": [
        5.46083143981857e-12
    ],
    "lowlevel.pitch_salience_mean": [
        0.7902963757514954
    ],
    "lowlevel.inharmonicity.mean": [
        0.16749663650989532
    ],
    "sfx.logattacktime.mean": [
        -2.568890333175659
    ],
    "lowlevel.lpc": [
        [
            1.0,
            -0.8669230937957764,
            -0.1894511580467224,
            0.1323157697916031,
            -0.08266139030456543,
            0.002364798914641142,
            0.011159677058458328,
            0.0075596594251692295,
            -0.010904181748628616,
            -0.00630459887906909,
            0.012942132540047169
        ]
    ],
    "lowlevel.spectralcentroid": [
        577.5094604492188
    ]
}