{
    "lowlevel.hfc.mean": [
        1.8290337324142456
    ],
    "lowlevel.mfcc.mean": [
        [
            -986.236083984375,
            155.30455017089844,
            -1.8272013664245605,
            16.189218521118164,
            1.6346476078033447,
            -18.171186447143555,
            -6.681427955627441,
            4.692640781402588,
            0.13091902434825897,
            -8.005839347839355,
            0.08191575109958649,
            0.5642867088317871,
            -8.730576515197754
        ]
    ],
    "lowlevel.zerocrossingrate.mean": [
        0.18965782225131989
    ],
    "lowlevel.spectral_energyband_low.mean": [
        0.0028579016216099262
    ],
    "lowlevel.spectral_energyband_middle_low.mean": [
        0.00519036827608943
    ],
    "lowlevel.spectral_energyband_middle_high.mean": [
        0.00018850868218578398
    ],
    "lowlevel.spectral_energyband_high.mean": [
        5.522912260857993e-07
    ],
    "lowlevel.pitch_salience_mean": [
        0.6673048734664917
    ],
    "lowlevel.inharmonicity.mean": [
        0.10809551179409027
    ],
    "sfx.logattacktime.mean": [
        -1.058188796043396
    ],
    "lowlevel.lpc": [
        [
            1.0,
            -2.5717458724975586,
            2.524306297302246,
            -1.71990168094635,
            1.2853628396987915,
            -0.6019762754440308,
            0.23538002371788025,
            -0.2698312997817993,
            0.17244547605514526,
            -0.14740079641342163,
            0.09515056014060974
        ]
    ],
    "lowlevel.spectralcentroid": [
        380.7660217285156
    ]
}