{
    "lowlevel.hfc.mean": [
        0.9176803231239319
    ],
    "lowlevel.mfcc.mean": [
        [
            -1182.5936279296875,
            49.799659729003906,
            -8.660420417785645,
            -3.1426162719726562,
            1.138940453529358,
            -1.2204760313034058,
            -1.3595788478851318,
            2.39328932762146,
            1.049304723739624,
            -0.26592180132865906,
            -2.6840856075286865,
            -6.681498050689697,
            -7.227013111114502
        ]
    ],
    "lowlevel.zerocrossingrate.mean": [
        0.38187551498413086
    ],
    "lowlevel.spectral_energyband_low.mean": [
        1.461978808947606e-05
    ],
    "lowlevel.spectral_energyband_middle_low.mean": [
        0.000972891750279814
    ],
    "lowlevel.spectral_energyband_middle_high.mean": [
        0.0006346535519696772
    ],
    "lowlevel.spectral_energyband_high.mean": [
        1.8456901784702495e-07
    ],
    "lowlevel.pitch_salience_mean": [
        0.7182887196540833
    ],
    "lowlevel.inharmonicity.mean": [
        0.1458263099193573
    ],
    "sfx.logattacktime.mean": [
        -1.7579479217529297
    ],
    "lowlevel.lpc": [
        [
            1.0,
            -2.4704296588897705,
            1.5988446474075317,
            0.2668381631374359,
            -0.2735249698162079,
            -0.20800496637821198,
            0.04786328598856926,
            0.046493589878082275,
            0.02101774699985981,
            -0.05788176506757736,
            0.03193061426281929
        ]
    ],
    "lowlevel.spectralcentroid": [
        738.4710083007812
    ]
}