{
    "lowlevel.hfc.mean": [
        2.594746183604002e-05
    ],
    "lowlevel.mfcc.mean": [
        [
            -1263.3199462890625,
            1.2042516469955444,
            0.3862605690956116,
            0.299535870552063,
            0.1849711835384369,
            0.16018591821193695,
            0.13270850479602814,
            0.11268729716539383,
            0.09719384461641312,
            0.08640196174383163,
            0.05997072532773018,
            0.04364492744207382,
            0.02485012821853161
        ]
    ],
    "lowlevel.zerocrossingrate.mean": [
        0.4927477538585663
    ],
    "lowlevel.spectral_energyband_low.mean": [
        1.0003294192983958e-07
    ],
    "lowlevel.spectral_energyband_middle_low.mean": [
        2.4137227327969413e-08
    ],
    "lowlevel.spectral_energyband_middle_high.mean": [
        3.311481311385478e-09
    ],
    "lowlevel.spectral_energyband_high.mean": [
        8.388233996292627e-10
    ],
    "lowlevel.pitch_salience_mean": [
        0.788271963596344
    ],
    "lowlevel.inharmonicity.mean": [
        0.16978779435157776
    ],
    "sfx.logattacktime.mean": [
        -2.477121591567993
    ],
    "lowlevel.lpc": [
        [
            1.0,
            -1.0496046543121338,
            0.11200211197137833,
            -0.10259532183408737,
            0.09439902007579803,
            -0.09161753952503204,
            0.084733746945858,
            -0.07693994790315628,
            0.06608006358146667,
            -0.06057793274521828,
            0.03034096769988537
        ]
    ],
    "lowlevel.spectralcentroid": [
        467.92877197265625
    ]
}