{
    "lowlevel.hfc.mean": [
        0.2066231518983841
    ],
    "lowlevel.mfcc.mean": [
        [
            -1193.427978515625,
            41.54003143310547,
            3.3514223098754883,
            -1.1566205024719238,
            0.1000225841999054,
            -1.2762866020202637,
            -3.8513612747192383,
            -2.0821053981781006,
            -0.7297666668891907,
            -0.5127934217453003,
            -2.062727928161621,
            0.415555477142334,
            1.0714104175567627
        ]
    ],
    "lowlevel.zerocrossingrate.mean": [
        0.3643730878829956
    ],
    "lowlevel.spectral_energyband_low.mean": [
        3.9226291846716776e-05
    ],
    "lowlevel.spectral_energyband_middle_low.mean": [
        0.0004271031357347965
    ],
    "lowlevel.spectral_energyband_middle_high.mean": [
        2.1164512872928753e-05
    ],
    "lowlevel.spectral_energyband_high.mean": [
        3.467047520189226e-07
    ],
    "lowlevel.pitch_salience_mean": [
        0.7472931742668152
    ],
    "lowlevel.inharmonicity.mean": [
        0.1248418465256691
    ],
    "sfx.logattacktime.mean": [
        -2.0966639518737793
    ],
    "lowlevel.lpc": [
        [
            1.0,
            -1.6252930164337158,
            0.6859718561172485,
            -0.5969970226287842,
            0.9136829972267151,
            -0.5993624329566956,
            0.3331632912158966,
            -0.24027249217033386,
            0.3535623252391815,
            -0.31334054470062256,
            0.09640837460756302
        ]
    ],
    "lowlevel.spectralcentroid": [
        540.25830078125
    ]
}