{
    "lowlevel.hfc.mean": [
        1.4164337699185126e-05
    ],
    "lowlevel.mfcc.mean": [
        [
            -1260.1260986328125,
            5.570018291473389,
            3.195370674133301,
            1.6145731210708618,
            1.1874196529388428,
            1.0033555030822754,
            0.6024281978607178,
            0.25287777185440063,
            0.11527696996927261,
            0.05472389981150627,
            0.03649075701832771,
            0.14323340356349945,
            0.2931098937988281
        ]
    ],
    "lowlevel.zerocrossingrate.mean": [
        0.4598388671875
    ],
    "lowlevel.spectral_energyband_low.mean": [
        3.720325736367158e-08
    ],
    "lowlevel.spectral_energyband_middle_low.mean": [
        1.3961407141493964e-08
    ],
    "lowlevel.spectral_energyband_middle_high.mean": [
        1.8509910271191643e-09
    ],
    "lowlevel.spectral_energyband_high.mean": [
        5.054254792469237e-10
    ],
    "lowlevel.pitch_salience_mean": [
        0.7845261096954346
    ],
    "lowlevel.inharmonicity.mean": [
        0.16017301380634308
    ],
    "sfx.logattacktime.mean": [
        -3.565279006958008
    ],
    "lowlevel.lpc": [
        [
            1.0,
            -0.9235835075378418,
            -0.004210983403027058,
            -0.11174668371677399,
            0.0775640606880188,
            -0.17038345336914062,
            0.2610377073287964,
            -0.24060674011707306,
            0.16958163678646088,
            -0.059436049312353134,
            0.01055898331105709
        ]
    ],
    "lowlevel.spectralcentroid": [
        884.5052490234375
    ]
}