{
    "lowlevel.hfc.mean": [
        3.3300746054010233e-06
    ],
    "lowlevel.mfcc.mean": [
        [
            -1264.09619140625,
            0.8056882619857788,
            0.19240981340408325,
            -0.04390062391757965,
            0.1334202140569687,
            0.27813032269477844,
            0.1502576470375061,
            -0.0752209797501564,
            -0.15518756210803986,
            -0.06584231555461884,
            0.045826446264982224,
            0.06391070783138275,
            0.005753226578235626
        ]
    ],
    "lowlevel.zerocrossingrate.mean": [
        0.49246710538864136
    ],
    "lowlevel.spectral_energyband_low.mean": [
        1.1030513169529854e-09
    ],
    "lowlevel.spectral_energyband_middle_low.mean": [
        1.2848248021057884e-09
    ],
    "lowlevel.spectral_energyband_middle_high.mean": [
        1.802297866504432e-09
    ],
    "lowlevel.spectral_energyband_high.mean": [
        4.131563841047736e-11
    ],
    "lowlevel.pitch_salience_mean": [
        0.792000949382782
    ],
    "lowlevel.inharmonicity.mean": [
        0.17272144556045532
    ],
    "sfx.logattacktime.mean": [
        -5.0
    ],
    "lowlevel.lpc": [
        [
            1.0,
            -1.2546669244766235,
            0.16210700571537018,
            -0.0790569931268692,
            0.1581626534461975,
            -0.05291030555963516,
            0.1113528162240982,
            -0.0591927208006382,
            0.1390310376882553,
            -0.029271982610225677,
            -0.05814447999000549
        ]
    ],
    "lowlevel.spectralcentroid": [
        1021.4583740234375
    ]
}