{
    "lowlevel.hfc.mean": [
        3.894498109817505
    ],
    "lowlevel.mfcc.mean": [
        [
            -1132.1964111328125,
            42.38991165161133,
            -18.942834854125977,
            4.0557661056518555,
            -3.961282253265381,
            4.381046295166016,
            -3.676863193511963,
            1.7971407175064087,
            -4.774833679199219,
            -3.439215898513794,
            -8.411828994750977,
            -10.882261276245117,
            -6.393274307250977
        ]
    ],
    "lowlevel.zerocrossingrate.mean": [
        0.3668452799320221
    ],
    "lowlevel.spectral_energyband_low.mean": [
        8.528698344889563e-06
    ],
    "lowlevel.spectral_energyband_middle_low.mean": [
        0.005890310276299715
    ],
    "lowlevel.spectral_energyband_middle_high.mean": [
        0.0017555018421262503
    ],
    "lowlevel.spectral_energyband_high.mean": [
        1.9961587895522825e-05
    ],
    "lowlevel.pitch_salience_mean": [
        0.6836309432983398
    ],
    "lowlevel.inharmonicity.mean": [
        0.1324833482503891
    ],
    "sfx.logattacktime.mean": [
        -1.9024995565414429
    ],
    "lowlevel.lpc": [
        [
            1.0,
            -3.7620415687561035,
            6.224365234375,
            -5.9029221534729,
            3.315207004547119,
            -0.8216012120246887,
            -0.25835931301116943,
            0.28291386365890503,
            -0.03545138239860535,
            -0.08466605842113495,
            0.04460732266306877
        ]
    ],
    "lowlevel.spectralcentroid": [
        778.604248046875
    ]
}