{
    "lowlevel.hfc.mean": [
        3.057875871658325
    ],
    "lowlevel.mfcc.mean": [
        [
            -1245.93310546875,
            5.202364921569824,
            -7.062973976135254,
            -2.1914165019989014,
            -0.03310401365160942,
            1.3766672611236572,
            1.2826063632965088,
            1.9405039548873901,
            3.037144184112549,
            0.44094204902648926,
            -2.6856026649475098,
            -3.1103785037994385,
            1.0848603248596191
        ]
    ],
    "lowlevel.zerocrossingrate.mean": [
        0.4660681188106537
    ],
    "lowlevel.spectral_energyband_low.mean": [
        2.5311109652648156e-07
    ],
    "lowlevel.spectral_energyband_middle_low.mean": [
        3.5722086977330036e-06
    ],
    "lowlevel.spectral_energyband_middle_high.mean": [
        0.00296851247549057
    ],
    "lowlevel.spectral_energyband_high.mean": [
        4.2545406131466734e-07
    ],
    "lowlevel.pitch_salience_mean": [
        0.7621472477912903
    ],
    "lowlevel.inharmonicity.mean": [
        0.15468727052211761
    ],
    "sfx.logattacktime.mean": [
        -3.799348831176758
    ],
    "lowlevel.lpc": [
        [
            1.0,
            -1.7909435033798218,
            0.412750244140625,
            0.2899820804595947,
            0.18500863015651703,
            0.08861839771270752,
            0.010191462934017181,
            -0.06370247155427933,
            -0.1316886842250824,
            -0.20587027072906494,
            0.22299279272556305
        ]
    ],
    "lowlevel.spectralcentroid": [
        1066.269775390625
    ]
}