{
    "lowlevel.hfc.mean": [
        23.83722686767578
    ],
    "lowlevel.mfcc.mean": [
        [
            -1091.5150146484375,
            50.302555084228516,
            -81.90814971923828,
            -23.42595100402832,
            -1.188441514968872,
            9.50285816192627,
            28.077484130859375,
            38.851951599121094,
            27.193004608154297,
            4.774791240692139,
            -31.798038482666016,
            -30.596355438232422,
            11.642467498779297
        ]
    ],
    "lowlevel.zerocrossingrate.mean": [
        0.14414989948272705
    ],
    "lowlevel.spectral_energyband_low.mean": [
        6.776563736821117e-07
    ],
    "lowlevel.spectral_energyband_middle_low.mean": [
        3.9004919472063193e-07
    ],
    "lowlevel.spectral_energyband_middle_high.mean": [
        0.02452291175723076
    ],
    "lowlevel.spectral_energyband_high.mean": [
        2.7653635470414883e-07
    ],
    "lowlevel.pitch_salience_mean": [
        0.2724224627017975
    ],
    "lowlevel.inharmonicity.mean": [
        0.03781907632946968
    ],
    "sfx.logattacktime.mean": [
        -0.33164793252944946
    ],
    "lowlevel.lpc": [
        [
            1.0,
            -2.4371707439422607,
            1.6295679807662964,
            -0.08338087797164917,
            0.11655335128307343,
            -0.22481952607631683,
            0.1285819560289383,
            -0.26759275794029236,
            0.2549182176589966,
            -0.2465675175189972,
            0.14004507660865784
        ]
    ],
    "lowlevel.spectralcentroid": [
        985.4730834960938
    ]
}