{
    "lowlevel.hfc.mean": [
        33.26164627075195
    ],
    "lowlevel.mfcc.mean": [
        [
            -1185.88427734375,
            2.9044392108917236,
            1.7189475297927856,
            3.910029172897339,
            -0.5936369895935059,
            -1.5954090356826782,
            -2.359035015106201,
            -2.4566824436187744,
            -2.345665693283081,
            -2.3163845539093018,
            -0.9176461100578308,
            -0.7184445858001709,
            0.502686083316803
        ]
    ],
    "lowlevel.zerocrossingrate.mean": [
        0.4315243661403656
    ],
    "lowlevel.spectral_energyband_low.mean": [
        6.64218096062541e-05
    ],
    "lowlevel.spectral_energyband_middle_low.mean": [
        0.02445290796458721
    ],
    "lowlevel.spectral_energyband_middle_high.mean": [
        0.0023795661982148886
    ],
    "lowlevel.spectral_energyband_high.mean": [
        0.0026773361023515463
    ],
    "lowlevel.pitch_salience_mean": [
        0.7759016752243042
    ],
    "lowlevel.inharmonicity.mean": [
        0.14910577237606049
    ],
    "sfx.logattacktime.mean": [
        -2.044555425643921
    ],
    "lowlevel.lpc": [
        [
            1.0,
            -1.888931393623352,
            2.1873042583465576,
            -2.402137279510498,
            2.282073974609375,
            -2.035919189453125,
            1.7008910179138184,
            -1.449655294418335,
            1.0063767433166504,
            -0.6290823221206665,
            0.2580853998661041
        ]
    ],
    "lowlevel.spectralcentroid": [
        2296.267822265625
    ]
}