{
    "lowlevel.hfc.mean": [
        0.001570324064232409
    ],
    "lowlevel.mfcc.mean": [
        [
            -1257.2926025390625,
            -0.23939473927021027,
            0.06484945118427277,
            0.0042395456694066525,
            -0.009678104892373085,
            0.00852167047560215,
            -0.024268776178359985,
            -0.00276140496134758,
            0.0009288969449698925,
            0.02753521129488945,
            -0.021684374660253525,
            -0.010540335439145565,
            -0.006882567424327135
        ]
    ],
    "lowlevel.zerocrossingrate.mean": [
        0.474028080701828
    ],
    "lowlevel.spectral_energyband_low.mean": [
        1.2907018787089442e-09
    ],
    "lowlevel.spectral_energyband_middle_low.mean": [
        5.892760501780003e-09
    ],
    "lowlevel.spectral_energyband_middle_high.mean": [
        3.0870204170696525e-08
    ],
    "lowlevel.spectral_energyband_high.mean": [
        1.399850191319274e-07
    ],
    "lowlevel.pitch_salience_mean": [
        0.8016735911369324
    ],
    "lowlevel.inharmonicity.mean": [
        0.154088094830513
    ],
    "sfx.logattacktime.mean": [
        -5.0
    ],
    "lowlevel.lpc": [
        [
            1.0,
            -0.4672936499118805,
            0.4831952452659607,
            -0.37672191858291626,
            0.38194209337234497,
            -0.35020893812179565,
            0.31724128127098083,
            -0.266278475522995,
            0.21538053452968597,
            -0.14514973759651184,
            0.07851357758045197
        ]
    ],
    "lowlevel.spectralcentroid": [
        8399.7490234375
    ]
}