{
    "lowlevel.hfc.mean": [
        5.16765022277832
    ],
    "lowlevel.mfcc.mean": [
        [
            -987.1892700195312,
            113.62061309814453,
            -105.6377182006836,
            -29.658979415893555,
            -20.250694274902344,
            -13.874341011047363,
            -19.36699104309082,
            -26.97566795349121,
            -20.674367904663086,
            -21.017724990844727,
            -8.88759708404541,
            -5.949060440063477,
            -10.696590423583984
        ]
    ],
    "lowlevel.zerocrossingrate.mean": [
        0.20992343127727509
    ],
    "lowlevel.spectral_energyband_low.mean": [
        3.110894652991192e-08
    ],
    "lowlevel.spectral_energyband_middle_low.mean": [
        0.0011663510231301188
    ],
    "lowlevel.spectral_energyband_middle_high.mean": [
        0.0032429543789476156
    ],
    "lowlevel.spectral_energyband_high.mean": [
        1.8329430986341322e-06
    ],
    "lowlevel.pitch_salience_mean": [
        0.817665159702301
    ],
    "lowlevel.inharmonicity.mean": [
        0.07718681544065475
    ],
    "sfx.logattacktime.mean": [
        -0.4707280099391937
    ],
    "lowlevel.lpc": [
        [
            1.0,
            -3.5379652976989746,
            4.793090343475342,
            -3.126467704772949,
            1.3472801446914673,
            -0.7935734987258911,
            0.24134790897369385,
            0.1205841451883316,
            0.09583139419555664,
            -0.20880092680454254,
            0.0716453492641449
        ]
    ],
    "lowlevel.spectralcentroid": [
        1320.46533203125
    ]
}