{
    "lowlevel.hfc.mean": [
        7.366598442359873e-09
    ],
    "lowlevel.mfcc.mean": [
        [
            -1264.920654296875,
            3.0517578125e-05,
            -6.866455078125e-05,
            3.0517578125e-05,
            -8.0108642578125e-05,
            6.866455078125e-05,
            -3.0517578125e-05,
            -6.866455078125e-05,
            -4.9591064453125e-05,
            -1.9073486328125e-05,
            -2.288818359375e-05,
            -1.9073486328125e-05,
            -4.1961669921875e-05
        ]
    ],
    "lowlevel.zerocrossingrate.mean": [
        0.49966108798980713
    ],
    "lowlevel.spectral_energyband_low.mean": [
        4.879371239734434e-14
    ],
    "lowlevel.spectral_energyband_middle_low.mean": [
        2.1469505589576804e-13
    ],
    "lowlevel.spectral_energyband_middle_high.mean": [
        8.842279122442398e-13
    ],
    "lowlevel.spectral_energyband_high.mean": [
        6.478691281369686e-13
    ],
    "lowlevel.pitch_salience_mean": [
        0.7918322682380676
    ],
    "lowlevel.inharmonicity.mean": [
        0.17880503833293915
    ],
    "sfx.logattacktime.mean": [
        -5.0
    ],
    "lowlevel.lpc": [
        [
            0.0,
            0.0,
            0.0,
            0.0,
            0.0,
            0.0,
            0.0,
            0.0,
            0.0,
            0.0,
            0.0
        ]
    ],
    "lowlevel.spectralcentroid": [
        3523.407470703125
    ]
}