{
    "lowlevel.hfc.mean": [
        2.1961525362712564e-06
    ],
    "lowlevel.mfcc.mean": [
        [
            -1264.3865966796875,
            0.5681253671646118,
            0.2770281136035919,
            0.14729665219783783,
            0.10452370345592499,
            0.06187921762466431,
            0.028989292681217194,
            -0.00956408865749836,
            -0.04422388970851898,
            -0.056217413395643234,
            -0.05262678489089012,
            -0.021794438362121582,
            0.030431747436523438
        ]
    ],
    "lowlevel.zerocrossingrate.mean": [
        0.4949027895927429
    ],
    "lowlevel.spectral_energyband_low.mean": [
        1.992056963828759e-09
    ],
    "lowlevel.spectral_energyband_middle_low.mean": [
        2.4463076009340057e-09
    ],
    "lowlevel.spectral_energyband_middle_high.mean": [
        3.8975933591700596e-10
    ],
    "lowlevel.spectral_energyband_high.mean": [
        7.54556625515157e-11
    ],
    "lowlevel.pitch_salience_mean": [
        0.790635883808136
    ],
    "lowlevel.inharmonicity.mean": [
        0.16941562294960022
    ],
    "sfx.logattacktime.mean": [
        -5.0
    ],
    "lowlevel.lpc": [
        [
            1.0,
            -0.9388101696968079,
            -0.10343989729881287,
            0.07690277695655823,
            -0.056267935782670975,
            0.0639413446187973,
            -0.04047378525137901,
            0.03245377913117409,
            -0.04146939888596535,
            0.009867641143500805,
            0.014524796046316624
        ]
    ],
    "lowlevel.spectralcentroid": [
        865.89404296875
    ]
}