{
    "lowlevel.hfc.mean": [
        87.05723571777344
    ],
    "lowlevel.mfcc.mean": [
        [
            -940.0489501953125,
            -13.249080657958984,
            -22.906597137451172,
            -5.241493225097656,
            11.53239917755127,
            8.461187362670898,
            27.116601943969727,
            -5.6256022453308105,
            -24.893352508544922,
            -8.65097427368164,
            30.39422035217285,
            44.06533432006836,
            -15.577934265136719
        ]
    ],
    "lowlevel.zerocrossingrate.mean": [
        0.22712603211402893
    ],
    "lowlevel.spectral_energyband_low.mean": [
        2.3218684873427264e-05
    ],
    "lowlevel.spectral_energyband_middle_low.mean": [
        4.466935934033245e-06
    ],
    "lowlevel.spectral_energyband_middle_high.mean": [
        0.03223032131791115
    ],
    "lowlevel.spectral_energyband_high.mean": [
        0.005623048171401024
    ],
    "lowlevel.pitch_salience_mean": [
        0.6809734106063843
    ],
    "lowlevel.inharmonicity.mean": [
        0.0558980293571949
    ],
    "sfx.logattacktime.mean": [
        0.1545364409685135
    ],
    "lowlevel.lpc": [
        [
            1.0,
            -2.6007707118988037,
            3.355782985687256,
            -3.355539083480835,
            3.0916733741760254,
            -2.6142139434814453,
            2.4514145851135254,
            -2.384298324584961,
            1.8608224391937256,
            -1.0505831241607666,
            0.3509102165699005
        ]
    ],
    "lowlevel.spectralcentroid": [
        2566.43017578125
    ]
}