{
    "lowlevel.hfc.mean": [
        3.8324978959281e-05
    ],
    "lowlevel.mfcc.mean": [
        [
            -1262.5396728515625,
            1.8448323011398315,
            0.5584540367126465,
            0.3403986394405365,
            0.06314035505056381,
            -0.018259581178426743,
            -0.02153124287724495,
            -0.010056208819150925,
            0.041184037923812866,
            0.08734959363937378,
            0.01893731951713562,
            -0.020412487909197807,
            -0.029754014685750008
        ]
    ],
    "lowlevel.zerocrossingrate.mean": [
        0.49036142230033875
    ],
    "lowlevel.spectral_energyband_low.mean": [
        3.90250178838869e-08
    ],
    "lowlevel.spectral_energyband_middle_low.mean": [
        5.055410312593267e-08
    ],
    "lowlevel.spectral_energyband_middle_high.mean": [
        5.592506902019068e-09
    ],
    "lowlevel.spectral_energyband_high.mean": [
        1.1245945286120218e-09
    ],
    "lowlevel.pitch_salience_mean": [
        0.7927590608596802
    ],
    "lowlevel.inharmonicity.mean": [
        0.16843034327030182
    ],
    "sfx.logattacktime.mean": [
        -3.5651838779449463
    ],
    "lowlevel.lpc": [
        [
            1.0,
            -1.0461052656173706,
            0.03790805861353874,
            -0.02754051238298416,
            0.04214845597743988,
            -0.027168916538357735,
            0.03725987672805786,
            -0.03821196407079697,
            0.024404071271419525,
            -0.032982587814331055,
            0.04605790227651596
        ]
    ],
    "lowlevel.spectralcentroid": [
        932.6994018554688
    ]
}