{
    "lowlevel.hfc.mean": [
        132.2831268310547
    ],
    "lowlevel.mfcc.mean": [
        [
            -1046.3338623046875,
            12.00442886352539,
            -15.974019050598145,
            9.244555473327637,
            -4.605346202850342,
            -1.5842390060424805,
            -8.83432674407959,
            -3.4445297718048096,
            -8.575974464416504,
            -2.6916136741638184,
            -3.581406354904175,
            -3.149961471557617,
            -4.480246067047119
        ]
    ],
    "lowlevel.zerocrossingrate.mean": [
        0.37790971994400024
    ],
    "lowlevel.spectral_energyband_low.mean": [
        1.705808608676307e-05
    ],
    "lowlevel.spectral_energyband_middle_low.mean": [
        0.022088509052991867
    ],
    "lowlevel.spectral_energyband_middle_high.mean": [
        0.030065037310123444
    ],
    "lowlevel.spectral_energyband_high.mean": [
        0.009092471562325954
    ],
    "lowlevel.pitch_salience_mean": [
        0.7214109897613525
    ],
    "lowlevel.inharmonicity.mean": [
        0.16272258758544922
    ],
    "sfx.logattacktime.mean": [
        -1.4033905267715454
    ],
    "lowlevel.lpc": [
        [
            1.0,
            -3.5993597507476807,
            6.308409690856934,
            -6.913823127746582,
            5.015549659729004,
            -2.2007062435150146,
            0.1462920606136322,
            0.6434068083763123,
            -0.581635594367981,
            0.2698558270931244,
            -0.07147745043039322
        ]
    ],
    "lowlevel.spectralcentroid": [
        2795.162353515625
    ]
}