{
    "lowlevel.hfc.mean": [
        0.03721971809864044
    ],
    "lowlevel.mfcc.mean": [
        [
            -1259.3685302734375,
            1.8594605922698975,
            -1.14332914352417,
            -0.5288887023925781,
            0.17194460332393646,
            0.5182860493659973,
            0.025027086958289146,
            -0.3226250112056732,
            -0.11995798349380493,
            0.17971645295619965,
            0.18729153275489807,
            -0.018617527559399605,
            -0.33859875798225403
        ]
    ],
    "lowlevel.zerocrossingrate.mean": [
        0.48632434010505676
    ],
    "lowlevel.spectral_energyband_low.mean": [
        8.375742055477531e-08
    ],
    "lowlevel.spectral_energyband_middle_low.mean": [
        3.605958056596137e-07
    ],
    "lowlevel.spectral_energyband_middle_high.mean": [
        2.3342412532656454e-05
    ],
    "lowlevel.spectral_energyband_high.mean": [
        6.859501411327074e-08
    ],
    "lowlevel.pitch_salience_mean": [
        0.7945486903190613
    ],
    "lowlevel.inharmonicity.mean": [
        0.17188240587711334
    ],
    "sfx.logattacktime.mean": [
        -3.945509433746338
    ],
    "lowlevel.lpc": [
        [
            1.0,
            -1.6571452617645264,
            0.6591017842292786,
            0.018443448469042778,
            -0.01176641695201397,
            0.08182214945554733,
            0.0030176753643900156,
            -0.06122836843132973,
            0.037348393350839615,
            0.025670761242508888,
            0.0013194939820095897
        ]
    ],
    "lowlevel.spectralcentroid": [
        1598.0343017578125
    ]
}