{
    "lowlevel.hfc.mean": [
        5.949832439422607
    ],
    "lowlevel.mfcc.mean": [
        [
            -1039.6175537109375,
            10.402847290039062,
            -80.2864990234375,
            -39.140933990478516,
            5.396791934967041,
            18.94522476196289,
            1.6495740413665771,
            -6.645063877105713,
            1.5917123556137085,
            12.481554985046387,
            9.05131721496582,
            9.647933006286621,
            -2.3659286499023438
        ]
    ],
    "lowlevel.zerocrossingrate.mean": [
        0.15057820081710815
    ],
    "lowlevel.spectral_energyband_low.mean": [
        1.0808628303493606e-07
    ],
    "lowlevel.spectral_energyband_middle_low.mean": [
        6.869746721349657e-05
    ],
    "lowlevel.spectral_energyband_middle_high.mean": [
        0.0041798995807766914
    ],
    "lowlevel.spectral_energyband_high.mean": [
        9.5802961368463e-06
    ],
    "lowlevel.pitch_salience_mean": [
        0.32406893372535706
    ],
    "lowlevel.inharmonicity.mean": [
        0.06574340164661407
    ],
    "sfx.logattacktime.mean": [
        0.03553414344787598
    ],
    "lowlevel.lpc": [
        [
            1.0,
            -2.734086751937866,
            3.4911932945251465,
            -3.4967169761657715,
            3.061328887939453,
            -2.0402801036834717,
            1.2475316524505615,
            -0.9168831706047058,
            0.5668110847473145,
            -0.11988446861505508,
            -0.03679764270782471
        ]
    ],
    "lowlevel.spectralcentroid": [
        1445.43310546875
    ]
}