{
    "lowlevel.hfc.mean": [
        1.7365800886182114e-07
    ],
    "lowlevel.mfcc.mean": [
        [
            -1264.69580078125,
            0.2880931496620178,
            0.24596945941448212,
            0.1888982206583023,
            0.13020604848861694,
            0.08136533200740814,
            0.04700242355465889,
            0.026599708944559097,
            0.015740064904093742,
            0.00950000062584877,
            0.0046512712724506855,
            0.00020472209143918008,
            -0.0035920569207519293
        ]
    ],
    "lowlevel.zerocrossingrate.mean": [
        0.49404168128967285
    ],
    "lowlevel.spectral_energyband_low.mean": [
        2.5599317110547304e-10
    ],
    "lowlevel.spectral_energyband_middle_low.mean": [
        1.7573388577662996e-10
    ],
    "lowlevel.spectral_energyband_middle_high.mean": [
        2.5080555687839734e-11
    ],
    "lowlevel.spectral_energyband_high.mean": [
        6.0245827424032505e-12
    ],
    "lowlevel.pitch_salience_mean": [
        0.7903130054473877
    ],
    "lowlevel.inharmonicity.mean": [
        0.173349529504776
    ],
    "sfx.logattacktime.mean": [
        -2.666731834411621
    ],
    "lowlevel.lpc": [
        [
            1.0,
            -0.8343374133110046,
            -0.23179680109024048,
            0.12221726030111313,
            -0.09122230112552643,
            0.05196002870798111,
            0.0019337639678269625,
            -0.017457541078329086,
            0.002463271841406822,
            -0.011583629995584488,
            0.022321166470646858
        ]
    ],
    "lowlevel.spectralcentroid": [
        382.4519958496094
    ]
}