{
    "lowlevel.hfc.mean": [
        2.555504560470581
    ],
    "lowlevel.mfcc.mean": [
        [
            -986.8518676757812,
            160.79066467285156,
            -1.8618072271347046,
            15.980862617492676,
            11.810730934143066,
            -12.50009822845459,
            -12.70963191986084,
            -4.571959018707275,
            -6.797107219696045,
            -9.419960021972656,
            -4.776257514953613,
            -6.223038196563721,
            -8.891590118408203
        ]
    ],
    "lowlevel.zerocrossingrate.mean": [
        0.18671917915344238
    ],
    "lowlevel.spectral_energyband_low.mean": [
        0.0019872072152793407
    ],
    "lowlevel.spectral_energyband_middle_low.mean": [
        0.007254522759467363
    ],
    "lowlevel.spectral_energyband_middle_high.mean": [
        0.00012203730148030445
    ],
    "lowlevel.spectral_energyband_high.mean": [
        3.6869627706437313e-07
    ],
    "lowlevel.pitch_salience_mean": [
        0.6354455351829529
    ],
    "lowlevel.inharmonicity.mean": [
        0.08140592277050018
    ],
    "sfx.logattacktime.mean": [
        -0.9967621564865112
    ],
    "lowlevel.lpc": [
        [
            1.0,
            -2.5941195487976074,
            2.5988199710845947,
            -1.837709665298462,
            1.401457667350769,
            -0.7769876718521118,
            0.5407465100288391,
            -0.6178305149078369,
            0.5183523893356323,
            -0.4223305583000183,
            0.19130940735340118
        ]
    ],
    "lowlevel.spectralcentroid": [
        351.67486572265625
    ]
}