{
    "lowlevel.hfc.mean": [
        52.69139099121094
    ],
    "lowlevel.mfcc.mean": [
        [
            -1001.242431640625,
            -42.80078887939453,
            -59.394203186035156,
            5.856171607971191,
            18.51718521118164,
            2.9763381481170654,
            12.848552703857422,
            -27.731027603149414,
            -0.24861660599708557,
            64.25675201416016,
            10.007403373718262,
            -50.5579719543457,
            16.63798713684082
        ]
    ],
    "lowlevel.zerocrossingrate.mean": [
        0.19026540219783783
    ],
    "lowlevel.spectral_energyband_low.mean": [
        3.35925761874023e-07
    ],
    "lowlevel.spectral_energyband_middle_low.mean": [
        2.1176656161969731e-07
    ],
    "lowlevel.spectral_energyband_middle_high.mean": [
        0.018229635432362556
    ],
    "lowlevel.spectral_energyband_high.mean": [
        3.269253284088336e-05
    ],
    "lowlevel.pitch_salience_mean": [
        0.48985129594802856
    ],
    "lowlevel.inharmonicity.mean": [
        0.030651668086647987
    ],
    "sfx.logattacktime.mean": [
        -1.0528175830841064
    ],
    "lowlevel.lpc": [
        [
            1.0,
            -2.35481595993042,
            2.6147615909576416,
            -2.311631917953491,
            1.8708475828170776,
            -1.2087281942367554,
            1.136043667793274,
            -1.258353352546692,
            1.3298113346099854,
            -1.2854187488555908,
            0.6291057467460632
        ]
    ],
    "lowlevel.spectralcentroid": [
        2989.756591796875
    ]
}