{
    "lowlevel.hfc.mean": [
        2.179198980331421
    ],
    "lowlevel.mfcc.mean": [
        [
            -1135.285400390625,
            113.75784301757812,
            15.166119575500488,
            -17.677734375,
            -19.720457077026367,
            -16.255680084228516,
            -7.806166648864746,
            -3.1238765716552734,
            2.098867893218994,
            5.498044490814209,
            0.3156508803367615,
            0.056777484714984894,
            5.229819297790527
        ]
    ],
    "lowlevel.zerocrossingrate.mean": [
        0.26401734352111816
    ],
    "lowlevel.spectral_energyband_low.mean": [
        4.0585473470855504e-05
    ],
    "lowlevel.spectral_energyband_middle_low.mean": [
        0.004124888218939304
    ],
    "lowlevel.spectral_energyband_middle_high.mean": [
        0.00014197008567862213
    ],
    "lowlevel.spectral_energyband_high.mean": [
        2.112819252886311e-08
    ],
    "lowlevel.pitch_salience_mean": [
        0.7318070530891418
    ],
    "lowlevel.inharmonicity.mean": [
        0.12203751504421234
    ],
    "sfx.logattacktime.mean": [
        -1.5995069742202759
    ],
    "lowlevel.lpc": [
        [
            1.0,
            -1.8555110692977905,
            0.3817693591117859,
            0.42537403106689453,
            0.18174876272678375,
            0.04253607988357544,
            -0.023900460451841354,
            -0.14346010982990265,
            -0.0015755873173475266,
            -0.07923015207052231,
            0.07352384179830551
        ]
    ],
    "lowlevel.spectralcentroid": [
        523.661376953125
    ]
}