{
    "lowlevel.hfc.mean": [
        5.99111795425415
    ],
    "lowlevel.mfcc.mean": [
        [
            -1110.4232177734375,
            38.25246047973633,
            -70.4170150756836,
            -19.66748809814453,
            -10.321272850036621,
            43.275840759277344,
            34.37374496459961,
            33.04094696044922,
            32.64982604980469,
            -31.854124069213867,
            -43.4659538269043,
            15.026975631713867,
            75.1705322265625
        ]
    ],
    "lowlevel.zerocrossingrate.mean": [
        0.09512035548686981
    ],
    "lowlevel.spectral_energyband_low.mean": [
        6.308654860731622e-07
    ],
    "lowlevel.spectral_energyband_middle_low.mean": [
        4.442068757271045e-08
    ],
    "lowlevel.spectral_energyband_middle_high.mean": [
        0.005306579172611237
    ],
    "lowlevel.spectral_energyband_high.mean": [
        1.505798195466923e-06
    ],
    "lowlevel.pitch_salience_mean": [
        0.262065052986145
    ],
    "lowlevel.inharmonicity.mean": [
        0.018850259482860565
    ],
    "sfx.logattacktime.mean": [
        -0.2546171247959137
    ],
    "lowlevel.lpc": [
        [
            1.0,
            -2.9371304512023926,
            2.782592296600342,
            -0.38388699293136597,
            -0.7175789475440979,
            0.18447063863277435,
            -0.027496203780174255,
            0.12316194176673889,
            0.32925623655319214,
            -0.6057463884353638,
            0.2622888386249542
        ]
    ],
    "lowlevel.spectralcentroid": [
        1155.4742431640625
    ]
}