{
    "lowlevel.hfc.mean": [
        1.8490781883429008e-07
    ],
    "lowlevel.mfcc.mean": [
        [
            -1264.7603759765625,
            0.21456842124462128,
            0.17650385200977325,
            0.13063287734985352,
            0.09085310250520706,
            0.06401142477989197,
            0.047927070409059525,
            0.038200583308935165,
            0.03173824027180672,
            0.027766622602939606,
            0.02583370730280876,
            0.024508293718099594,
            0.022073492407798767
        ]
    ],
    "lowlevel.zerocrossingrate.mean": [
        0.4964818060398102
    ],
    "lowlevel.spectral_energyband_low.mean": [
        8.19802226104116e-10
    ],
    "lowlevel.spectral_energyband_middle_low.mean": [
        1.3916003072100835e-10
    ],
    "lowlevel.spectral_energyband_middle_high.mean": [
        2.2217136116942093e-11
    ],
    "lowlevel.spectral_energyband_high.mean": [
        5.816399879093881e-12
    ],
    "lowlevel.pitch_salience_mean": [
        0.7894974946975708
    ],
    "lowlevel.inharmonicity.mean": [
        0.1696922779083252
    ],
    "sfx.logattacktime.mean": [
        -5.0
    ],
    "lowlevel.lpc": [
        [
            1.0,
            -0.8495342135429382,
            -0.17374952137470245,
            0.018181296065449715,
            0.028594007715582848,
            -0.027139898389577866,
            0.0055807046592235565,
            -0.013907210901379585,
            0.028655629605054855,
            -0.029900584369897842,
            0.018809903413057327
        ]
    ],
    "lowlevel.spectralcentroid": [
        451.81793212890625
    ]
}