{
    "lowlevel.hfc.mean": [
        31.893291473388672
    ],
    "lowlevel.mfcc.mean": [
        [
            -1037.4801025390625,
            0.9490054845809937,
            -97.21041870117188,
            -20.603239059448242,
            13.07917308807373,
            31.298871994018555,
            34.7967529296875,
            13.41277027130127,
            -28.961685180664062,
            -36.19670486450195,
            14.567985534667969,
            69.99159240722656,
            16.729045867919922
        ]
    ],
    "lowlevel.zerocrossingrate.mean": [
        0.14744862914085388
    ],
    "lowlevel.spectral_energyband_low.mean": [
        1.7855037981462374e-07
    ],
    "lowlevel.spectral_energyband_middle_low.mean": [
        1.53502611510703e-07
    ],
    "lowlevel.spectral_energyband_middle_high.mean": [
        0.02183450758457184
    ],
    "lowlevel.spectral_energyband_high.mean": [
        1.906092052195163e-06
    ],
    "lowlevel.pitch_salience_mean": [
        0.4450208842754364
    ],
    "lowlevel.inharmonicity.mean": [
        0.036814458668231964
    ],
    "sfx.logattacktime.mean": [
        -1.2593685388565063
    ],
    "lowlevel.lpc": [
        [
            1.0,
            -2.685133218765259,
            2.799048900604248,
            -1.9061279296875,
            1.393960952758789,
            -0.8162801265716553,
            0.5569770336151123,
            -0.5618964433670044,
            0.45854777097702026,
            -0.4546350836753845,
            0.24442195892333984
        ]
    ],
    "lowlevel.spectralcentroid": [
        1525.856689453125
    ]
}