{
    "lowlevel.hfc.mean": [
        13.449289321899414
    ],
    "lowlevel.mfcc.mean": [
        [
            -876.8180541992188,
            150.7528076171875,
            -130.85702514648438,
            -37.6613655090332,
            -38.71257019042969,
            -22.38878059387207,
            -20.93348503112793,
            -22.885244369506836,
            -19.656295776367188,
            -19.30010986328125,
            -11.883499145507812,
            -12.794204711914062,
            -19.40669822692871
        ]
    ],
    "lowlevel.zerocrossingrate.mean": [
        0.13840802013874054
    ],
    "lowlevel.spectral_energyband_low.mean": [
        9.39988638037903e-08
    ],
    "lowlevel.spectral_energyband_middle_low.mean": [
        0.00201352103613317
    ],
    "lowlevel.spectral_energyband_middle_high.mean": [
        0.009202122688293457
    ],
    "lowlevel.spectral_energyband_high.mean": [
        6.0200595726200845e-06
    ],
    "lowlevel.pitch_salience_mean": [
        0.9108982682228088
    ],
    "lowlevel.inharmonicity.mean": [
        0.048138197511434555
    ],
    "sfx.logattacktime.mean": [
        -1.7248376607894897
    ],
    "lowlevel.lpc": [
        [
            1.0,
            -3.366208553314209,
            4.184216499328613,
            -2.2035574913024902,
            0.4966488480567932,
            -0.1920507252216339,
            -0.11115429550409317,
            0.2992390990257263,
            -0.010268285870552063,
            -0.15153087675571442,
            0.05909304693341255
        ]
    ],
    "lowlevel.spectralcentroid": [
        1292.0675048828125
    ]
}