{
    "lowlevel.hfc.mean": [
        7.818558245276108e-09
    ],
    "lowlevel.mfcc.mean": [
        [
            -1264.92041015625,
            3.0517578125e-05,
            -6.866455078125e-05,
            3.0517578125e-05,
            -8.0108642578125e-05,
            6.866455078125e-05,
            -3.0517578125e-05,
            -6.866455078125e-05,
            -4.9591064453125e-05,
            -1.9073486328125e-05,
            -2.288818359375e-05,
            -1.9073486328125e-05,
            -4.1961669921875e-05
        ]
    ],
    "lowlevel.zerocrossingrate.mean": [
        0.49531465768814087
    ],
    "lowlevel.spectral_energyband_low.mean": [
        1.1201265609495081e-12
    ],
    "lowlevel.spectral_energyband_middle_low.mean": [
        2.051275382192186e-12
    ],
    "lowlevel.spectral_energyband_middle_high.mean": [
        1.476948554776647e-12
    ],
    "lowlevel.spectral_energyband_high.mean": [
        4.683790248011244e-13
    ],
    "lowlevel.pitch_salience_mean": [
        0.7914428114891052
    ],
    "lowlevel.inharmonicity.mean": [
        0.16587573289871216
    ],
    "sfx.logattacktime.mean": [
        -3.2643442153930664
    ],
    "lowlevel.lpc": [
        [
            0.0,
            0.0,
            0.0,
            0.0,
            0.0,
            0.0,
            0.0,
            0.0,
            0.0,
            0.0,
            0.0
        ]
    ],
    "lowlevel.spectralcentroid": [
        2740.44677734375
    ]
}