{
    "lowlevel.hfc.mean": [
        122.70452880859375
    ],
    "lowlevel.mfcc.mean": [
        [
            -980.6873168945312,
            -20.879596710205078,
            -92.07835388183594,
            -11.451465606689453,
            -30.252666473388672,
            -0.349242627620697,
            -1.0938196182250977,
            10.72017765045166,
            19.770553588867188,
            16.791799545288086,
            2.5128817558288574,
            -16.189538955688477,
            -32.688297271728516
        ]
    ],
    "lowlevel.zerocrossingrate.mean": [
        0.2627710700035095
    ],
    "lowlevel.spectral_energyband_low.mean": [
        2.0882769291574732e-08
    ],
    "lowlevel.spectral_energyband_middle_low.mean": [
        0.018083082512021065
    ],
    "lowlevel.spectral_energyband_middle_high.mean": [
        0.06490614265203476
    ],
    "lowlevel.spectral_energyband_high.mean": [
        0.0006822107243351638
    ],
    "lowlevel.pitch_salience_mean": [
        0.7399952411651611
    ],
    "lowlevel.inharmonicity.mean": [
        0.07762769609689713
    ],
    "sfx.logattacktime.mean": [
        -2.3964595794677734
    ],
    "lowlevel.lpc": [
        [
            1.0,
            -3.9650585651397705,
            7.049538612365723,
            -7.469318866729736,
            5.3590006828308105,
            -2.8091156482696533,
            1.0731265544891357,
            -0.25530433654785156,
            0.053318604826927185,
            -0.05075888708233833,
            0.026873722672462463
        ]
    ],
    "lowlevel.spectralcentroid": [
        1747.2091064453125
    ]
}