{
    "lowlevel.hfc.mean": [
        0.8162607550621033
    ],
    "lowlevel.mfcc.mean": [
        [
            -1076.545166015625,
            65.072265625,
            -68.81400299072266,
            -35.94050216674805,
            -10.165302276611328,
            -15.693360328674316,
            -22.04681396484375,
            0.09721971303224564,
            14.686614036560059,
            -1.9273983240127563,
            -14.005987167358398,
            -3.512791633605957,
            5.005491733551025
        ]
    ],
    "lowlevel.zerocrossingrate.mean": [
        0.20323340594768524
    ],
    "lowlevel.spectral_energyband_low.mean": [
        4.985612633845449e-08
    ],
    "lowlevel.spectral_energyband_middle_low.mean": [
        0.000891500327270478
    ],
    "lowlevel.spectral_energyband_middle_high.mean": [
        0.0004424939979799092
    ],
    "lowlevel.spectral_energyband_high.mean": [
        2.782025205760874e-07
    ],
    "lowlevel.pitch_salience_mean": [
        0.6064457297325134
    ],
    "lowlevel.inharmonicity.mean": [
        0.060512714087963104
    ],
    "sfx.logattacktime.mean": [
        -0.9893961548805237
    ],
    "lowlevel.lpc": [
        [
            1.0,
            -2.9574625492095947,
            3.8123226165771484,
            -3.4537854194641113,
            2.4816415309906006,
            -1.0261757373809814,
            0.2971281111240387,
            -0.3498665690422058,
            0.4482782781124115,
            -0.4302363991737366,
            0.18513280153274536
        ]
    ],
    "lowlevel.spectralcentroid": [
        887.1390991210938
    ]
}