{
    "lowlevel.hfc.mean": [
        0.172707200050354
    ],
    "lowlevel.mfcc.mean": [
        [
            -1246.130859375,
            6.8770270347595215,
            -4.979369163513184,
            -2.7424962520599365,
            -1.7620501518249512,
            -1.1182845830917358,
            -0.7914547920227051,
            1.129706621170044,
            1.9102404117584229,
            0.47081804275512695,
            -0.710312008857727,
            -0.7683586478233337,
            -1.1615046262741089
        ]
    ],
    "lowlevel.zerocrossingrate.mean": [
        0.47170326113700867
    ],
    "lowlevel.spectral_energyband_low.mean": [
        6.16047231005723e-08
    ],
    "lowlevel.spectral_energyband_middle_low.mean": [
        0.00018874177476391196
    ],
    "lowlevel.spectral_energyband_middle_high.mean": [
        0.00011046629515476525
    ],
    "lowlevel.spectral_energyband_high.mean": [
        4.001869768899269e-08
    ],
    "lowlevel.pitch_salience_mean": [
        0.7643893361091614
    ],
    "lowlevel.inharmonicity.mean": [
        0.15689004957675934
    ],
    "sfx.logattacktime.mean": [
        -2.186556816101074
    ],
    "lowlevel.lpc": [
        [
            1.0,
            -2.107755422592163,
            1.1463232040405273,
            -0.048119790852069855,
            0.0017366078682243824,
            0.1967102289199829,
            -0.05599086359143257,
            -0.15498869121074677,
            0.0312516987323761,
            -0.12385022640228271,
            0.12765038013458252
        ]
    ],
    "lowlevel.spectralcentroid": [
        860.1571044921875
    ]
}