{
    "lowlevel.hfc.mean": [
        5.0415252189850435e-05
    ],
    "lowlevel.mfcc.mean": [
        [
            -1262.9454345703125,
            1.4851292371749878,
            0.45078834891319275,
            0.30349311232566833,
            0.11930228024721146,
            0.044908929616212845,
            -0.02327258512377739,
            -0.03782785311341286,
            -0.06622788310050964,
            -0.06674307584762573,
            -0.07026171684265137,
            -0.04384605213999748,
            -0.02257544919848442
        ]
    ],
    "lowlevel.zerocrossingrate.mean": [
        0.49130135774612427
    ],
    "lowlevel.spectral_energyband_low.mean": [
        4.4301192048123994e-08
    ],
    "lowlevel.spectral_energyband_middle_low.mean": [
        1.0832192032239618e-07
    ],
    "lowlevel.spectral_energyband_middle_high.mean": [
        4.674251652403427e-09
    ],
    "lowlevel.spectral_energyband_high.mean": [
        1.0501011171726304e-09
    ],
    "lowlevel.pitch_salience_mean": [
        0.7885327935218811
    ],
    "lowlevel.inharmonicity.mean": [
        0.16670984029769897
    ],
    "sfx.logattacktime.mean": [
        -3.3891561031341553
    ],
    "lowlevel.lpc": [
        [
            1.0,
            -0.9868082404136658,
            -0.08663161844015121,
            0.06448478996753693,
            -0.051366180181503296,
            0.04615110158920288,
            -0.030383339151740074,
            0.013685854151844978,
            -0.00570344552397728,
            0.0031406842172145844,
            0.04393253102898598
        ]
    ],
    "lowlevel.spectralcentroid": [
        637.7145385742188
    ]
}