{
    "lowlevel.hfc.mean": [
        45.78923416137695
    ],
    "lowlevel.mfcc.mean": [
        [
            -844.3090209960938,
            103.73096466064453,
            -63.043094635009766,
            11.258185386657715,
            -29.947866439819336,
            -31.692529678344727,
            -10.412574768066406,
            -6.553913116455078,
            -11.258099555969238,
            -0.6361866593360901,
            -4.427527904510498,
            -11.659748077392578,
            -8.931511878967285
        ]
    ],
    "lowlevel.zerocrossingrate.mean": [
        0.17365293204784393
    ],
    "lowlevel.spectral_energyband_low.mean": [
        1.3788840988127049e-05
    ],
    "lowlevel.spectral_energyband_middle_low.mean": [
        0.058225322514772415
    ],
    "lowlevel.spectral_energyband_middle_high.mean": [
        0.008378696627914906
    ],
    "lowlevel.spectral_energyband_high.mean": [
        6.643879896728322e-05
    ],
    "lowlevel.pitch_salience_mean": [
        0.6732311844825745
    ],
    "lowlevel.inharmonicity.mean": [
        0.05563969165086746
    ],
    "sfx.logattacktime.mean": [
        0.05958317220211029
    ],
    "lowlevel.lpc": [
        [
            1.0,
            -3.3278889656066895,
            4.685135364532471,
            -4.085275650024414,
            3.1913564205169678,
            -2.5641629695892334,
            1.884757399559021,
            -1.461272954940796,
            1.1111116409301758,
            -0.5753182172775269,
            0.14523600041866302
        ]
    ],
    "lowlevel.spectralcentroid": [
        978.7099609375
    ]
}