{
    "lowlevel.hfc.mean": [
        0.07888928055763245
    ],
    "lowlevel.mfcc.mean": [
        [
            -1071.4996337890625,
            171.75213623046875,
            50.92043685913086,
            15.504523277282715,
            31.761898040771484,
            26.973859786987305,
            3.359923839569092,
            3.1344616413116455,
            7.097658157348633,
            3.225222110748291,
            -9.138127326965332,
            -8.99617862701416,
            -5.828092098236084
        ]
    ],
    "lowlevel.zerocrossingrate.mean": [
        0.0064290366135537624
    ],
    "lowlevel.spectral_energyband_low.mean": [
        0.0003671295999083668
    ],
    "lowlevel.spectral_energyband_middle_low.mean": [
        0.00020389344717841595
    ],
    "lowlevel.spectral_energyband_middle_high.mean": [
        2.7654527912091e-06
    ],
    "lowlevel.spectral_energyband_high.mean": [
        9.416628898861745e-08
    ],
    "lowlevel.pitch_salience_mean": [
        0.17535442113876343
    ],
    "lowlevel.inharmonicity.mean": [
        0.009167726151645184
    ],
    "sfx.logattacktime.mean": [
        -3.7993404865264893
    ],
    "lowlevel.lpc": [
        [
            1.0,
            -1.3574974536895752,
            0.23998752236366272,
            -0.12531106173992157,
            0.2238301932811737,
            -0.21693411469459534,
            0.32699379324913025,
            -0.20519112050533295,
            0.2954942584037781,
            -0.21365606784820557,
            0.034594565629959106
        ]
    ],
    "lowlevel.spectralcentroid": [
        243.1715087890625
    ]
}