{
    "lowlevel.hfc.mean": [
        0.0001786186476238072
    ],
    "lowlevel.mfcc.mean": [
        [
            -1252.243896484375,
            9.3707275390625,
            2.2523319721221924,
            1.4525731801986694,
            0.4930131137371063,
            0.05660979077219963,
            -0.5256204009056091,
            -0.5913399457931519,
            -0.4970260560512543,
            -0.12506835162639618,
            0.09366874396800995,
            0.34646764397621155,
            0.40540218353271484
        ]
    ],
    "lowlevel.zerocrossingrate.mean": [
        0.4490722715854645
    ],
    "lowlevel.spectral_energyband_low.mean": [
        8.567755571675661e-08
    ],
    "lowlevel.spectral_energyband_middle_low.mean": [
        1.9256079042406782e-07
    ],
    "lowlevel.spectral_energyband_middle_high.mean": [
        2.850685376643014e-08
    ],
    "lowlevel.spectral_energyband_high.mean": [
        6.5573266816443265e-09
    ],
    "lowlevel.pitch_salience_mean": [
        0.8031351566314697
    ],
    "lowlevel.inharmonicity.mean": [
        0.19589903950691223
    ],
    "sfx.logattacktime.mean": [
        -3.021183967590332
    ],
    "lowlevel.lpc": [
        [
            1.0,
            -1.06636381149292,
            0.13087281584739685,
            -0.12765251100063324,
            0.13289181888103485,
            -0.1401781588792801,
            0.14760002493858337,
            -0.13044781982898712,
            0.11784030497074127,
            -0.10480502247810364,
            0.06486475467681885
        ]
    ],
    "lowlevel.spectralcentroid": [
        529.6339111328125
    ]
}