{
    "lowlevel.hfc.mean": [
        9.121164623593359e-08
    ],
    "lowlevel.mfcc.mean": [
        [
            -1264.7899169921875,
            0.17772142589092255,
            0.1566431075334549,
            0.12807178497314453,
            0.09840173274278641,
            0.07364831119775772,
            0.0559503547847271,
            0.04517050087451935,
            0.03888259828090668,
            0.034318771213293076,
            0.029746001586318016,
            0.024983089417219162,
            0.020758450031280518
        ]
    ],
    "lowlevel.zerocrossingrate.mean": [
        0.49663522839546204
    ],
    "lowlevel.spectral_energyband_low.mean": [
        4.593460611879152e-10
    ],
    "lowlevel.spectral_energyband_middle_low.mean": [
        6.276192759946397e-11
    ],
    "lowlevel.spectral_energyband_middle_high.mean": [
        1.14563870542983e-11
    ],
    "lowlevel.spectral_energyband_high.mean": [
        2.5182241274873673e-12
    ],
    "lowlevel.pitch_salience_mean": [
        0.7887968420982361
    ],
    "lowlevel.inharmonicity.mean": [
        0.16379261016845703
    ],
    "sfx.logattacktime.mean": [
        -5.0
    ],
    "lowlevel.lpc": [
        [
            1.0,
            -0.9371472597122192,
            -0.13629992306232452,
            0.1507677584886551,
            -0.15291853249073029,
            0.07385743409395218,
            0.010677696205675602,
            -0.05366481468081474,
            0.051616694778203964,
            0.022597890347242355,
            -0.02461724728345871
        ]
    ],
    "lowlevel.spectralcentroid": [
        367.1236572265625
    ]
}