{
    "lowlevel.hfc.mean": [
        4.959399700164795
    ],
    "lowlevel.mfcc.mean": [
        [
            -1016.71044921875,
            110.00558471679688,
            -90.04991912841797,
            -54.242557525634766,
            -6.979369640350342,
            10.308910369873047,
            -29.108684539794922,
            -22.32189178466797,
            -17.5824031829834,
            5.1427388191223145,
            17.312210083007812,
            23.54801368713379,
            44.59681701660156
        ]
    ],
    "lowlevel.zerocrossingrate.mean": [
        0.12718737125396729
    ],
    "lowlevel.spectral_energyband_low.mean": [
        8.066373311521602e-07
    ],
    "lowlevel.spectral_energyband_middle_low.mean": [
        0.0017816885374486446
    ],
    "lowlevel.spectral_energyband_middle_high.mean": [
        0.0030212595593184233
    ],
    "lowlevel.spectral_energyband_high.mean": [
        1.9869762013513537e-07
    ],
    "lowlevel.pitch_salience_mean": [
        0.5504363179206848
    ],
    "lowlevel.inharmonicity.mean": [
        0.03215397894382477
    ],
    "sfx.logattacktime.mean": [
        0.46087056398391724
    ],
    "lowlevel.lpc": [
        [
            1.0,
            -3.129429817199707,
            3.8436412811279297,
            -2.6045167446136475,
            1.0587667226791382,
            0.26986658573150635,
            -0.8035008907318115,
            0.3163014054298401,
            0.44199734926223755,
            -0.636310338973999,
            0.24541199207305908
        ]
    ],
    "lowlevel.spectralcentroid": [
        1135.1732177734375
    ]
}