{
    "lowlevel.hfc.mean": [
        0.002311699790880084
    ],
    "lowlevel.mfcc.mean": [
        [
            -1248.072265625,
            13.489218711853027,
            1.3533517122268677,
            -1.4643527269363403,
            -0.15870341658592224,
            1.1677289009094238,
            0.5398542881011963,
            -0.4403989017009735,
            0.012711241841316223,
            -0.16971026360988617,
            -0.19024647772312164,
            -0.08522770553827286,
            0.5143898129463196
        ]
    ],
    "lowlevel.zerocrossingrate.mean": [
        0.45875343680381775
    ],
    "lowlevel.spectral_energyband_low.mean": [
        1.2184920024083112e-06
    ],
    "lowlevel.spectral_energyband_middle_low.mean": [
        2.518418796171318e-06
    ],
    "lowlevel.spectral_energyband_middle_high.mean": [
        1.0778023806778947e-06
    ],
    "lowlevel.spectral_energyband_high.mean": [
        7.228312171037032e-09
    ],
    "lowlevel.pitch_salience_mean": [
        0.8023712038993835
    ],
    "lowlevel.inharmonicity.mean": [
        0.16943225264549255
    ],
    "sfx.logattacktime.mean": [
        -2.690192461013794
    ],
    "lowlevel.lpc": [
        [
            1.0,
            -1.3721414804458618,
            0.42311376333236694,
            -0.8132191300392151,
            0.9942493438720703,
            -0.5289939045906067,
            0.6015977263450623,
            -0.35932761430740356,
            0.24688680469989777,
            -0.19492511451244354,
            0.012805329635739326
        ]
    ],
    "lowlevel.spectralcentroid": [
        742.7396240234375
    ]
}