{
    "lowlevel.hfc.mean": [
        0.09690775722265244
    ],
    "lowlevel.mfcc.mean": [
        [
            -1160.8936767578125,
            60.334293365478516,
            -0.17356924712657928,
            -9.378209114074707,
            2.039125919342041,
            2.125563383102417,
            -7.77501106262207,
            -4.818708419799805,
            -2.0386245250701904,
            -2.633118152618408,
            -4.487334728240967,
            -1.4191362857818604,
            2.4230704307556152
        ]
    ],
    "lowlevel.zerocrossingrate.mean": [
        0.32167837023735046
    ],
    "lowlevel.spectral_energyband_low.mean": [
        8.926229384087492e-06
    ],
    "lowlevel.spectral_energyband_middle_low.mean": [
        0.00018312166503164917
    ],
    "lowlevel.spectral_energyband_middle_high.mean": [
        1.820833858801052e-05
    ],
    "lowlevel.spectral_energyband_high.mean": [
        2.005294845730532e-07
    ],
    "lowlevel.pitch_salience_mean": [
        0.717171311378479
    ],
    "lowlevel.inharmonicity.mean": [
        0.1446053832769394
    ],
    "sfx.logattacktime.mean": [
        -2.010970115661621
    ],
    "lowlevel.lpc": [
        [
            1.0,
            -1.6569994688034058,
            0.7620967626571655,
            -0.6109110713005066,
            0.8176254034042358,
            -0.6302752494812012,
            0.5379963517189026,
            -0.30825918912887573,
            0.31537291407585144,
            -0.26951080560684204,
            0.04929262399673462
        ]
    ],
    "lowlevel.spectralcentroid": [
        619.8409423828125
    ]
}