{
    "lowlevel.hfc.mean": [
        10.475419044494629
    ],
    "lowlevel.mfcc.mean": [
        [
            -1034.5455322265625,
            75.95036315917969,
            -114.23438262939453,
            -34.16630935668945,
            -15.619378089904785,
            -17.474885940551758,
            -21.274805068969727,
            -17.76378631591797,
            -9.778310775756836,
            -4.173470497131348,
            1.5991525650024414,
            6.061868190765381,
            18.870004653930664
        ]
    ],
    "lowlevel.zerocrossingrate.mean": [
        0.21699535846710205
    ],
    "lowlevel.spectral_energyband_low.mean": [
        7.500439380692114e-09
    ],
    "lowlevel.spectral_energyband_middle_low.mean": [
        0.0009780962718650699
    ],
    "lowlevel.spectral_energyband_middle_high.mean": [
        0.007598861586302519
    ],
    "lowlevel.spectral_energyband_high.mean": [
        8.243473530455958e-07
    ],
    "lowlevel.pitch_salience_mean": [
        0.8056503534317017
    ],
    "lowlevel.inharmonicity.mean": [
        0.07224711775779724
    ],
    "sfx.logattacktime.mean": [
        -0.35072261095046997
    ],
    "lowlevel.lpc": [
        [
            1.0,
            -3.9203803539276123,
            6.5797529220581055,
            -7.042394161224365,
            6.891788005828857,
            -6.8751726150512695,
            6.11580228805542,
            -4.875974655151367,
            3.3620340824127197,
            -1.5636094808578491,
            0.3306434154510498
        ]
    ],
    "lowlevel.spectralcentroid": [
        1294.2940673828125
    ]
}