{
    "lowlevel.hfc.mean": [
        10.32422161102295
    ],
    "lowlevel.mfcc.mean": [
        [
            -1132.388427734375,
            112.56268310546875,
            18.081775665283203,
            -6.01313591003418,
            -8.643465042114258,
            -2.989231824874878,
            3.611100912094116,
            1.0945326089859009,
            -0.8380980491638184,
            -1.9643598794937134,
            -1.9116063117980957,
            -0.07205686718225479,
            -0.0273822583258152
        ]
    ],
    "lowlevel.zerocrossingrate.mean": [
        0.3120650351047516
    ],
    "lowlevel.spectral_energyband_low.mean": [
        0.0012057186104357243
    ],
    "lowlevel.spectral_energyband_middle_low.mean": [
        0.00651548383757472
    ],
    "lowlevel.spectral_energyband_middle_high.mean": [
        0.005660739727318287
    ],
    "lowlevel.spectral_energyband_high.mean": [
        6.961897270230111e-06
    ],
    "lowlevel.pitch_salience_mean": [
        0.7631232738494873
    ],
    "lowlevel.inharmonicity.mean": [
        0.12731492519378662
    ],
    "sfx.logattacktime.mean": [
        -2.186556816101074
    ],
    "lowlevel.lpc": [
        [
            1.0,
            -3.2069098949432373,
            3.0753374099731445,
            -0.05006727576255798,
            -0.5048573017120361,
            -1.398923397064209,
            1.2183504104614258,
            -0.3256222903728485,
            0.9234189987182617,
            -1.0839213132858276,
            0.35465607047080994
        ]
    ],
    "lowlevel.spectralcentroid": [
        1057.6029052734375
    ]
}