{
    "lowlevel.hfc.mean": [
        2.030878249570378e-06
    ],
    "lowlevel.mfcc.mean": [
        [
            -1264.0167236328125,
            0.9914642572402954,
            0.3821149468421936,
            -0.16063085198402405,
            -0.4088636338710785,
            -0.40713563561439514,
            -0.289546936750412,
            -0.13084639608860016,
            0.02395695634186268,
            0.11068997532129288,
            0.08877304941415787,
            -0.007801669649779797,
            -0.09593119472265244
        ]
    ],
    "lowlevel.zerocrossingrate.mean": [
        0.48131904006004333
    ],
    "lowlevel.spectral_energyband_low.mean": [
        4.822731103359956e-11
    ],
    "lowlevel.spectral_energyband_middle_low.mean": [
        1.2604348675893107e-09
    ],
    "lowlevel.spectral_energyband_middle_high.mean": [
        3.944680415646218e-10
    ],
    "lowlevel.spectral_energyband_high.mean": [
        7.880874425270079e-11
    ],
    "lowlevel.pitch_salience_mean": [
        0.7956393957138062
    ],
    "lowlevel.inharmonicity.mean": [
        0.17066225409507751
    ],
    "sfx.logattacktime.mean": [
        -5.0
    ],
    "lowlevel.lpc": [
        [
            1.0,
            -0.909343421459198,
            -0.06820023059844971,
            -0.0909455418586731,
            0.1772065907716751,
            -0.1848372519016266,
            0.1722833812236786,
            -0.1736401617527008,
            0.21963943541049957,
            -0.23565834760665894,
            0.1608658730983734
        ]
    ],
    "lowlevel.spectralcentroid": [
        1784.4921875
    ]
}