{
    "lowlevel.hfc.mean": [
        7.522220130340429e-06
    ],
    "lowlevel.mfcc.mean": [
        [
            -1262.1978759765625,
            2.850511074066162,
            0.900001049041748,
            -0.34348827600479126,
            -0.41950109601020813,
            0.0155792236328125,
            0.22177240252494812,
            0.032312311232089996,
            -0.13965444266796112,
            -0.02319232188165188,
            0.09160754829645157,
            0.003790896851569414,
            -0.054653748869895935
        ]
    ],
    "lowlevel.zerocrossingrate.mean": [
        0.466924250125885
    ],
    "lowlevel.spectral_energyband_low.mean": [
        7.419210801273834e-10
    ],
    "lowlevel.spectral_energyband_middle_low.mean": [
        2.822574396432742e-09
    ],
    "lowlevel.spectral_energyband_middle_high.mean": [
        2.0800696720613132e-09
    ],
    "lowlevel.spectral_energyband_high.mean": [
        3.161956529940113e-10
    ],
    "lowlevel.pitch_salience_mean": [
        0.8029524087905884
    ],
    "lowlevel.inharmonicity.mean": [
        0.18018274009227753
    ],
    "sfx.logattacktime.mean": [
        -3.498237133026123
    ],
    "lowlevel.lpc": [
        [
            1.0,
            -0.9148820042610168,
            -0.054488833993673325,
            -0.048241324722766876,
            0.10646528005599976,
            -0.12610138952732086,
            0.16063787043094635,
            -0.13733090460300446,
            0.10051561892032623,
            -0.11670786887407303,
            0.10702935606241226
        ]
    ],
    "lowlevel.spectralcentroid": [
        1066.6671142578125
    ]
}