{
    "lowlevel.hfc.mean": [
        0.04160727560520172
    ],
    "lowlevel.mfcc.mean": [
        [
            -1131.1903076171875,
            120.82684326171875,
            35.51688003540039,
            10.625680923461914,
            20.4178409576416,
            16.993877410888672,
            1.447077989578247,
            -1.8628294467926025,
            0.8281956315040588,
            -0.40332603454589844,
            -7.120993614196777,
            -9.179062843322754,
            -7.2670674324035645
        ]
    ],
    "lowlevel.zerocrossingrate.mean": [
        0.10192340612411499
    ],
    "lowlevel.spectral_energyband_low.mean": [
        0.0002421627432340756
    ],
    "lowlevel.spectral_energyband_middle_low.mean": [
        0.0001140200620284304
    ],
    "lowlevel.spectral_energyband_middle_high.mean": [
        2.128274445567513e-06
    ],
    "lowlevel.spectral_energyband_high.mean": [
        7.532923973485595e-08
    ],
    "lowlevel.pitch_salience_mean": [
        0.339056134223938
    ],
    "lowlevel.inharmonicity.mean": [
        0.05797528102993965
    ],
    "sfx.logattacktime.mean": [
        -1.6354128122329712
    ],
    "lowlevel.lpc": [
        [
            1.0,
            -1.3228042125701904,
            0.2848067581653595,
            -0.2546784579753876,
            0.2439204752445221,
            -0.12900111079216003,
            0.3217061161994934,
            -0.30232667922973633,
            0.27457791566848755,
            -0.1187329962849617,
            0.004476307425647974
        ]
    ],
    "lowlevel.spectralcentroid": [
        233.97518920898438
    ]
}