{
    "lowlevel.hfc.mean": [
        56.144874572753906
    ],
    "lowlevel.mfcc.mean": [
        [
            -1157.2265625,
            -44.91341018676758,
            5.552762508392334,
            19.0103702545166,
            22.928659439086914,
            18.620136260986328,
            2.29502534866333,
            -20.60425567626953,
            18.50993537902832,
            20.212539672851562,
            -1.6520861387252808,
            -22.875097274780273,
            29.091384887695312
        ]
    ],
    "lowlevel.zerocrossingrate.mean": [
        0.4969636797904968
    ],
    "lowlevel.spectral_energyband_low.mean": [
        2.2069255010137567e-06
    ],
    "lowlevel.spectral_energyband_middle_low.mean": [
        2.0883881290956197e-08
    ],
    "lowlevel.spectral_energyband_middle_high.mean": [
        0.0008460949757136405
    ],
    "lowlevel.spectral_energyband_high.mean": [
        0.00438449252396822
    ],
    "lowlevel.pitch_salience_mean": [
        0.7401901483535767
    ],
    "lowlevel.inharmonicity.mean": [
        0.17392827570438385
    ],
    "sfx.logattacktime.mean": [
        -2.818363904953003
    ],
    "lowlevel.lpc": [
        [
            1.0,
            0.05491063371300697,
            0.2037871778011322,
            -0.055716387927532196,
            0.3107830286026001,
            0.41149333119392395,
            0.4515446126461029,
            -0.08245641738176346,
            -0.0029149502515792847,
            0.07166413962841034,
            0.43963494896888733
        ]
    ],
    "lowlevel.spectralcentroid": [
        9771.1845703125
    ]
}