{
    "lowlevel.hfc.mean": [
        10.009211540222168
    ],
    "lowlevel.mfcc.mean": [
        [
            -1018.0590209960938,
            68.89928436279297,
            -42.2923469543457,
            5.043471336364746,
            -11.411561012268066,
            -15.850878715515137,
            -8.241280555725098,
            -7.686695575714111,
            -17.009567260742188,
            -11.656042098999023,
            -0.19168870151042938,
            2.440314769744873,
            -4.81549596786499
        ]
    ],
    "lowlevel.zerocrossingrate.mean": [
        0.28475743532180786
    ],
    "lowlevel.spectral_energyband_low.mean": [
        9.068550752999727e-06
    ],
    "lowlevel.spectral_energyband_middle_low.mean": [
        0.01095771137624979
    ],
    "lowlevel.spectral_energyband_middle_high.mean": [
        0.0032463399693369865
    ],
    "lowlevel.spectral_energyband_high.mean": [
        2.665526517375838e-05
    ],
    "lowlevel.pitch_salience_mean": [
        0.6602362394332886
    ],
    "lowlevel.inharmonicity.mean": [
        0.09566117078065872
    ],
    "sfx.logattacktime.mean": [
        -0.2862752377986908
    ],
    "lowlevel.lpc": [
        [
            1.0,
            -3.3667681217193604,
            4.881289005279541,
            -4.507631301879883,
            3.738631248474121,
            -3.1866235733032227,
            2.6317873001098633,
            -2.2045810222625732,
            1.6714751720428467,
            -0.8749697804450989,
            0.22077377140522003
        ]
    ],
    "lowlevel.spectralcentroid": [
        1041.492919921875
    ]
}