{
    "lowlevel.hfc.mean": [
        9.318483193965221e-07
    ],
    "lowlevel.mfcc.mean": [
        [
            -1264.6021728515625,
            0.374622106552124,
            0.22198781371116638,
            0.11845752596855164,
            0.08533305674791336,
            0.07018869370222092,
            0.04929967224597931,
            0.03581146150827408,
            0.03128044307231903,
            0.025364533066749573,
            0.01574053429067135,
            0.0043236371129751205,
            -0.008991674520075321
        ]
    ],
    "lowlevel.zerocrossingrate.mean": [
        0.49684539437294006
    ],
    "lowlevel.spectral_energyband_low.mean": [
        2.2620445516707832e-09
    ],
    "lowlevel.spectral_energyband_middle_low.mean": [
        1.0898550950599883e-09
    ],
    "lowlevel.spectral_energyband_middle_high.mean": [
        1.2703181562212507e-10
    ],
    "lowlevel.spectral_energyband_high.mean": [
        3.032886441989291e-11
    ],
    "lowlevel.pitch_salience_mean": [
        0.7896742820739746
    ],
    "lowlevel.inharmonicity.mean": [
        0.17319855093955994
    ],
    "sfx.logattacktime.mean": [
        -3.1974518299102783
    ],
    "lowlevel.lpc": [
        [
            1.0,
            -0.9132360816001892,
            -0.1115599200129509,
            0.015298616141080856,
            0.016609668731689453,
            -0.006393606774508953,
            0.047434646636247635,
            -0.07584461569786072,
            0.0346197783946991,
            -0.07149720191955566,
            0.07404452562332153
        ]
    ],
    "lowlevel.spectralcentroid": [
        610.4402465820312
    ]
}