{
    "lowlevel.hfc.mean": [
        35.58900833129883
    ],
    "lowlevel.mfcc.mean": [
        [
            -1223.888916015625,
            4.11763334274292,
            0.7087255716323853,
            1.494306206703186,
            -0.12244462966918945,
            0.06858488917350769,
            -0.5448768734931946,
            -0.11357749998569489,
            -0.6914272904396057,
            -0.5857770442962646,
            -0.4538446068763733,
            -0.6557387113571167,
            -0.712871789932251
        ]
    ],
    "lowlevel.zerocrossingrate.mean": [
        0.4759567081928253
    ],
    "lowlevel.spectral_energyband_low.mean": [
        0.00484989769756794
    ],
    "lowlevel.spectral_energyband_middle_low.mean": [
        0.041380625218153
    ],
    "lowlevel.spectral_energyband_middle_high.mean": [
        0.004975947085767984
    ],
    "lowlevel.spectral_energyband_high.mean": [
        0.0021384411957114935
    ],
    "lowlevel.pitch_salience_mean": [
        0.7800377011299133
    ],
    "lowlevel.inharmonicity.mean": [
        0.154741570353508
    ],
    "sfx.logattacktime.mean": [
        -3.5652573108673096
    ],
    "lowlevel.lpc": [
        [
            1.0,
            -2.0657384395599365,
            2.2380497455596924,
            -2.1453678607940674,
            2.0705418586730957,
            -1.9442729949951172,
            1.5840823650360107,
            -1.1734106540679932,
            0.7602810263633728,
            -0.4089849591255188,
            0.09907165169715881
        ]
    ],
    "lowlevel.spectralcentroid": [
        1623.4395751953125
    ]
}