{
    "lowlevel.hfc.mean": [
        119.17445373535156
    ],
    "lowlevel.mfcc.mean": [
        [
            -1108.08740234375,
            9.454302787780762,
            3.81241512298584,
            5.362666130065918,
            2.491196632385254,
            0.16672226786613464,
            -4.300640106201172,
            -0.23168009519577026,
            -2.6302058696746826,
            -1.9097360372543335,
            -2.1292319297790527,
            -1.0855927467346191,
            -2.0249428749084473
        ]
    ],
    "lowlevel.zerocrossingrate.mean": [
        0.43177303671836853
    ],
    "lowlevel.spectral_energyband_low.mean": [
        0.005954565014690161
    ],
    "lowlevel.spectral_energyband_middle_low.mean": [
        0.057035304605960846
    ],
    "lowlevel.spectral_energyband_middle_high.mean": [
        0.011415078304708004
    ],
    "lowlevel.spectral_energyband_high.mean": [
        0.010554787702858448
    ],
    "lowlevel.pitch_salience_mean": [
        0.7715440392494202
    ],
    "lowlevel.inharmonicity.mean": [
        0.13796372711658478
    ],
    "sfx.logattacktime.mean": [
        -3.5652573108673096
    ],
    "lowlevel.lpc": [
        [
            1.0,
            -1.6874431371688843,
            1.60303795337677,
            -1.4846971035003662,
            1.4748015403747559,
            -1.5433847904205322,
            1.2052198648452759,
            -0.8729135990142822,
            0.6969515085220337,
            -0.547653317451477,
            0.19461271166801453
        ]
    ],
    "lowlevel.spectralcentroid": [
        2788.064697265625
    ]
}