{
    "lowlevel.hfc.mean": [
        0.14205069839954376
    ],
    "lowlevel.mfcc.mean": [
        [
            -1085.8524169921875,
            93.0966567993164,
            3.6243414878845215,
            -8.399895668029785,
            4.520860195159912,
            7.4967732429504395,
            -5.828434944152832,
            -2.6627750396728516,
            -0.07293921709060669,
            1.2181147336959839,
            -5.927228927612305,
            -5.512767791748047,
            0.3197666108608246
        ]
    ],
    "lowlevel.zerocrossingrate.mean": [
        0.18647204339504242
    ],
    "lowlevel.spectral_energyband_low.mean": [
        4.595618520397693e-05
    ],
    "lowlevel.spectral_energyband_middle_low.mean": [
        0.00018392749188933522
    ],
    "lowlevel.spectral_energyband_middle_high.mean": [
        3.347502206452191e-05
    ],
    "lowlevel.spectral_energyband_high.mean": [
        6.64965000396478e-07
    ],
    "lowlevel.pitch_salience_mean": [
        0.7366883754730225
    ],
    "lowlevel.inharmonicity.mean": [
        0.12009578943252563
    ],
    "sfx.logattacktime.mean": [
        -3.000985860824585
    ],
    "lowlevel.lpc": [
        [
            1.0,
            -1.6944444179534912,
            0.9579967856407166,
            -0.7044606804847717,
            0.6826936602592468,
            -0.6087730526924133,
            0.5762909054756165,
            -0.31968265771865845,
            0.3331829309463501,
            -0.23792220652103424,
            0.02715853415429592
        ]
    ],
    "lowlevel.spectralcentroid": [
        776.7874145507812
    ]
}