{
    "lowlevel.hfc.mean": [
        9.037335257744417e-05
    ],
    "lowlevel.mfcc.mean": [
        [
            -1250.4053955078125,
            13.357391357421875,
            2.584798574447632,
            0.3376215994358063,
            2.0178706645965576,
            0.7212271690368652,
            -1.7521861791610718,
            -2.039210319519043,
            -0.9067032337188721,
            -0.6967183351516724,
            -1.3576604127883911,
            -1.3634196519851685,
            -0.5174476504325867
        ]
    ],
    "lowlevel.zerocrossingrate.mean": [
        0.42277446389198303
    ],
    "lowlevel.spectral_energyband_low.mean": [
        1.269550509164219e-08
    ],
    "lowlevel.spectral_energyband_middle_low.mean": [
        1.033860925758745e-07
    ],
    "lowlevel.spectral_energyband_middle_high.mean": [
        2.4418440602858027e-08
    ],
    "lowlevel.spectral_energyband_high.mean": [
        2.0206871731431875e-09
    ],
    "lowlevel.pitch_salience_mean": [
        0.8016964197158813
    ],
    "lowlevel.inharmonicity.mean": [
        0.13917678594589233
    ],
    "sfx.logattacktime.mean": [
        -3.603024482727051
    ],
    "lowlevel.lpc": [
        [
            1.0,
            -1.1217856407165527,
            0.018457088619470596,
            0.001883265096694231,
            0.12427191436290741,
            -0.11862410604953766,
            0.18757161498069763,
            -0.08604490011930466,
            0.1012200117111206,
            -0.07564200460910797,
            -0.005534729920327663
        ]
    ],
    "lowlevel.spectralcentroid": [
        1051.699462890625
    ]
}