{
    "lowlevel.hfc.mean": [
        0.007525397464632988
    ],
    "lowlevel.mfcc.mean": [
        [
            -1243.248046875,
            13.719472885131836,
            1.6886171102523804,
            -2.069899320602417,
            -0.8985847234725952,
            1.1187763214111328,
            0.9162014126777649,
            -0.02917562983930111,
            -0.33175134658813477,
            -0.4228287637233734,
            -0.7084360718727112,
            -0.35378652811050415,
            -0.2548145651817322
        ]
    ],
    "lowlevel.zerocrossingrate.mean": [
        0.4588721990585327
    ],
    "lowlevel.spectral_energyband_low.mean": [
        2.034773388004396e-06
    ],
    "lowlevel.spectral_energyband_middle_low.mean": [
        7.912892215244938e-06
    ],
    "lowlevel.spectral_energyband_middle_high.mean": [
        3.5915129501518095e-06
    ],
    "lowlevel.spectral_energyband_high.mean": [
        2.8478400082576627e-08
    ],
    "lowlevel.pitch_salience_mean": [
        0.8000625967979431
    ],
    "lowlevel.inharmonicity.mean": [
        0.1616704761981964
    ],
    "sfx.logattacktime.mean": [
        -3.0762405395507812
    ],
    "lowlevel.lpc": [
        [
            1.0,
            -1.3412948846817017,
            0.3056909441947937,
            -0.23665517568588257,
            0.0692901462316513,
            0.12276386469602585,
            0.12305007129907608,
            -0.09634716063737869,
            0.23059654235839844,
            -0.08179844915866852,
            -0.07909796386957169
        ]
    ],
    "lowlevel.spectralcentroid": [
        777.635498046875
    ]
}