{
    "lowlevel.hfc.mean": [
        0.10266860574483871
    ],
    "lowlevel.mfcc.mean": [
        [
            -1153.72216796875,
            56.97881317138672,
            -3.725651979446411,
            -9.7670259475708,
            -0.179520845413208,
            0.1752503365278244,
            -7.219614505767822,
            -4.247120380401611,
            -1.5174413919448853,
            -0.9914076328277588,
            -4.315254211425781,
            -2.9202253818511963,
            -0.1598709225654602
        ]
    ],
    "lowlevel.zerocrossingrate.mean": [
        0.32334116101264954
    ],
    "lowlevel.spectral_energyband_low.mean": [
        7.0721844167564996e-06
    ],
    "lowlevel.spectral_energyband_middle_low.mean": [
        0.00013240663975011557
    ],
    "lowlevel.spectral_energyband_middle_high.mean": [
        2.20076362893451e-05
    ],
    "lowlevel.spectral_energyband_high.mean": [
        5.675655074810493e-07
    ],
    "lowlevel.pitch_salience_mean": [
        0.7656130790710449
    ],
    "lowlevel.inharmonicity.mean": [
        0.1620570570230484
    ],
    "sfx.logattacktime.mean": [
        -5.0
    ],
    "lowlevel.lpc": [
        [
            1.0,
            -1.4086107015609741,
            0.39518260955810547,
            -0.3543035686016083,
            0.48979711532592773,
            -0.26780012249946594,
            0.30143365263938904,
            -0.20340582728385925,
            0.1726127713918686,
            -0.10955338180065155,
            0.003345922566950321
        ]
    ],
    "lowlevel.spectralcentroid": [
        828.0445556640625
    ]
}