{
    "lowlevel.hfc.mean": [
        157.0970001220703
    ],
    "lowlevel.mfcc.mean": [
        [
            -1080.25390625,
            -5.638455867767334,
            6.575675010681152,
            4.252717018127441,
            1.4072922468185425,
            -2.318857431411743,
            -4.044182300567627,
            -4.979101181030273,
            -5.644632339477539,
            -6.008038520812988,
            -5.18156099319458,
            -2.0067760944366455,
            -0.2726753354072571
        ]
    ],
    "lowlevel.zerocrossingrate.mean": [
        0.42588821053504944
    ],
    "lowlevel.spectral_energyband_low.mean": [
        0.0002779512433335185
    ],
    "lowlevel.spectral_energyband_middle_low.mean": [
        0.047781046479940414
    ],
    "lowlevel.spectral_energyband_middle_high.mean": [
        0.0034665297716856003
    ],
    "lowlevel.spectral_energyband_high.mean": [
        0.01526065543293953
    ],
    "lowlevel.pitch_salience_mean": [
        0.7828137278556824
    ],
    "lowlevel.inharmonicity.mean": [
        0.135507270693779
    ],
    "sfx.logattacktime.mean": [
        -2.209869623184204
    ],
    "lowlevel.lpc": [
        [
            1.0,
            -1.5927506685256958,
            2.0498244762420654,
            -2.3274755477905273,
            2.1320457458496094,
            -2.119224786758423,
            1.7258974313735962,
            -1.4872019290924072,
            1.0220534801483154,
            -0.6279138326644897,
            0.26387250423431396
        ]
    ],
    "lowlevel.spectralcentroid": [
        4028.3046875
    ]
}