{
    "lowlevel.hfc.mean": [
        0.03728287294507027
    ],
    "lowlevel.mfcc.mean": [
        [
            -1218.5567626953125,
            24.055362701416016,
            7.354662895202637,
            7.234029293060303,
            -0.5777643322944641,
            0.3431004583835602,
            0.17870445549488068,
            -1.159174919128418,
            -0.07433891296386719,
            -1.163020133972168,
            -1.417663335800171,
            0.44414204359054565,
            1.6072486639022827
        ]
    ],
    "lowlevel.zerocrossingrate.mean": [
        0.4270263612270355
    ],
    "lowlevel.spectral_energyband_low.mean": [
        7.688537880312651e-05
    ],
    "lowlevel.spectral_energyband_middle_low.mean": [
        9.64658975135535e-05
    ],
    "lowlevel.spectral_energyband_middle_high.mean": [
        2.184221102652373e-06
    ],
    "lowlevel.spectral_energyband_high.mean": [
        3.447877645612607e-07
    ],
    "lowlevel.pitch_salience_mean": [
        0.8009222745895386
    ],
    "lowlevel.inharmonicity.mean": [
        0.18614688515663147
    ],
    "sfx.logattacktime.mean": [
        -3.690186023712158
    ],
    "lowlevel.lpc": [
        [
            1.0,
            -1.4688152074813843,
            0.49283358454704285,
            -0.2558571696281433,
            0.4700886309146881,
            -0.32222315669059753,
            0.1763734370470047,
            -0.30188384652137756,
            0.25612443685531616,
            -0.24451009929180145,
            0.20329901576042175
        ]
    ],
    "lowlevel.spectralcentroid": [
        348.09661865234375
    ]
}