{
    "lowlevel.hfc.mean": [
        0.22277531027793884
    ],
    "lowlevel.mfcc.mean": [
        [
            -1072.9315185546875,
            86.55421447753906,
            1.8638312816619873,
            1.688254952430725,
            4.434301853179932,
            1.8104705810546875,
            -7.87313175201416,
            -4.1899542808532715,
            -0.33926549553871155,
            -1.8181705474853516,
            -6.208581924438477,
            -1.6826553344726562,
            1.6001113653182983
        ]
    ],
    "lowlevel.zerocrossingrate.mean": [
        0.23648682236671448
    ],
    "lowlevel.spectral_energyband_low.mean": [
        0.00013153180771041662
    ],
    "lowlevel.spectral_energyband_middle_low.mean": [
        0.00031543985824100673
    ],
    "lowlevel.spectral_energyband_middle_high.mean": [
        5.145549221197143e-05
    ],
    "lowlevel.spectral_energyband_high.mean": [
        1.2873347259301227e-06
    ],
    "lowlevel.pitch_salience_mean": [
        0.7512279748916626
    ],
    "lowlevel.inharmonicity.mean": [
        0.15713876485824585
    ],
    "sfx.logattacktime.mean": [
        -1.814491868019104
    ],
    "lowlevel.lpc": [
        [
            1.0,
            -1.5111051797866821,
            0.5245436429977417,
            -0.3939513862133026,
            0.5801956057548523,
            -0.38317418098449707,
            0.31638553738594055,
            -0.20351386070251465,
            0.2885006070137024,
            -0.26233258843421936,
            0.05455293133854866
        ]
    ],
    "lowlevel.spectralcentroid": [
        722.3226928710938
    ]
}