{
    "lowlevel.hfc.mean": [
        53.147186279296875
    ],
    "lowlevel.mfcc.mean": [
        [
            -1047.26318359375,
            14.649188041687012,
            -88.77981567382812,
            -5.714880466461182,
            -22.54306983947754,
            -11.531707763671875,
            -7.361777305603027,
            -0.9596433043479919,
            4.586544036865234,
            11.72957706451416,
            20.441471099853516,
            20.928165435791016,
            11.138565063476562
        ]
    ],
    "lowlevel.zerocrossingrate.mean": [
        0.29148808121681213
    ],
    "lowlevel.spectral_energyband_low.mean": [
        7.995233630708753e-08
    ],
    "lowlevel.spectral_energyband_middle_low.mean": [
        0.00525367446243763
    ],
    "lowlevel.spectral_energyband_middle_high.mean": [
        0.03472181409597397
    ],
    "lowlevel.spectral_energyband_high.mean": [
        0.0001143030749517493
    ],
    "lowlevel.pitch_salience_mean": [
        0.7564663290977478
    ],
    "lowlevel.inharmonicity.mean": [
        0.09602846950292587
    ],
    "sfx.logattacktime.mean": [
        -1.619951844215393
    ],
    "lowlevel.lpc": [
        [
            1.0,
            -3.4107439517974854,
            4.4171552658081055,
            -2.4040942192077637,
            0.24539311230182648,
            0.1343303769826889,
            0.011660508811473846,
            0.03971463441848755,
            0.05951300263404846,
            -0.1588924676179886,
            0.07511372864246368
        ]
    ],
    "lowlevel.spectralcentroid": [
        1433.573974609375
    ]
}