{
    "lowlevel.hfc.mean": [
        4.5281524658203125
    ],
    "lowlevel.mfcc.mean": [
        [
            -958.43212890625,
            50.089088439941406,
            -59.341209411621094,
            1.5913658142089844,
            -9.778806686401367,
            -18.014678955078125,
            -13.455602645874023,
            -10.146248817443848,
            -15.266833305358887,
            -5.3971076011657715,
            -18.919055938720703,
            -8.062422752380371,
            23.198833465576172
        ]
    ],
    "lowlevel.zerocrossingrate.mean": [
        0.1674148589372635
    ],
    "lowlevel.spectral_energyband_low.mean": [
        6.066593982723134e-07
    ],
    "lowlevel.spectral_energyband_middle_low.mean": [
        0.004375068936496973
    ],
    "lowlevel.spectral_energyband_middle_high.mean": [
        0.0015330221503973007
    ],
    "lowlevel.spectral_energyband_high.mean": [
        1.3521488654077984e-05
    ],
    "lowlevel.pitch_salience_mean": [
        0.5511733293533325
    ],
    "lowlevel.inharmonicity.mean": [
        0.05394908785820007
    ],
    "sfx.logattacktime.mean": [
        -0.23125620186328888
    ],
    "lowlevel.lpc": [
        [
            1.0,
            -3.343961477279663,
            5.0128021240234375,
            -4.850744247436523,
            3.7224466800689697,
            -2.5246076583862305,
            1.694292426109314,
            -1.1466543674468994,
            0.6170535087585449,
            -0.22502510249614716,
            0.04970761388540268
        ]
    ],
    "lowlevel.spectralcentroid": [
        1058.929931640625
    ]
}