{
    "lowlevel.hfc.mean": [
        9.765013828655356e-07
    ],
    "lowlevel.mfcc.mean": [
        [
            -1264.15771484375,
            0.9502006769180298,
            0.673148512840271,
            0.3635927140712738,
            0.14105653762817383,
            0.04472503811120987,
            0.03012409247457981,
            0.026823092252016068,
            -0.0019104003440588713,
            -0.04080257564783096,
            -0.052303433418273926,
            -0.019581055268645287,
            0.03573665767908096
        ]
    ],
    "lowlevel.zerocrossingrate.mean": [
        0.4891906678676605
    ],
    "lowlevel.spectral_energyband_low.mean": [
        1.5328645019963005e-09
    ],
    "lowlevel.spectral_energyband_middle_low.mean": [
        1.6612069497767834e-09
    ],
    "lowlevel.spectral_energyband_middle_high.mean": [
        1.6765273891383714e-10
    ],
    "lowlevel.spectral_energyband_high.mean": [
        1.937497037807212e-11
    ],
    "lowlevel.pitch_salience_mean": [
        0.7910152673721313
    ],
    "lowlevel.inharmonicity.mean": [
        0.16869325935840607
    ],
    "sfx.logattacktime.mean": [
        -2.7468175888061523
    ],
    "lowlevel.lpc": [
        [
            1.0,
            -1.068378210067749,
            0.012171240523457527,
            0.006570877507328987,
            0.014806479215621948,
            0.021581348031759262,
            -0.03480220586061478,
            -0.016467224806547165,
            0.044298551976680756,
            -0.013697218149900436,
            0.04455984756350517
        ]
    ],
    "lowlevel.spectralcentroid": [
        763.3015747070312
    ]
}