{
    "lowlevel.hfc.mean": [
        2.059767007827759
    ],
    "lowlevel.mfcc.mean": [
        [
            -933.7653198242188,
            189.0174560546875,
            0.008605976589024067,
            24.33991241455078,
            8.621519088745117,
            -17.224132537841797,
            -9.126546859741211,
            -2.2962985038757324,
            -6.932170391082764,
            -10.79726505279541,
            -3.6607611179351807,
            -1.2620158195495605,
            -5.463299751281738
        ]
    ],
    "lowlevel.zerocrossingrate.mean": [
        0.12527282536029816
    ],
    "lowlevel.spectral_energyband_low.mean": [
        0.0024165615905076265
    ],
    "lowlevel.spectral_energyband_middle_low.mean": [
        0.007083510048687458
    ],
    "lowlevel.spectral_energyband_middle_high.mean": [
        0.00010349397052777931
    ],
    "lowlevel.spectral_energyband_high.mean": [
        5.583769961958751e-07
    ],
    "lowlevel.pitch_salience_mean": [
        0.7473726868629456
    ],
    "lowlevel.inharmonicity.mean": [
        0.08569537103176117
    ],
    "sfx.logattacktime.mean": [
        -0.9313682913780212
    ],
    "lowlevel.lpc": [
        [
            1.0,
            -2.340749502182007,
            1.816941261291504,
            -0.7816020250320435,
            0.4474339485168457,
            0.026740310713648796,
            -0.1379968225955963,
            -0.0763622298836708,
            0.057081595063209534,
            -0.10653579235076904,
            0.0967838317155838
        ]
    ],
    "lowlevel.spectralcentroid": [
        338.5257263183594
    ]
}