{
    "lowlevel.hfc.mean": [
        0.00013375644630286843
    ],
    "lowlevel.mfcc.mean": [
        [
            -1262.143310546875,
            1.2228879928588867,
            -0.02165103703737259,
            -0.14466434717178345,
            -0.23392930626869202,
            -0.08552107214927673,
            0.026479316875338554,
            0.11184848099946976,
            0.019459746778011322,
            -0.08400879800319672,
            -0.08115126192569733,
            0.08161187916994095,
            0.08790159225463867
        ]
    ],
    "lowlevel.zerocrossingrate.mean": [
        0.49129506945610046
    ],
    "lowlevel.spectral_energyband_low.mean": [
        4.570547496030031e-09
    ],
    "lowlevel.spectral_energyband_middle_low.mean": [
        3.7836958455272907e-08
    ],
    "lowlevel.spectral_energyband_middle_high.mean": [
        4.0805602452564926e-08
    ],
    "lowlevel.spectral_energyband_high.mean": [
        5.8346873998971205e-09
    ],
    "lowlevel.pitch_salience_mean": [
        0.793423593044281
    ],
    "lowlevel.inharmonicity.mean": [
        0.16333836317062378
    ],
    "sfx.logattacktime.mean": [
        -3.690186023712158
    ],
    "lowlevel.lpc": [
        [
            1.0,
            -0.9380256533622742,
            -0.02264522947371006,
            -0.004606880247592926,
            0.025090577080845833,
            -0.02698216401040554,
            0.031656380742788315,
            -0.02462916076183319,
            0.027707841247320175,
            -0.01992039382457733,
            0.04929317161440849
        ]
    ],
    "lowlevel.spectralcentroid": [
        2209.644287109375
    ]
}