{
    "lowlevel.hfc.mean": [
        57.284915924072266
    ],
    "lowlevel.mfcc.mean": [
        [
            -867.6829833984375,
            99.28765106201172,
            -67.32276153564453,
            -5.56952428817749,
            -23.92106819152832,
            -20.6885929107666,
            -9.165963172912598,
            -12.389654159545898,
            -19.213951110839844,
            -7.055384159088135,
            -4.4720354080200195,
            -5.284362316131592,
            6.109258651733398
        ]
    ],
    "lowlevel.zerocrossingrate.mean": [
        0.19779089093208313
    ],
    "lowlevel.spectral_energyband_low.mean": [
        1.2358886124275159e-05
    ],
    "lowlevel.spectral_energyband_middle_low.mean": [
        0.06617899984121323
    ],
    "lowlevel.spectral_energyband_middle_high.mean": [
        0.020749475806951523
    ],
    "lowlevel.spectral_energyband_high.mean": [
        4.596522921929136e-05
    ],
    "lowlevel.pitch_salience_mean": [
        0.5587393641471863
    ],
    "lowlevel.inharmonicity.mean": [
        0.07219009101390839
    ],
    "sfx.logattacktime.mean": [
        -0.237932488322258
    ],
    "lowlevel.lpc": [
        [
            1.0,
            -3.0463640689849854,
            3.5759379863739014,
            -2.2740063667297363,
            1.370261788368225,
            -0.9764872789382935,
            0.5612276792526245,
            -0.5162033438682556,
            0.4857454299926758,
            -0.211851567029953,
            0.035441942512989044
        ]
    ],
    "lowlevel.spectralcentroid": [
        864.17626953125
    ]
}