{
    "lowlevel.hfc.mean": [
        1.1515785445226356e-06
    ],
    "lowlevel.mfcc.mean": [
        [
            -1264.363525390625,
            0.6529656052589417,
            0.39552465081214905,
            0.18821512162685394,
            0.0979224368929863,
            0.06574473530054092,
            0.036098662763834,
            0.009222682565450668,
            -0.010900208726525307,
            -0.03482610359787941,
            -0.05463330075144768,
            -0.04586496576666832,
            -0.006288338452577591
        ]
    ],
    "lowlevel.zerocrossingrate.mean": [
        0.4940328299999237
    ],
    "lowlevel.spectral_energyband_low.mean": [
        1.1960836765467775e-09
    ],
    "lowlevel.spectral_energyband_middle_low.mean": [
        1.3696428435849839e-09
    ],
    "lowlevel.spectral_energyband_middle_high.mean": [
        2.0812564172079107e-10
    ],
    "lowlevel.spectral_energyband_high.mean": [
        4.024806182778562e-11
    ],
    "lowlevel.pitch_salience_mean": [
        0.7918636202812195
    ],
    "lowlevel.inharmonicity.mean": [
        0.17441345751285553
    ],
    "sfx.logattacktime.mean": [
        -5.0
    ],
    "lowlevel.lpc": [
        [
            1.0,
            -0.9985762238502502,
            0.036124736070632935,
            -0.04393289238214493,
            -0.01077303010970354,
            0.030638299882411957,
            -0.00675872340798378,
            -0.022615212947130203,
            0.011006847023963928,
            0.009726395830512047,
            0.011015077121555805
        ]
    ],
    "lowlevel.spectralcentroid": [
        1040.6314697265625
    ]
}