{
    "lowlevel.hfc.mean": [
        258.21148681640625
    ],
    "lowlevel.mfcc.mean": [
        [
            -981.5408935546875,
            100.9507064819336,
            -71.45384216308594,
            -28.39176368713379,
            -22.276588439941406,
            -33.598941802978516,
            -27.429645538330078,
            -9.794833183288574,
            13.227293968200684,
            28.879602432250977,
            20.553619384765625,
            14.187960624694824,
            8.965645790100098
        ]
    ],
    "lowlevel.zerocrossingrate.mean": [
        0.19973745942115784
    ],
    "lowlevel.spectral_energyband_low.mean": [
        1.2452237569959834e-06
    ],
    "lowlevel.spectral_energyband_middle_low.mean": [
        0.40364331007003784
    ],
    "lowlevel.spectral_energyband_middle_high.mean": [
        0.01012825034558773
    ],
    "lowlevel.spectral_energyband_high.mean": [
        7.72618568589678e-06
    ],
    "lowlevel.pitch_salience_mean": [
        0.40333035588264465
    ],
    "lowlevel.inharmonicity.mean": [
        0.06473863124847412
    ],
    "sfx.logattacktime.mean": [
        -0.5204237103462219
    ],
    "lowlevel.lpc": [
        [
            1.0,
            -2.0645296573638916,
            0.8024069666862488,
            0.30193254351615906,
            0.13172900676727295,
            -0.03317937254905701,
            0.016207074746489525,
            -0.08426809310913086,
            -0.09888356924057007,
            -0.15113866329193115,
            0.18483997881412506
        ]
    ],
    "lowlevel.spectralcentroid": [
        648.5892333984375
    ]
}