{
    "lowlevel.hfc.mean": [
        73.87755584716797
    ],
    "lowlevel.mfcc.mean": [
        [
            -1145.9578857421875,
            28.666399002075195,
            -6.137598991394043,
            -5.974277019500732,
            -7.388601779937744,
            -6.332834243774414,
            -4.972859859466553,
            -1.4202107191085815,
            2.039132833480835,
            5.073389053344727,
            4.103995323181152,
            2.2060980796813965,
            0.6173199415206909
        ]
    ],
    "lowlevel.zerocrossingrate.mean": [
        0.3939897418022156
    ],
    "lowlevel.spectral_energyband_low.mean": [
        0.00010164575360249728
    ],
    "lowlevel.spectral_energyband_middle_low.mean": [
        0.1172061488032341
    ],
    "lowlevel.spectral_energyband_middle_high.mean": [
        0.002225237200036645
    ],
    "lowlevel.spectral_energyband_high.mean": [
        5.959581903880462e-05
    ],
    "lowlevel.pitch_salience_mean": [
        0.7307482361793518
    ],
    "lowlevel.inharmonicity.mean": [
        0.1499931961297989
    ],
    "sfx.logattacktime.mean": [
        -2.1601383686065674
    ],
    "lowlevel.lpc": [
        [
            1.0,
            -1.3447952270507812,
            0.1044580489397049,
            0.08750122040510178,
            0.07095347344875336,
            0.052330974489450455,
            0.03527120128273964,
            0.012921586632728577,
            -0.005108046345412731,
            -0.019369542598724365,
            0.02519078552722931
        ]
    ],
    "lowlevel.spectralcentroid": [
        656.6670532226562
    ]
}