{
    "lowlevel.hfc.mean": [
        4.439988136291504
    ],
    "lowlevel.mfcc.mean": [
        [
            -1032.952880859375,
            44.06389617919922,
            -90.06202697753906,
            -38.52056884765625,
            -19.478910446166992,
            -16.977853775024414,
            -11.752931594848633,
            18.91183853149414,
            35.84139633178711,
            7.273029804229736,
            -12.490330696105957,
            -10.203730583190918,
            -14.765899658203125
        ]
    ],
    "lowlevel.zerocrossingrate.mean": [
        0.1576271802186966
    ],
    "lowlevel.spectral_energyband_low.mean": [
        4.416563470499568e-08
    ],
    "lowlevel.spectral_energyband_middle_low.mean": [
        0.00441683828830719
    ],
    "lowlevel.spectral_energyband_middle_high.mean": [
        0.0019190494203940034
    ],
    "lowlevel.spectral_energyband_high.mean": [
        1.3900764770369278e-06
    ],
    "lowlevel.pitch_salience_mean": [
        0.3938990533351898
    ],
    "lowlevel.inharmonicity.mean": [
        0.05093296244740486
    ],
    "sfx.logattacktime.mean": [
        -1.5304951667785645
    ],
    "lowlevel.lpc": [
        [
            1.0,
            -2.967005729675293,
            3.897352457046509,
            -3.878175973892212,
            3.48984956741333,
            -2.368147134780884,
            1.5683567523956299,
            -1.3062348365783691,
            0.9291722774505615,
            -0.5678271651268005,
            0.2113029807806015
        ]
    ],
    "lowlevel.spectralcentroid": [
        981.6542358398438
    ]
}